{
    "pools": [
        {
            "rolls": 1,
            "entries": [
			    {
				  "type": "item",
				  "name": "minecraft:iron_sword",
				  "weight": 60
				},
				{
				  "type": "item",
				  "name": "minecraft:iron_axe",
				  "weight": 60
				},
                {
				  "type": "item",
				  "name": "minecraft:iron_sword",
				  "weight": 40,
				  "functions": [
					{
					  "function": "set_nbt",
					  "tag": "{display:{Name:\"{\\\"translate\\\":\\\"item.minecraft.iron_sword\\\",\\\"color\\\":\\\"gray\\\"}\"},AttributeModifiers:[{AttributeName:\"generic.attackSpeed\",Name:\"generic.attackSpeed\",Amount:-3.75,Operation:0,UUIDMost:76882,UUIDLeast:365742,Slot:\"mainhand\"},{AttributeName:\"generic.attackDamage\",Name:\"generic.attackDamage\",Amount:6,Operation:0,UUIDMost:2895,UUIDLeast:526342,Slot:\"mainhand\"}]}"
					}
				  ]
				},
				{
				  "type": "item",
				  "name": "minecraft:iron_sword",
				  "weight": 40,
				  "functions": [
					{
					  "function": "set_nbt",
					  "tag": "{display:{Name:\"{\\\"translate\\\":\\\"item.minecraft.iron_sword\\\",\\\"color\\\":\\\"gray\\\"}\"},AttributeModifiers:[{AttributeName:\"generic.attackSpeed\",Name:\"generic.attackSpeed\",Amount:-3.5,Operation:0,UUIDMost:76883,UUIDLeast:365742,Slot:\"mainhand\"},{AttributeName:\"generic.attackDamage\",Name:\"generic.attackDamage\",Amount:6,Operation:0,UUIDMost:2896,UUIDLeast:526342,Slot:\"mainhand\"}]}"
					}
				  ]
				},
				{
				  "type": "item",
				  "name": "minecraft:iron_sword",
				  "weight": 40,
				  "functions": [
					{
					  "function": "set_nbt",
					  "tag": "{display:{Name:\"{\\\"translate\\\":\\\"item.minecraft.iron_sword\\\",\\\"color\\\":\\\"gray\\\"}\"},AttributeModifiers:[{AttributeName:\"generic.attackSpeed\",Name:\"generic.attackSpeed\",Amount:-3,Operation:0,UUIDMost:76884,UUIDLeast:365742,Slot:\"mainhand\"},{AttributeName:\"generic.attackDamage\",Name:\"generic.attackDamage\",Amount:6,Operation:0,UUIDMost:2897,UUIDLeast:526342,Slot:\"mainhand\"}]}"
					}
				  ]
				},
				{
				  "type": "item",
				  "name": "minecraft:iron_axe",
				  "weight": 40,
				  "functions": [
					{
					  "function": "set_nbt",
					  "tag": "{display:{Name:\"{\\\"translate\\\":\\\"item.minecraft.iron_axe\\\",\\\"color\\\":\\\"gray\\\"}\"},AttributeModifiers:[{AttributeName:\"generic.attackSpeed\",Name:\"generic.attackSpeed\",Amount:-3.8,Operation:0,UUIDMost:23280,UUIDLeast:537117,Slot:\"mainhand\"},{AttributeName:\"generic.attackDamage\",Name:\"generic.attackDamage\",Amount:9,Operation:0,UUIDMost:60879,UUIDLeast:844767,Slot:\"mainhand\"}]}"
					}
				  ]
				},
				{
				  "type": "item",
				  "name": "minecraft:iron_axe",
				  "weight": 40,
				  "functions": [
					{
					  "function": "set_nbt",
					  "tag": "{display:{Name:\"{\\\"translate\\\":\\\"item.minecraft.iron_axe\\\",\\\"color\\\":\\\"gray\\\"}\"},AttributeModifiers:[{AttributeName:\"generic.attackSpeed\",Name:\"generic.attackSpeed\",Amount:-3.6,Operation:0,UUIDMost:23281,UUIDLeast:537117,Slot:\"mainhand\"},{AttributeName:\"generic.attackDamage\",Name:\"generic.attackDamage\",Amount:9,Operation:0,UUIDMost:60870,UUIDLeast:844767,Slot:\"mainhand\"}]}"
					}
				  ]
				},
				{
				  "type": "item",
				  "name": "minecraft:iron_axe",
				  "weight": 40,
				  "functions": [
					{
					  "function": "set_nbt",
					  "tag": "{display:{Name:\"{\\\"translate\\\":\\\"item.minecraft.iron_axe\\\",\\\"color\\\":\\\"gray\\\"}\"},AttributeModifiers:[{AttributeName:\"generic.attackSpeed\",Name:\"generic.attackSpeed\",Amount:-3.4,Operation:0,UUIDMost:23282,UUIDLeast:537117,Slot:\"mainhand\"},{AttributeName:\"generic.attackDamage\",Name:\"generic.attackDamage\",Amount:9,Operation:0,UUIDMost:60871,UUIDLeast:844767,Slot:\"mainhand\"}]}"
					}
				  ]
				},
				{
				  "type": "item",
				  "name": "minecraft:iron_axe",
				  "weight": 6,
				  "functions": [
					{
					  "function": "set_nbt",
					  "tag": "{display:{Name:\"{\\\"translate\\\":\\\"item.minecraft.iron_axe\\\",\\\"color\\\":\\\"green\\\"}\"},AttributeModifiers:[{AttributeName:\"generic.attackDamage\",Name:\"generic.attackDamage\",Amount:9,Operation:0,UUIDMost:93312,UUIDLeast:741437,Slot:\"mainhand\"},{AttributeName:\"generic.attackSpeed\",Name:\"generic.attackSpeed\",Amount:-3.1,Operation:0,UUIDMost:60241,UUIDLeast:54873,Slot:\"mainhand\"},{AttributeName:\"generic.armor\",Name:\"generic.armor\",Amount:2,Operation:0,UUIDMost:61567,UUIDLeast:648330,Slot:\"mainhand\"}]}"
					}
				  ]
				},
				{
				  "type": "item",
				  "name": "minecraft:iron_axe",
				  "weight": 6,
				  "functions": [
					{
					  "function": "set_nbt",
					  "tag": "{display:{Name:\"{\\\"translate\\\":\\\"item.minecraft.iron_axe\\\",\\\"color\\\":\\\"green\\\"}\"},AttributeModifiers:[{AttributeName:\"generic.attackDamage\",Name:\"generic.attackDamage\",Amount:9,Operation:0,UUIDMost:93313,UUIDLeast:741437,Slot:\"mainhand\"},{AttributeName:\"generic.attackSpeed\",Name:\"generic.attackSpeed\",Amount:-3.1,Operation:0,UUIDMost:60242,UUIDLeast:54873,Slot:\"mainhand\"},{AttributeName:\"generic.knockbackResistance\",Name:\"generic.knockbackResistance\",Amount:0.25,Operation:0,UUIDMost:61568,UUIDLeast:648330,Slot:\"mainhand\"}]}"
					}
				  ]
				},
				{
				  "type": "item",
				  "name": "minecraft:iron_axe",
				  "weight": 6,
				  "functions": [
					{
					  "function": "set_nbt",
					  "tag": "{display:{Name:\"{\\\"translate\\\":\\\"item.minecraft.iron_axe\\\",\\\"color\\\":\\\"green\\\"}\"},AttributeModifiers:[{AttributeName:\"generic.attackDamage\",Name:\"generic.attackDamage\",Amount:9,Operation:0,UUIDMost:93314,UUIDLeast:741437,Slot:\"mainhand\"},{AttributeName:\"generic.attackSpeed\",Name:\"generic.attackSpeed\",Amount:-3.1,Operation:0,UUIDMost:60243,UUIDLeast:54873,Slot:\"mainhand\"},{AttributeName:\"generic.movementSpeed\",Name:\"generic.movementSpeed\",Amount:0.1,Operation:1,UUIDMost:61569,UUIDLeast:648330,Slot:\"mainhand\"}]}"
					}
				  ]
				},
				{
				  "type": "item",
				  "name": "minecraft:iron_axe",
				  "weight": 6,
				  "functions": [
					{
					  "function": "set_nbt",
					  "tag": "{display:{Name:\"{\\\"translate\\\":\\\"item.minecraft.iron_axe\\\",\\\"color\\\":\\\"green\\\"}\"},AttributeModifiers:[{AttributeName:\"generic.attackDamage\",Name:\"generic.attackDamage\",Amount:9,Operation:0,UUIDMost:93315,UUIDLeast:741437,Slot:\"mainhand\"},{AttributeName:\"generic.attackSpeed\",Name:\"generic.attackSpeed\",Amount:-2.2,Operation:0,UUIDMost:60244,UUIDLeast:54873,Slot:\"mainhand\"}]}"
					}
				  ]
				},
				{
				  "type": "item",
				  "name": "minecraft:iron_axe",
				  "weight": 6,
				  "functions": [
					{
					  "function": "set_nbt",
					  "tag": "{display:{Name:\"{\\\"translate\\\":\\\"item.minecraft.iron_axe\\\",\\\"color\\\":\\\"green\\\"}\"},AttributeModifiers:[{AttributeName:\"generic.attackDamage\",Name:\"generic.attackDamage\",Amount:10,Operation:0,UUIDMost:93316,UUIDLeast:741437,Slot:\"mainhand\"},{AttributeName:\"generic.attackSpeed\",Name:\"generic.attackSpeed\",Amount:-3.1,Operation:0,UUIDMost:60245,UUIDLeast:54873,Slot:\"mainhand\"}]}"
					}
				  ]
				},
				{
				  "type": "item",
				  "name": "minecraft:iron_sword",
				  "weight": 6,
				  "functions": [
					{
					  "function": "set_nbt",
					  "tag": "{display:{Name:\"{\\\"translate\\\":\\\"item.minecraft.iron_sword\\\",\\\"color\\\":\\\"green\\\"}\"},AttributeModifiers:[{AttributeName:\"generic.attackDamage\",Name:\"generic.attackDamage\",Amount:6,Operation:0,UUIDMost:93312,UUIDLeast:741436,Slot:\"mainhand\"},{AttributeName:\"generic.attackSpeed\",Name:\"generic.attackSpeed\",Amount:-2.4,Operation:0,UUIDMost:60241,UUIDLeast:54872,Slot:\"mainhand\"},{AttributeName:\"generic.armor\",Name:\"generic.armor\",Amount:2,Operation:0,UUIDMost:61567,UUIDLeast:648338,Slot:\"mainhand\"}]}"
					}
				  ]
				},
				{
				  "type": "item",
				  "name": "minecraft:iron_sword",
				  "weight": 6,
				  "functions": [
					{
					  "function": "set_nbt",
					  "tag": "{display:{Name:\"{\\\"translate\\\":\\\"item.minecraft.iron_sword\\\",\\\"color\\\":\\\"green\\\"}\"},AttributeModifiers:[{AttributeName:\"generic.attackDamage\",Name:\"generic.attackDamage\",Amount:6,Operation:0,UUIDMost:93313,UUIDLeast:741436,Slot:\"mainhand\"},{AttributeName:\"generic.attackSpeed\",Name:\"generic.attackSpeed\",Amount:-2.4,Operation:0,UUIDMost:60242,UUIDLeast:54872,Slot:\"mainhand\"},{AttributeName:\"generic.knockbackResistance\",Name:\"generic.knockbackResistance\",Amount:0.25,Operation:0,UUIDMost:61568,UUIDLeast:648338,Slot:\"mainhand\"}]}"
					}
				  ]
				},
				{
				  "type": "item",
				  "name": "minecraft:iron_sword",
				  "weight": 6,
				  "functions": [
					{
					  "function": "set_nbt",
					  "tag": "{display:{Name:\"{\\\"translate\\\":\\\"item.minecraft.iron_sword\\\",\\\"color\\\":\\\"green\\\"}\"},AttributeModifiers:[{AttributeName:\"generic.attackDamage\",Name:\"generic.attackDamage\",Amount:6,Operation:0,UUIDMost:93314,UUIDLeast:741436,Slot:\"mainhand\"},{AttributeName:\"generic.attackSpeed\",Name:\"generic.attackSpeed\",Amount:-2.4,Operation:0,UUIDMost:60243,UUIDLeast:54872,Slot:\"mainhand\"},{AttributeName:\"generic.movementSpeed\",Name:\"generic.movementSpeed\",Amount:0.1,Operation:1,UUIDMost:61569,UUIDLeast:648338,Slot:\"mainhand\"}]}"
					}
				  ]
				},
				{
				  "type": "item",
				  "name": "minecraft:iron_sword",
				  "weight": 6,
				  "functions": [
					{
					  "function": "set_nbt",
					  "tag": "{display:{Name:\"{\\\"translate\\\":\\\"item.minecraft.iron_sword\\\",\\\"color\\\":\\\"green\\\"}\"},AttributeModifiers:[{AttributeName:\"generic.attackDamage\",Name:\"generic.attackDamage\",Amount:6,Operation:0,UUIDMost:93315,UUIDLeast:741436,Slot:\"mainhand\"},{AttributeName:\"generic.attackSpeed\",Name:\"generic.attackSpeed\",Amount:-0.8,Operation:0,UUIDMost:60244,UUIDLeast:54872,Slot:\"mainhand\"}]}"
					}
				  ]
				},
				{
				  "type": "item",
				  "name": "minecraft:iron_sword",
				  "weight": 6,
				  "functions": [
					{
					  "function": "set_nbt",
					  "tag": "{display:{Name:\"{\\\"translate\\\":\\\"item.minecraft.iron_sword\\\",\\\"color\\\":\\\"green\\\"}\"},AttributeModifiers:[{AttributeName:\"generic.attackDamage\",Name:\"generic.attackDamage\",Amount:7,Operation:0,UUIDMost:93316,UUIDLeast:741436,Slot:\"mainhand\"},{AttributeName:\"generic.attackSpeed\",Name:\"generic.attackSpeed\",Amount:-2.4,Operation:0,UUIDMost:60245,UUIDLeast:54872,Slot:\"mainhand\"}]}"
					}
				  ]
				},
				{
				  "type": "item",
				  "name": "minecraft:iron_sword",
				  "weight": 1,
				  "functions": [
					{
					  "function": "set_nbt",
					  "tag": "{display:{Name:\"{\\\"translate\\\":\\\"item.minecraft.iron_sword\\\",\\\"color\\\":\\\"blue\\\",\\\"italic\\\":\\\"false\\\"}\"},AttributeModifiers:[{AttributeName:\"generic.attackDamage\",Name:\"generic.attackDamage\",Amount:6,Operation:0,UUIDMost:298936,UUIDLeast:681682,Slot:\"mainhand\"},{AttributeName:\"generic.attackSpeed\",Name:\"generic.attackSpeed\",Amount:-2.4,Operation:0,UUIDMost:282267,UUIDLeast:120607,Slot:\"mainhand\"},{AttributeName:\"generic.armor\",Name:\"generic.armor\",Amount:2,Operation:0,UUIDMost:245673,UUIDLeast:754218,Slot:\"mainhand\"},{AttributeName:\"generic.knockbackResistance\",Name:\"generic.knockbackResistance\",Amount:0.25,Operation:0,UUIDMost:235458,UUIDLeast:566741,Slot:\"mainhand\"}]}"
					}
				  ]
				},
				{
				  "type": "item",
				  "name": "minecraft:iron_sword",
				  "weight": 1,
				  "functions": [
					{
					  "function": "set_nbt",
					  "tag": "{display:{Name:\"{\\\"translate\\\":\\\"item.minecraft.iron_sword\\\",\\\"color\\\":\\\"blue\\\",\\\"italic\\\":\\\"false\\\"}\"},AttributeModifiers:[{AttributeName:\"generic.attackDamage\",Name:\"generic.attackDamage\",Amount:6,Operation:0,UUIDMost:298937,UUIDLeast:681682,Slot:\"mainhand\"},{AttributeName:\"generic.attackSpeed\",Name:\"generic.attackSpeed\",Amount:-2.4,Operation:0,UUIDMost:282268,UUIDLeast:120607,Slot:\"mainhand\"},{AttributeName:\"generic.armor\",Name:\"generic.armor\",Amount:2,Operation:0,UUIDMost:245674,UUIDLeast:754218,Slot:\"mainhand\"},{AttributeName:\"generic.movementSpeed\",Name:\"generic.movementSpeed\",Amount:0.1,Operation:1,UUIDMost:235459,UUIDLeast:566741,Slot:\"mainhand\"}]}"
					}
				  ]
				},
				{
				  "type": "item",
				  "name": "minecraft:iron_sword",
				  "weight": 1,
				  "functions": [
					{
					  "function": "set_nbt",
					  "tag": "{display:{Name:\"{\\\"translate\\\":\\\"item.minecraft.iron_sword\\\",\\\"color\\\":\\\"blue\\\",\\\"italic\\\":\\\"false\\\"}\"},AttributeModifiers:[{AttributeName:\"generic.attackDamage\",Name:\"generic.attackDamage\",Amount:6,Operation:0,UUIDMost:298938,UUIDLeast:681682,Slot:\"mainhand\"},{AttributeName:\"generic.attackSpeed\",Name:\"generic.attackSpeed\",Amount:-0.8,Operation:0,UUIDMost:282269,UUIDLeast:120607,Slot:\"mainhand\"},{AttributeName:\"generic.armor\",Name:\"generic.armor\",Amount:2,Operation:0,UUIDMost:245675,UUIDLeast:754218,Slot:\"mainhand\"}]}"
					}
				  ]
				},
				{
				  "type": "item",
				  "name": "minecraft:iron_sword",
				  "weight": 1,
				  "functions": [
					{
					  "function": "set_nbt",
					  "tag": "{display:{Name:\"{\\\"translate\\\":\\\"item.minecraft.iron_sword\\\",\\\"color\\\":\\\"blue\\\",\\\"italic\\\":\\\"false\\\"}\"},AttributeModifiers:[{AttributeName:\"generic.attackDamage\",Name:\"generic.attackDamage\",Amount:7,Operation:0,UUIDMost:298939,UUIDLeast:681682,Slot:\"mainhand\"},{AttributeName:\"generic.attackSpeed\",Name:\"generic.attackSpeed\",Amount:-2.4,Operation:0,UUIDMost:282270,UUIDLeast:120607,Slot:\"mainhand\"},{AttributeName:\"generic.armor\",Name:\"generic.armor\",Amount:2,Operation:0,UUIDMost:245676,UUIDLeast:754218,Slot:\"mainhand\"}]}"
					}
				  ]
				},
				{
				  "type": "item",
				  "name": "minecraft:iron_sword",
				  "weight": 1,
				  "functions": [
					{
					  "function": "set_nbt",
					  "tag": "{display:{Name:\"{\\\"translate\\\":\\\"item.minecraft.iron_sword\\\",\\\"color\\\":\\\"blue\\\",\\\"italic\\\":\\\"false\\\"}\"},AttributeModifiers:[{AttributeName:\"generic.attackDamage\",Name:\"generic.attackDamage\",Amount:6,Operation:0,UUIDMost:298940,UUIDLeast:681682,Slot:\"mainhand\"},{AttributeName:\"generic.attackSpeed\",Name:\"generic.attackSpeed\",Amount:-2.4,Operation:0,UUIDMost:282271,UUIDLeast:120607,Slot:\"mainhand\"},{AttributeName:\"generic.movementSpeed\",Name:\"generic.movementSpeed\",Amount:0.1,Operation:1,UUIDMost:245677,UUIDLeast:754218,Slot:\"mainhand\"},{AttributeName:\"generic.knockbackResistance\",Name:\"generic.knockbackResistance\",Amount:0.25,Operation:0,UUIDMost:235450,UUIDLeast:566741,Slot:\"mainhand\"}]}"
					}
				  ]
				},
				{
				  "type": "item",
				  "name": "minecraft:iron_sword",
				  "weight": 1,
				  "functions": [
					{
					  "function": "set_nbt",
					  "tag": "{display:{Name:\"{\\\"translate\\\":\\\"item.minecraft.iron_sword\\\",\\\"color\\\":\\\"blue\\\",\\\"italic\\\":\\\"false\\\"}\"},AttributeModifiers:[{AttributeName:\"generic.attackDamage\",Name:\"generic.attackDamage\",Amount:6,Operation:0,UUIDMost:298941,UUIDLeast:681682,Slot:\"mainhand\"},{AttributeName:\"generic.attackSpeed\",Name:\"generic.attackSpeed\",Amount:-0.8,Operation:0,UUIDMost:282272,UUIDLeast:120607,Slot:\"mainhand\"},{AttributeName:\"generic.knockbackResistance\",Name:\"generic.knockbackResistance\",Amount:0.25,Operation:0,UUIDMost:245678,UUIDLeast:754218,Slot:\"mainhand\"}]}"
					}
				  ]
				},
				{
				  "type": "item",
				  "name": "minecraft:iron_sword",
				  "weight": 1,
				  "functions": [
					{
					  "function": "set_nbt",
					  "tag": "{display:{Name:\"{\\\"translate\\\":\\\"item.minecraft.iron_sword\\\",\\\"color\\\":\\\"blue\\\",\\\"italic\\\":\\\"false\\\"}\"},AttributeModifiers:[{AttributeName:\"generic.attackDamage\",Name:\"generic.attackDamage\",Amount:7,Operation:0,UUIDMost:298942,UUIDLeast:681682,Slot:\"mainhand\"},{AttributeName:\"generic.attackSpeed\",Name:\"generic.attackSpeed\",Amount:-2.4,Operation:0,UUIDMost:282273,UUIDLeast:120607,Slot:\"mainhand\"},{AttributeName:\"generic.knockbackResistance\",Name:\"generic.knockbackResistance\",Amount:0.25,Operation:0,UUIDMost:245679,UUIDLeast:754218,Slot:\"mainhand\"}]}"
					}
				  ]
				},
				{
				  "type": "item",
				  "name": "minecraft:iron_sword",
				  "weight": 1,
				  "functions": [
					{
					  "function": "set_nbt",
					  "tag": "{display:{Name:\"{\\\"translate\\\":\\\"item.minecraft.iron_sword\\\",\\\"color\\\":\\\"blue\\\",\\\"italic\\\":\\\"false\\\"}\"},AttributeModifiers:[{AttributeName:\"generic.attackDamage\",Name:\"generic.attackDamage\",Amount:6,Operation:0,UUIDMost:298943,UUIDLeast:681682,Slot:\"mainhand\"},{AttributeName:\"generic.attackSpeed\",Name:\"generic.attackSpeed\",Amount:-0.8,Operation:0,UUIDMost:282274,UUIDLeast:120607,Slot:\"mainhand\"},{AttributeName:\"generic.movementSpeed\",Name:\"generic.movementSpeed\",Amount:0.1,Operation:1,UUIDMost:245680,UUIDLeast:754218,Slot:\"mainhand\"}]}"
					}
				  ]
				},
				{
				  "type": "item",
				  "name": "minecraft:iron_sword",
				  "weight": 1,
				  "functions": [
					{
					  "function": "set_nbt",
					  "tag": "{display:{Name:\"{\\\"translate\\\":\\\"item.minecraft.iron_sword\\\",\\\"color\\\":\\\"blue\\\",\\\"italic\\\":\\\"false\\\"}\"},AttributeModifiers:[{AttributeName:\"generic.attackDamage\",Name:\"generic.attackDamage\",Amount:7,Operation:0,UUIDMost:298944,UUIDLeast:681682,Slot:\"mainhand\"},{AttributeName:\"generic.attackSpeed\",Name:\"generic.attackSpeed\",Amount:-2.4,Operation:0,UUIDMost:282275,UUIDLeast:120607,Slot:\"mainhand\"},{AttributeName:\"generic.movementSpeed\",Name:\"generic.movementSpeed\",Amount:0.1,Operation:1,UUIDMost:245681,UUIDLeast:754218,Slot:\"mainhand\"}]}"
					}
				  ]
				},
				{
				  "type": "item",
				  "name": "minecraft:iron_sword",
				  "weight": 1,
				  "functions": [
					{
					  "function": "set_nbt",
					  "tag": "{display:{Name:\"{\\\"translate\\\":\\\"item.minecraft.iron_sword\\\",\\\"color\\\":\\\"blue\\\",\\\"italic\\\":\\\"false\\\"}\"},AttributeModifiers:[{AttributeName:\"generic.attackDamage\",Name:\"generic.attackDamage\",Amount:7,Operation:0,UUIDMost:298945,UUIDLeast:681682,Slot:\"mainhand\"},{AttributeName:\"generic.attackSpeed\",Name:\"generic.attackSpeed\",Amount:-0.8,Operation:0,UUIDMost:282276,UUIDLeast:120607,Slot:\"mainhand\"}]}"
					}
				  ]
				},
				{
				  "type": "item",
				  "name": "minecraft:iron_sword",
				  "weight": 1,
				  "functions": [
					{
					  "function": "set_nbt",
					  "tag": "{display:{Name:\"{\\\"translate\\\":\\\"item.minecraft.iron_sword\\\",\\\"color\\\":\\\"blue\\\",\\\"italic\\\":\\\"false\\\"}\"},AttributeModifiers:[{AttributeName:\"generic.attackDamage\",Name:\"generic.attackDamage\",Amount:6,Operation:0,UUIDMost:298946,UUIDLeast:681682,Slot:\"mainhand\"},{AttributeName:\"generic.attackSpeed\",Name:\"generic.attackSpeed\",Amount:-2.4,Operation:0,UUIDMost:282277,UUIDLeast:120607,Slot:\"mainhand\"},{AttributeName:\"generic.armor\",Name:\"generic.armor\",Amount:4,Operation:0,UUIDMost:245682,UUIDLeast:754218,Slot:\"mainhand\"}]}"
					}
				  ]
				},
				{
				  "type": "item",
				  "name": "minecraft:iron_sword",
				  "weight": 1,
				  "functions": [
					{
					  "function": "set_nbt",
					  "tag": "{display:{Name:\"{\\\"translate\\\":\\\"item.minecraft.iron_sword\\\",\\\"color\\\":\\\"blue\\\",\\\"italic\\\":\\\"false\\\"}\"},AttributeModifiers:[{AttributeName:\"generic.attackDamage\",Name:\"generic.attackDamage\",Amount:6,Operation:0,UUIDMost:298947,UUIDLeast:681682,Slot:\"mainhand\"},{AttributeName:\"generic.attackSpeed\",Name:\"generic.attackSpeed\",Amount:-2.4,Operation:0,UUIDMost:282278,UUIDLeast:120607,Slot:\"mainhand\"},{AttributeName:\"generic.knockbackResistance\",Name:\"generic.knockbackResistance\",Amount:0.5,Operation:0,UUIDMost:245683,UUIDLeast:754218,Slot:\"mainhand\"}]}"
					}
				  ]
				},
				{
				  "type": "item",
				  "name": "minecraft:iron_sword",
				  "weight": 1,
				  "functions": [
					{
					  "function": "set_nbt",
					  "tag": "{display:{Name:\"{\\\"translate\\\":\\\"item.minecraft.iron_sword\\\",\\\"color\\\":\\\"blue\\\",\\\"italic\\\":\\\"false\\\"}\"},AttributeModifiers:[{AttributeName:\"generic.attackDamage\",Name:\"generic.attackDamage\",Amount:6,Operation:0,UUIDMost:298948,UUIDLeast:681682,Slot:\"mainhand\"},{AttributeName:\"generic.attackSpeed\",Name:\"generic.attackSpeed\",Amount:-2.4,Operation:0,UUIDMost:282279,UUIDLeast:120607,Slot:\"mainhand\"},{AttributeName:\"generic.movementSpeed\",Name:\"generic.movementSpeed\",Amount:0.2,Operation:1,UUIDMost:245684,UUIDLeast:754218,Slot:\"mainhand\"}]}"
					}
				  ]
				},
				{
				  "type": "item",
				  "name": "minecraft:iron_sword",
				  "weight": 1,
				  "functions": [
					{
					  "function": "set_nbt",
					  "tag": "{display:{Name:\"{\\\"translate\\\":\\\"item.minecraft.iron_sword\\\",\\\"color\\\":\\\"blue\\\",\\\"italic\\\":\\\"false\\\"}\"},AttributeModifiers:[{AttributeName:\"generic.attackDamage\",Name:\"generic.attackDamage\",Amount:6,Operation:0,UUIDMost:298949,UUIDLeast:681682,Slot:\"mainhand\"},{AttributeName:\"generic.attackSpeed\",Name:\"generic.attackSpeed\",Amount:2.4,Operation:0,UUIDMost:282280,UUIDLeast:120607,Slot:\"mainhand\"}]}"
					}
				  ]
				},
				{
				  "type": "item",
				  "name": "minecraft:iron_sword",
				  "weight": 1,
				  "functions": [
					{
					  "function": "set_nbt",
					  "tag": "{display:{Name:\"{\\\"translate\\\":\\\"item.minecraft.iron_sword\\\",\\\"color\\\":\\\"blue\\\",\\\"italic\\\":\\\"false\\\"}\"},AttributeModifiers:[{AttributeName:\"generic.attackDamage\",Name:\"generic.attackDamage\",Amount:8,Operation:0,UUIDMost:298950,UUIDLeast:681682,Slot:\"mainhand\"},{AttributeName:\"generic.attackSpeed\",Name:\"generic.attackSpeed\",Amount:-2.4,Operation:0,UUIDMost:282281,UUIDLeast:120607,Slot:\"mainhand\"}]}"
					}
				  ]
				},
				{
				  "type": "item",
				  "name": "minecraft:iron_axe",
				  "weight": 1,
				  "functions": [
					{
					  "function": "set_nbt",
					  "tag": "{display:{Name:\"{\\\"translate\\\":\\\"item.minecraft.iron_axe\\\",\\\"color\\\":\\\"blue\\\",\\\"italic\\\":\\\"false\\\"}\"},AttributeModifiers:[{AttributeName:\"generic.attackDamage\",Name:\"generic.attackDamage\",Amount:9,Operation:0,UUIDMost:298936,UUIDLeast:681683,Slot:\"mainhand\"},{AttributeName:\"generic.attackSpeed\",Name:\"generic.attackSpeed\",Amount:-3.1,Operation:0,UUIDMost:282267,UUIDLeast:120608,Slot:\"mainhand\"},{AttributeName:\"generic.armor\",Name:\"generic.armor\",Amount:2,Operation:0,UUIDMost:245673,UUIDLeast:754219,Slot:\"mainhand\"},{AttributeName:\"generic.knockbackResistance\",Name:\"generic.knockbackResistance\",Amount:0.25,Operation:0,UUIDMost:235458,UUIDLeast:566742,Slot:\"mainhand\"}]}"
					}
				  ]
				},
				{
				  "type": "item",
				  "name": "minecraft:iron_axe",
				  "weight": 1,
				  "functions": [
					{
					  "function": "set_nbt",
					  "tag": "{display:{Name:\"{\\\"translate\\\":\\\"item.minecraft.iron_axe\\\",\\\"color\\\":\\\"blue\\\",\\\"italic\\\":\\\"false\\\"}\"},AttributeModifiers:[{AttributeName:\"generic.attackDamage\",Name:\"generic.attackDamage\",Amount:9,Operation:0,UUIDMost:298937,UUIDLeast:681683,Slot:\"mainhand\"},{AttributeName:\"generic.attackSpeed\",Name:\"generic.attackSpeed\",Amount:-3.1,Operation:0,UUIDMost:282268,UUIDLeast:120608,Slot:\"mainhand\"},{AttributeName:\"generic.armor\",Name:\"generic.armor\",Amount:2,Operation:0,UUIDMost:245674,UUIDLeast:754219,Slot:\"mainhand\"},{AttributeName:\"generic.movementSpeed\",Name:\"generic.movementSpeed\",Amount:0.1,Operation:1,UUIDMost:235459,UUIDLeast:566742,Slot:\"mainhand\"}]}"
					}
				  ]
				},
				{
				  "type": "item",
				  "name": "minecraft:iron_axe",
				  "weight": 1,
				  "functions": [
					{
					  "function": "set_nbt",
					  "tag": "{display:{Name:\"{\\\"translate\\\":\\\"item.minecraft.iron_axe\\\",\\\"color\\\":\\\"blue\\\",\\\"italic\\\":\\\"false\\\"}\"},AttributeModifiers:[{AttributeName:\"generic.attackDamage\",Name:\"generic.attackDamage\",Amount:9,Operation:0,UUIDMost:298938,UUIDLeast:681683,Slot:\"mainhand\"},{AttributeName:\"generic.attackSpeed\",Name:\"generic.attackSpeed\",Amount:-3.1,Operation:0,UUIDMost:282269,UUIDLeast:120608,Slot:\"mainhand\"},{AttributeName:\"generic.armor\",Name:\"generic.armor\",Amount:2,Operation:0,UUIDMost:245675,UUIDLeast:754219,Slot:\"mainhand\"}]}"
					}
				  ]
				},
				{
				  "type": "item",
				  "name": "minecraft:iron_axe",
				  "weight": 1,
				  "functions": [
					{
					  "function": "set_nbt",
					  "tag": "{display:{Name:\"{\\\"translate\\\":\\\"item.minecraft.iron_axe\\\",\\\"color\\\":\\\"blue\\\",\\\"italic\\\":\\\"false\\\"}\"},AttributeModifiers:[{AttributeName:\"generic.attackDamage\",Name:\"generic.attackDamage\",Amount:10,Operation:0,UUIDMost:298939,UUIDLeast:681683,Slot:\"mainhand\"},{AttributeName:\"generic.attackSpeed\",Name:\"generic.attackSpeed\",Amount:-3.1,Operation:0,UUIDMost:282270,UUIDLeast:120608,Slot:\"mainhand\"},{AttributeName:\"generic.armor\",Name:\"generic.armor\",Amount:2,Operation:0,UUIDMost:245676,UUIDLeast:754219,Slot:\"mainhand\"}]}"
					}
				  ]
				},
				{
				  "type": "item",
				  "name": "minecraft:iron_axe",
				  "weight": 1,
				  "functions": [
					{
					  "function": "set_nbt",
					  "tag": "{display:{Name:\"{\\\"translate\\\":\\\"item.minecraft.iron_axe\\\",\\\"color\\\":\\\"blue\\\",\\\"italic\\\":\\\"false\\\"}\"},AttributeModifiers:[{AttributeName:\"generic.attackDamage\",Name:\"generic.attackDamage\",Amount:9,Operation:0,UUIDMost:298940,UUIDLeast:681683,Slot:\"mainhand\"},{AttributeName:\"generic.attackSpeed\",Name:\"generic.attackSpeed\",Amount:-3.1,Operation:0,UUIDMost:282271,UUIDLeast:120608,Slot:\"mainhand\"},{AttributeName:\"generic.movementSpeed\",Name:\"generic.movementSpeed\",Amount:0.1,Operation:1,UUIDMost:245677,UUIDLeast:754219,Slot:\"mainhand\"},{AttributeName:\"generic.knockbackResistance\",Name:\"generic.knockbackResistance\",Amount:0.25,Operation:0,UUIDMost:235450,UUIDLeast:566742,Slot:\"mainhand\"}]}"
					}
				  ]
				},
				{
				  "type": "item",
				  "name": "minecraft:iron_axe",
				  "weight": 1,
				  "functions": [
					{
					  "function": "set_nbt",
					  "tag": "{display:{Name:\"{\\\"translate\\\":\\\"item.minecraft.iron_axe\\\",\\\"color\\\":\\\"blue\\\",\\\"italic\\\":\\\"false\\\"}\"},AttributeModifiers:[{AttributeName:\"generic.attackDamage\",Name:\"generic.attackDamage\",Amount:9,Operation:0,UUIDMost:298941,UUIDLeast:681683,Slot:\"mainhand\"},{AttributeName:\"generic.attackSpeed\",Name:\"generic.attackSpeed\",Amount:-2.2,Operation:0,UUIDMost:282272,UUIDLeast:120608,Slot:\"mainhand\"},{AttributeName:\"generic.knockbackResistance\",Name:\"generic.knockbackResistance\",Amount:0.25,Operation:0,UUIDMost:245678,UUIDLeast:754219,Slot:\"mainhand\"}]}"
					}
				  ]
				},
				{
				  "type": "item",
				  "name": "minecraft:iron_axe",
				  "weight": 1,
				  "functions": [
					{
					  "function": "set_nbt",
					  "tag": "{display:{Name:\"{\\\"translate\\\":\\\"item.minecraft.iron_axe\\\",\\\"color\\\":\\\"blue\\\",\\\"italic\\\":\\\"false\\\"}\"},AttributeModifiers:[{AttributeName:\"generic.attackDamage\",Name:\"generic.attackDamage\",Amount:10,Operation:0,UUIDMost:298942,UUIDLeast:681683,Slot:\"mainhand\"},{AttributeName:\"generic.attackSpeed\",Name:\"generic.attackSpeed\",Amount:-3.1,Operation:0,UUIDMost:282273,UUIDLeast:120608,Slot:\"mainhand\"},{AttributeName:\"generic.knockbackResistance\",Name:\"generic.knockbackResistance\",Amount:0.25,Operation:0,UUIDMost:245679,UUIDLeast:754219,Slot:\"mainhand\"}]}"
					}
				  ]
				},
				{
				  "type": "item",
				  "name": "minecraft:iron_axe",
				  "weight": 1,
				  "functions": [
					{
					  "function": "set_nbt",
					  "tag": "{display:{Name:\"{\\\"translate\\\":\\\"item.minecraft.iron_axe\\\",\\\"color\\\":\\\"blue\\\",\\\"italic\\\":\\\"false\\\"}\"},AttributeModifiers:[{AttributeName:\"generic.attackDamage\",Name:\"generic.attackDamage\",Amount:9,Operation:0,UUIDMost:298943,UUIDLeast:681683,Slot:\"mainhand\"},{AttributeName:\"generic.attackSpeed\",Name:\"generic.attackSpeed\",Amount:-2.2,Operation:0,UUIDMost:282274,UUIDLeast:120608,Slot:\"mainhand\"},{AttributeName:\"generic.movementSpeed\",Name:\"generic.movementSpeed\",Amount:0.1,Operation:1,UUIDMost:245680,UUIDLeast:754219,Slot:\"mainhand\"}]}"
					}
				  ]
				},
				{
				  "type": "item",
				  "name": "minecraft:iron_axe",
				  "weight": 1,
				  "functions": [
					{
					  "function": "set_nbt",
					  "tag": "{display:{Name:\"{\\\"translate\\\":\\\"item.minecraft.iron_axe\\\",\\\"color\\\":\\\"blue\\\",\\\"italic\\\":\\\"false\\\"}\"},AttributeModifiers:[{AttributeName:\"generic.attackDamage\",Name:\"generic.attackDamage\",Amount:10,Operation:0,UUIDMost:298944,UUIDLeast:681683,Slot:\"mainhand\"},{AttributeName:\"generic.attackSpeed\",Name:\"generic.attackSpeed\",Amount:-3.1,Operation:0,UUIDMost:282275,UUIDLeast:120608,Slot:\"mainhand\"},{AttributeName:\"generic.movementSpeed\",Name:\"generic.movementSpeed\",Amount:0.1,Operation:1,UUIDMost:245681,UUIDLeast:754219,Slot:\"mainhand\"}]}"
					}
				  ]
				},
				{
				  "type": "item",
				  "name": "minecraft:iron_axe",
				  "weight": 1,
				  "functions": [
					{
					  "function": "set_nbt",
					  "tag": "{display:{Name:\"{\\\"translate\\\":\\\"item.minecraft.iron_axe\\\",\\\"color\\\":\\\"blue\\\",\\\"italic\\\":\\\"false\\\"}\"},AttributeModifiers:[{AttributeName:\"generic.attackDamage\",Name:\"generic.attackDamage\",Amount:10,Operation:0,UUIDMost:298945,UUIDLeast:681683,Slot:\"mainhand\"},{AttributeName:\"generic.attackSpeed\",Name:\"generic.attackSpeed\",Amount:-2.2,Operation:0,UUIDMost:282276,UUIDLeast:120608,Slot:\"mainhand\"}]}"
					}
				  ]
				},
				{
				  "type": "item",
				  "name": "minecraft:iron_axe",
				  "weight": 1,
				  "functions": [
					{
					  "function": "set_nbt",
					  "tag": "{display:{Name:\"{\\\"translate\\\":\\\"item.minecraft.iron_axe\\\",\\\"color\\\":\\\"blue\\\",\\\"italic\\\":\\\"false\\\"}\"},AttributeModifiers:[{AttributeName:\"generic.attackDamage\",Name:\"generic.attackDamage\",Amount:9,Operation:0,UUIDMost:298946,UUIDLeast:681683,Slot:\"mainhand\"},{AttributeName:\"generic.attackSpeed\",Name:\"generic.attackSpeed\",Amount:-3.1,Operation:0,UUIDMost:282277,UUIDLeast:120608,Slot:\"mainhand\"},{AttributeName:\"generic.armor\",Name:\"generic.armor\",Amount:4,Operation:0,UUIDMost:245682,UUIDLeast:754219,Slot:\"mainhand\"}]}"
					}
				  ]
				},
				{
				  "type": "item",
				  "name": "minecraft:iron_axe",
				  "weight": 1,
				  "functions": [
					{
					  "function": "set_nbt",
					  "tag": "{display:{Name:\"{\\\"translate\\\":\\\"item.minecraft.iron_axe\\\",\\\"color\\\":\\\"blue\\\",\\\"italic\\\":\\\"false\\\"}\"},AttributeModifiers:[{AttributeName:\"generic.attackDamage\",Name:\"generic.attackDamage\",Amount:9,Operation:0,UUIDMost:298947,UUIDLeast:681683,Slot:\"mainhand\"},{AttributeName:\"generic.attackSpeed\",Name:\"generic.attackSpeed\",Amount:-3.1,Operation:0,UUIDMost:282278,UUIDLeast:120608,Slot:\"mainhand\"},{AttributeName:\"generic.knockbackResistance\",Name:\"generic.knockbackResistance\",Amount:0.5,Operation:0,UUIDMost:245683,UUIDLeast:754219,Slot:\"mainhand\"}]}"
					}
				  ]
				},
				{
				  "type": "item",
				  "name": "minecraft:iron_axe",
				  "weight": 1,
				  "functions": [
					{
					  "function": "set_nbt",
					  "tag": "{display:{Name:\"{\\\"translate\\\":\\\"item.minecraft.iron_axe\\\",\\\"color\\\":\\\"blue\\\",\\\"italic\\\":\\\"false\\\"}\"},AttributeModifiers:[{AttributeName:\"generic.attackDamage\",Name:\"generic.attackDamage\",Amount:9,Operation:0,UUIDMost:298948,UUIDLeast:681683,Slot:\"mainhand\"},{AttributeName:\"generic.attackSpeed\",Name:\"generic.attackSpeed\",Amount:-3.1,Operation:0,UUIDMost:282279,UUIDLeast:120608,Slot:\"mainhand\"},{AttributeName:\"generic.movementSpeed\",Name:\"generic.movementSpeed\",Amount:0.2,Operation:1,UUIDMost:245684,UUIDLeast:754219,Slot:\"mainhand\"}]}"
					}
				  ]
				},
				{
				  "type": "item",
				  "name": "minecraft:iron_axe",
				  "weight": 1,
				  "functions": [
					{
					  "function": "set_nbt",
					  "tag": "{display:{Name:\"{\\\"translate\\\":\\\"item.minecraft.iron_axe\\\",\\\"color\\\":\\\"blue\\\",\\\"italic\\\":\\\"false\\\"}\"},AttributeModifiers:[{AttributeName:\"generic.attackDamage\",Name:\"generic.attackDamage\",Amount:9,Operation:0,UUIDMost:298949,UUIDLeast:681683,Slot:\"mainhand\"},{AttributeName:\"generic.attackSpeed\",Name:\"generic.attackSpeed\",Amount:-0.4,Operation:0,UUIDMost:282280,UUIDLeast:120608,Slot:\"mainhand\"}]}"
					}
				  ]
				},
				{
				  "type": "item",
				  "name": "minecraft:iron_axe",
				  "weight": 1,
				  "functions": [
					{
					  "function": "set_nbt",
					  "tag": "{display:{Name:\"{\\\"translate\\\":\\\"item.minecraft.iron_axe\\\",\\\"color\\\":\\\"blue\\\",\\\"italic\\\":\\\"false\\\"}\"},AttributeModifiers:[{AttributeName:\"generic.attackDamage\",Name:\"generic.attackDamage\",Amount:11,Operation:0,UUIDMost:298950,UUIDLeast:681683,Slot:\"mainhand\"},{AttributeName:\"generic.attackSpeed\",Name:\"generic.attackSpeed\",Amount:-3.1,Operation:0,UUIDMost:282281,UUIDLeast:120608,Slot:\"mainhand\"}]}"
					}
				  ]
				},
				{
				  "type": "item",
				  "name": "minecraft:iron_axe",
				  "weight": 6,
				  "functions": [
					{
					  "function": "set_nbt",
					  "tag": "{display:{Name:\"{\\\"text\\\":\\\"Petite hache\\\",\\\"color\\\":\\\"blue\\\",\\\"italic\\\":\\\"false\\\"}\"},AttributeModifiers:[{AttributeName:\"generic.attackDamage\",Name:\"generic.attackDamage\",Amount:2,Operation:0,UUIDMost:15210,UUIDLeast:249745,Slot:\"offhand\"}]}"
					}
				  ]
				},
				{
				  "type": "item",
				  "name": "minecraft:golden_axe",
				  "weight": 4,
				  "functions": [
					{
					  "function": "set_nbt",
					  "tag": "{display:{Name:\"{\\\"text\\\":\\\"Tomahawk\\\",\\\"color\\\":\\\"dark_purple\\\",\\\"italic\\\":\\\"false\\\"}\"},AttributeModifiers:[{AttributeName:\"generic.attackDamage\",Name:\"generic.attackDamage\",Amount:4,Operation:0,UUIDMost:15210,UUIDLeast:249746,Slot:\"offhand\"}]}"
					}
				  ]
				},
				{
				  "type": "item",
				  "name": "minecraft:diamond_axe",
				  "weight": 1,
				  "functions": [
					{
					  "function": "set_nbt",
					  "tag": "{display:{Name:\"{\\\"text\\\":\\\"Francisque\\\",\\\"color\\\":\\\"gold\\\",\\\"italic\\\":\\\"false\\\",\\\"bold\\\":\\\"true\\\"}\"},AttributeModifiers:[{AttributeName:\"generic.attackDamage\",Name:\"generic.attackDamage\",Amount:6,Operation:0,UUIDMost:15210,UUIDLeast:249747,Slot:\"offhand\"}]}"
					}
				  ]
				},
				{
				  "type": "item",
				  "name": "minecraft:iron_sword",
				  "weight": 4,
				  "functions": [
					{
					  "function": "set_nbt",
					  "tag": "{display:{Name:\"{\\\"text\\\":\\\"Épée bâtarde\\\",\\\"color\\\":\\\"dark_purple\\\",\\\"italic\\\":\\\"false\\\"}\",Lore:[\"Inspiration\"]},RepairCost:20}"
					}
				  ]
				}
            ]
        }
    ]
}