{
    "pools": [
        {
            "rolls": 1,
            "entries": [
			    {
				  "type": "item",
				  "name": "minecraft:diamond_sword",
				  "weight": 60
				},
				{
				  "type": "item",
				  "name": "minecraft:diamond_axe",
				  "weight": 60
				},
                {
				  "type": "item",
				  "name": "minecraft:diamond_sword",
				  "weight": 40,
				  "functions": [
					{
					  "function": "set_nbt",
					  "tag": "{display:{Name:\"{\\\"translate\\\":\\\"item.minecraft.diamond_sword\\\",\\\"color\\\":\\\"gray\\\"}\"},AttributeModifiers:[{AttributeName:\"generic.attackSpeed\",Name:\"generic.attackSpeed\",Amount:-3.75,Operation:0,UUIDMost:96882,UUIDLeast:365742,Slot:\"mainhand\"},{AttributeName:\"generic.attackDamage\",Name:\"generic.attackDamage\",Amount:7,Operation:0,UUIDMost:4895,UUIDLeast:526342,Slot:\"mainhand\"}]}"
					}
				  ]
				},
				{
				  "type": "item",
				  "name": "minecraft:diamond_sword",
				  "weight": 40,
				  "functions": [
					{
					  "function": "set_nbt",
					  "tag": "{display:{Name:\"{\\\"translate\\\":\\\"item.minecraft.diamond_sword\\\",\\\"color\\\":\\\"gray\\\"}\"},AttributeModifiers:[{AttributeName:\"generic.attackSpeed\",Name:\"generic.attackSpeed\",Amount:-3.5,Operation:0,UUIDMost:96883,UUIDLeast:365742,Slot:\"mainhand\"},{AttributeName:\"generic.attackDamage\",Name:\"generic.attackDamage\",Amount:7,Operation:0,UUIDMost:4896,UUIDLeast:526342,Slot:\"mainhand\"}]}"
					}
				  ]
				},
				{
				  "type": "item",
				  "name": "minecraft:diamond_sword",
				  "weight": 40,
				  "functions": [
					{
					  "function": "set_nbt",
					  "tag": "{display:{Name:\"{\\\"translate\\\":\\\"item.minecraft.diamond_sword\\\",\\\"color\\\":\\\"gray\\\"}\"},AttributeModifiers:[{AttributeName:\"generic.attackSpeed\",Name:\"generic.attackSpeed\",Amount:-3,Operation:0,UUIDMost:96884,UUIDLeast:365742,Slot:\"mainhand\"},{AttributeName:\"generic.attackDamage\",Name:\"generic.attackDamage\",Amount:7,Operation:0,UUIDMost:4897,UUIDLeast:526342,Slot:\"mainhand\"}]}"
					}
				  ]
				},
				{
				  "type": "item",
				  "name": "minecraft:diamond_axe",
				  "weight": 40,
				  "functions": [
					{
					  "function": "set_nbt",
					  "tag": "{display:{Name:\"{\\\"translate\\\":\\\"item.minecraft.diamond_axe\\\",\\\"color\\\":\\\"gray\\\"}\"},AttributeModifiers:[{AttributeName:\"generic.attackSpeed\",Name:\"generic.attackSpeed\",Amount:-3.8,Operation:0,UUIDMost:23280,UUIDLeast:537118,Slot:\"mainhand\"},{AttributeName:\"generic.attackDamage\",Name:\"generic.attackDamage\",Amount:9,Operation:0,UUIDMost:60879,UUIDLeast:844768,Slot:\"mainhand\"}]}"
					}
				  ]
				},
				{
				  "type": "item",
				  "name": "minecraft:diamond_axe",
				  "weight": 40,
				  "functions": [
					{
					  "function": "set_nbt",
					  "tag": "{display:{Name:\"{\\\"translate\\\":\\\"item.minecraft.diamond_axe\\\",\\\"color\\\":\\\"gray\\\"}\"},AttributeModifiers:[{AttributeName:\"generic.attackSpeed\",Name:\"generic.attackSpeed\",Amount:-3.6,Operation:0,UUIDMost:23281,UUIDLeast:537118,Slot:\"mainhand\"},{AttributeName:\"generic.attackDamage\",Name:\"generic.attackDamage\",Amount:9,Operation:0,UUIDMost:60870,UUIDLeast:844768,Slot:\"mainhand\"}]}"
					}
				  ]
				},
				{
				  "type": "item",
				  "name": "minecraft:diamond_axe",
				  "weight": 40,
				  "functions": [
					{
					  "function": "set_nbt",
					  "tag": "{display:{Name:\"{\\\"translate\\\":\\\"item.minecraft.diamond_axe\\\",\\\"color\\\":\\\"gray\\\"}\"},AttributeModifiers:[{AttributeName:\"generic.attackSpeed\",Name:\"generic.attackSpeed\",Amount:-3.4,Operation:0,UUIDMost:23282,UUIDLeast:537118,Slot:\"mainhand\"},{AttributeName:\"generic.attackDamage\",Name:\"generic.attackDamage\",Amount:9,Operation:0,UUIDMost:60871,UUIDLeast:844768,Slot:\"mainhand\"}]}"
					}
				  ]
				},
				{
				  "type": "item",
				  "name": "minecraft:diamond_axe",
				  "weight": 6,
				  "functions": [
					{
					  "function": "set_nbt",
					  "tag": "{display:{Name:\"{\\\"translate\\\":\\\"item.minecraft.diamond_axe\\\",\\\"color\\\":\\\"green\\\"}\"},AttributeModifiers:[{AttributeName:\"generic.attackDamage\",Name:\"generic.attackDamage\",Amount:9,Operation:0,UUIDMost:113312,UUIDLeast:741437,Slot:\"mainhand\"},{AttributeName:\"generic.attackSpeed\",Name:\"generic.attackSpeed\",Amount:-3,Operation:0,UUIDMost:80241,UUIDLeast:54873,Slot:\"mainhand\"},{AttributeName:\"generic.armor\",Name:\"generic.armor\",Amount:2,Operation:0,UUIDMost:81567,UUIDLeast:648331,Slot:\"mainhand\"}]}"
					}
				  ]
				},
				{
				  "type": "item",
				  "name": "minecraft:diamond_axe",
				  "weight": 6,
				  "functions": [
					{
					  "function": "set_nbt",
					  "tag": "{display:{Name:\"{\\\"translate\\\":\\\"item.minecraft.diamond_axe\\\",\\\"color\\\":\\\"green\\\"}\"},AttributeModifiers:[{AttributeName:\"generic.attackDamage\",Name:\"generic.attackDamage\",Amount:9,Operation:0,UUIDMost:113313,UUIDLeast:741437,Slot:\"mainhand\"},{AttributeName:\"generic.attackSpeed\",Name:\"generic.attackSpeed\",Amount:-3,Operation:0,UUIDMost:80242,UUIDLeast:54873,Slot:\"mainhand\"},{AttributeName:\"generic.knockbackResistance\",Name:\"generic.knockbackResistance\",Amount:0.25,Operation:0,UUIDMost:81568,UUIDLeast:648331,Slot:\"mainhand\"}]}"
					}
				  ]
				},
				{
				  "type": "item",
				  "name": "minecraft:diamond_axe",
				  "weight": 6,
				  "functions": [
					{
					  "function": "set_nbt",
					  "tag": "{display:{Name:\"{\\\"translate\\\":\\\"item.minecraft.diamond_axe\\\",\\\"color\\\":\\\"green\\\"}\"},AttributeModifiers:[{AttributeName:\"generic.attackDamage\",Name:\"generic.attackDamage\",Amount:9,Operation:0,UUIDMost:113314,UUIDLeast:741437,Slot:\"mainhand\"},{AttributeName:\"generic.attackSpeed\",Name:\"generic.attackSpeed\",Amount:-3,Operation:0,UUIDMost:80243,UUIDLeast:54873,Slot:\"mainhand\"},{AttributeName:\"generic.movementSpeed\",Name:\"generic.movementSpeed\",Amount:0.1,Operation:1,UUIDMost:81569,UUIDLeast:648331,Slot:\"mainhand\"}]}"
					}
				  ]
				},
				{
				  "type": "item",
				  "name": "minecraft:diamond_axe",
				  "weight": 6,
				  "functions": [
					{
					  "function": "set_nbt",
					  "tag": "{display:{Name:\"{\\\"translate\\\":\\\"item.minecraft.diamond_axe\\\",\\\"color\\\":\\\"green\\\"}\"},AttributeModifiers:[{AttributeName:\"generic.attackDamage\",Name:\"generic.attackDamage\",Amount:9,Operation:0,UUIDMost:113315,UUIDLeast:741437,Slot:\"mainhand\"},{AttributeName:\"generic.attackSpeed\",Name:\"generic.attackSpeed\",Amount:-2,Operation:0,UUIDMost:80244,UUIDLeast:54873,Slot:\"mainhand\"}]}"
					}
				  ]
				},
				{
				  "type": "item",
				  "name": "minecraft:diamond_axe",
				  "weight": 6,
				  "functions": [
					{
					  "function": "set_nbt",
					  "tag": "{display:{Name:\"{\\\"translate\\\":\\\"item.minecraft.diamond_axe\\\",\\\"color\\\":\\\"green\\\"}\"},AttributeModifiers:[{AttributeName:\"generic.attackDamage\",Name:\"generic.attackDamage\",Amount:10,Operation:0,UUIDMost:113316,UUIDLeast:741437,Slot:\"mainhand\"},{AttributeName:\"generic.attackSpeed\",Name:\"generic.attackSpeed\",Amount:-3,Operation:0,UUIDMost:80245,UUIDLeast:54873,Slot:\"mainhand\"}]}"
					}
				  ]
				},
				{
				  "type": "item",
				  "name": "minecraft:diamond_sword",
				  "weight": 6,
				  "functions": [
					{
					  "function": "set_nbt",
					  "tag": "{display:{Name:\"{\\\"translate\\\":\\\"item.minecraft.diamond_sword\\\",\\\"color\\\":\\\"green\\\"}\"},AttributeModifiers:[{AttributeName:\"generic.attackDamage\",Name:\"generic.attackDamage\",Amount:7,Operation:0,UUIDMost:113312,UUIDLeast:741436,Slot:\"mainhand\"},{AttributeName:\"generic.attackSpeed\",Name:\"generic.attackSpeed\",Amount:-2.4,Operation:0,UUIDMost:80241,UUIDLeast:54872,Slot:\"mainhand\"},{AttributeName:\"generic.armor\",Name:\"generic.armor\",Amount:2,Operation:0,UUIDMost:81567,UUIDLeast:648338,Slot:\"mainhand\"}]}"
					}
				  ]
				},
				{
				  "type": "item",
				  "name": "minecraft:diamond_sword",
				  "weight": 6,
				  "functions": [
					{
					  "function": "set_nbt",
					  "tag": "{display:{Name:\"{\\\"translate\\\":\\\"item.minecraft.diamond_sword\\\",\\\"color\\\":\\\"green\\\"}\"},AttributeModifiers:[{AttributeName:\"generic.attackDamage\",Name:\"generic.attackDamage\",Amount:7,Operation:0,UUIDMost:113313,UUIDLeast:741436,Slot:\"mainhand\"},{AttributeName:\"generic.attackSpeed\",Name:\"generic.attackSpeed\",Amount:-2.4,Operation:0,UUIDMost:80242,UUIDLeast:54872,Slot:\"mainhand\"},{AttributeName:\"generic.knockbackResistance\",Name:\"generic.knockbackResistance\",Amount:0.25,Operation:0,UUIDMost:81568,UUIDLeast:648338,Slot:\"mainhand\"}]}"
					}
				  ]
				},
				{
				  "type": "item",
				  "name": "minecraft:diamond_sword",
				  "weight": 6,
				  "functions": [
					{
					  "function": "set_nbt",
					  "tag": "{display:{Name:\"{\\\"translate\\\":\\\"item.minecraft.diamond_sword\\\",\\\"color\\\":\\\"green\\\"}\"},AttributeModifiers:[{AttributeName:\"generic.attackDamage\",Name:\"generic.attackDamage\",Amount:7,Operation:0,UUIDMost:113314,UUIDLeast:741436,Slot:\"mainhand\"},{AttributeName:\"generic.attackSpeed\",Name:\"generic.attackSpeed\",Amount:-2.4,Operation:0,UUIDMost:80243,UUIDLeast:54872,Slot:\"mainhand\"},{AttributeName:\"generic.movementSpeed\",Name:\"generic.movementSpeed\",Amount:0.1,Operation:1,UUIDMost:81569,UUIDLeast:648338,Slot:\"mainhand\"}]}"
					}
				  ]
				},
				{
				  "type": "item",
				  "name": "minecraft:diamond_sword",
				  "weight": 6,
				  "functions": [
					{
					  "function": "set_nbt",
					  "tag": "{display:{Name:\"{\\\"translate\\\":\\\"item.minecraft.diamond_sword\\\",\\\"color\\\":\\\"green\\\"}\"},AttributeModifiers:[{AttributeName:\"generic.attackDamage\",Name:\"generic.attackDamage\",Amount:7,Operation:0,UUIDMost:113315,UUIDLeast:741436,Slot:\"mainhand\"},{AttributeName:\"generic.attackSpeed\",Name:\"generic.attackSpeed\",Amount:-0.8,Operation:0,UUIDMost:80244,UUIDLeast:54872,Slot:\"mainhand\"}]}"
					}
				  ]
				},
				{
				  "type": "item",
				  "name": "minecraft:diamond_sword",
				  "weight": 6,
				  "functions": [
					{
					  "function": "set_nbt",
					  "tag": "{display:{Name:\"{\\\"translate\\\":\\\"item.minecraft.diamond_sword\\\",\\\"color\\\":\\\"green\\\"}\"},AttributeModifiers:[{AttributeName:\"generic.attackDamage\",Name:\"generic.attackDamage\",Amount:8,Operation:0,UUIDMost:113316,UUIDLeast:741436,Slot:\"mainhand\"},{AttributeName:\"generic.attackSpeed\",Name:\"generic.attackSpeed\",Amount:-2.4,Operation:0,UUIDMost:80245,UUIDLeast:54872,Slot:\"mainhand\"}]}"
					}
				  ]
				},
				{
				  "type": "item",
				  "name": "minecraft:diamond_sword",
				  "weight": 1,
				  "functions": [
					{
					  "function": "set_nbt",
					  "tag": "{display:{Name:\"{\\\"translate\\\":\\\"item.minecraft.diamond_sword\\\",\\\"color\\\":\\\"blue\\\",\\\"italic\\\":\\\"false\\\"}\"},AttributeModifiers:[{AttributeName:\"generic.attackDamage\",Name:\"generic.attackDamage\",Amount:7,Operation:0,UUIDMost:498936,UUIDLeast:681682,Slot:\"mainhand\"},{AttributeName:\"generic.attackSpeed\",Name:\"generic.attackSpeed\",Amount:-2.4,Operation:0,UUIDMost:482267,UUIDLeast:120607,Slot:\"mainhand\"},{AttributeName:\"generic.armor\",Name:\"generic.armor\",Amount:2,Operation:0,UUIDMost:445673,UUIDLeast:754218,Slot:\"mainhand\"},{AttributeName:\"generic.knockbackResistance\",Name:\"generic.knockbackResistance\",Amount:0.25,Operation:0,UUIDMost:435458,UUIDLeast:566741,Slot:\"mainhand\"}]}"
					}
				  ]
				},
				{
				  "type": "item",
				  "name": "minecraft:diamond_sword",
				  "weight": 1,
				  "functions": [
					{
					  "function": "set_nbt",
					  "tag": "{display:{Name:\"{\\\"translate\\\":\\\"item.minecraft.diamond_sword\\\",\\\"color\\\":\\\"blue\\\",\\\"italic\\\":\\\"false\\\"}\"},AttributeModifiers:[{AttributeName:\"generic.attackDamage\",Name:\"generic.attackDamage\",Amount:7,Operation:0,UUIDMost:498937,UUIDLeast:681682,Slot:\"mainhand\"},{AttributeName:\"generic.attackSpeed\",Name:\"generic.attackSpeed\",Amount:-2.4,Operation:0,UUIDMost:482268,UUIDLeast:120607,Slot:\"mainhand\"},{AttributeName:\"generic.armor\",Name:\"generic.armor\",Amount:2,Operation:0,UUIDMost:445674,UUIDLeast:754218,Slot:\"mainhand\"},{AttributeName:\"generic.movementSpeed\",Name:\"generic.movementSpeed\",Amount:0.1,Operation:1,UUIDMost:435459,UUIDLeast:566741,Slot:\"mainhand\"}]}"
					}
				  ]
				},
				{
				  "type": "item",
				  "name": "minecraft:diamond_sword",
				  "weight": 1,
				  "functions": [
					{
					  "function": "set_nbt",
					  "tag": "{display:{Name:\"{\\\"translate\\\":\\\"item.minecraft.diamond_sword\\\",\\\"color\\\":\\\"blue\\\",\\\"italic\\\":\\\"false\\\"}\"},AttributeModifiers:[{AttributeName:\"generic.attackDamage\",Name:\"generic.attackDamage\",Amount:7,Operation:0,UUIDMost:498938,UUIDLeast:681682,Slot:\"mainhand\"},{AttributeName:\"generic.attackSpeed\",Name:\"generic.attackSpeed\",Amount:-0.8,Operation:0,UUIDMost:482269,UUIDLeast:120607,Slot:\"mainhand\"},{AttributeName:\"generic.armor\",Name:\"generic.armor\",Amount:2,Operation:0,UUIDMost:445675,UUIDLeast:754218,Slot:\"mainhand\"}]}"
					}
				  ]
				},
				{
				  "type": "item",
				  "name": "minecraft:diamond_sword",
				  "weight": 1,
				  "functions": [
					{
					  "function": "set_nbt",
					  "tag": "{display:{Name:\"{\\\"translate\\\":\\\"item.minecraft.diamond_sword\\\",\\\"color\\\":\\\"blue\\\",\\\"italic\\\":\\\"false\\\"}\"},AttributeModifiers:[{AttributeName:\"generic.attackDamage\",Name:\"generic.attackDamage\",Amount:8,Operation:0,UUIDMost:498939,UUIDLeast:681682,Slot:\"mainhand\"},{AttributeName:\"generic.attackSpeed\",Name:\"generic.attackSpeed\",Amount:-2.4,Operation:0,UUIDMost:482270,UUIDLeast:120607,Slot:\"mainhand\"},{AttributeName:\"generic.armor\",Name:\"generic.armor\",Amount:2,Operation:0,UUIDMost:445676,UUIDLeast:754218,Slot:\"mainhand\"}]}"
					}
				  ]
				},
				{
				  "type": "item",
				  "name": "minecraft:diamond_sword",
				  "weight": 1,
				  "functions": [
					{
					  "function": "set_nbt",
					  "tag": "{display:{Name:\"{\\\"translate\\\":\\\"item.minecraft.diamond_sword\\\",\\\"color\\\":\\\"blue\\\",\\\"italic\\\":\\\"false\\\"}\"},AttributeModifiers:[{AttributeName:\"generic.attackDamage\",Name:\"generic.attackDamage\",Amount:7,Operation:0,UUIDMost:498940,UUIDLeast:681682,Slot:\"mainhand\"},{AttributeName:\"generic.attackSpeed\",Name:\"generic.attackSpeed\",Amount:-2.4,Operation:0,UUIDMost:482271,UUIDLeast:120607,Slot:\"mainhand\"},{AttributeName:\"generic.movementSpeed\",Name:\"generic.movementSpeed\",Amount:0.1,Operation:1,UUIDMost:445677,UUIDLeast:754218,Slot:\"mainhand\"},{AttributeName:\"generic.knockbackResistance\",Name:\"generic.knockbackResistance\",Amount:0.25,Operation:0,UUIDMost:435450,UUIDLeast:566741,Slot:\"mainhand\"}]}"
					}
				  ]
				},
				{
				  "type": "item",
				  "name": "minecraft:diamond_sword",
				  "weight": 1,
				  "functions": [
					{
					  "function": "set_nbt",
					  "tag": "{display:{Name:\"{\\\"translate\\\":\\\"item.minecraft.diamond_sword\\\",\\\"color\\\":\\\"blue\\\",\\\"italic\\\":\\\"false\\\"}\"},AttributeModifiers:[{AttributeName:\"generic.attackDamage\",Name:\"generic.attackDamage\",Amount:7,Operation:0,UUIDMost:498941,UUIDLeast:681682,Slot:\"mainhand\"},{AttributeName:\"generic.attackSpeed\",Name:\"generic.attackSpeed\",Amount:-0.8,Operation:0,UUIDMost:482272,UUIDLeast:120607,Slot:\"mainhand\"},{AttributeName:\"generic.knockbackResistance\",Name:\"generic.knockbackResistance\",Amount:0.25,Operation:0,UUIDMost:445678,UUIDLeast:754218,Slot:\"mainhand\"}]}"
					}
				  ]
				},
				{
				  "type": "item",
				  "name": "minecraft:diamond_sword",
				  "weight": 1,
				  "functions": [
					{
					  "function": "set_nbt",
					  "tag": "{display:{Name:\"{\\\"translate\\\":\\\"item.minecraft.diamond_sword\\\",\\\"color\\\":\\\"blue\\\",\\\"italic\\\":\\\"false\\\"}\"},AttributeModifiers:[{AttributeName:\"generic.attackDamage\",Name:\"generic.attackDamage\",Amount:8,Operation:0,UUIDMost:498942,UUIDLeast:681682,Slot:\"mainhand\"},{AttributeName:\"generic.attackSpeed\",Name:\"generic.attackSpeed\",Amount:-2.4,Operation:0,UUIDMost:482273,UUIDLeast:120607,Slot:\"mainhand\"},{AttributeName:\"generic.knockbackResistance\",Name:\"generic.knockbackResistance\",Amount:0.25,Operation:0,UUIDMost:445679,UUIDLeast:754218,Slot:\"mainhand\"}]}"
					}
				  ]
				},
				{
				  "type": "item",
				  "name": "minecraft:diamond_sword",
				  "weight": 1,
				  "functions": [
					{
					  "function": "set_nbt",
					  "tag": "{display:{Name:\"{\\\"translate\\\":\\\"item.minecraft.diamond_sword\\\",\\\"color\\\":\\\"blue\\\",\\\"italic\\\":\\\"false\\\"}\"},AttributeModifiers:[{AttributeName:\"generic.attackDamage\",Name:\"generic.attackDamage\",Amount:7,Operation:0,UUIDMost:498943,UUIDLeast:681682,Slot:\"mainhand\"},{AttributeName:\"generic.attackSpeed\",Name:\"generic.attackSpeed\",Amount:-0.8,Operation:0,UUIDMost:482274,UUIDLeast:120607,Slot:\"mainhand\"},{AttributeName:\"generic.movementSpeed\",Name:\"generic.movementSpeed\",Amount:0.1,Operation:1,UUIDMost:445680,UUIDLeast:754218,Slot:\"mainhand\"}]}"
					}
				  ]
				},
				{
				  "type": "item",
				  "name": "minecraft:diamond_sword",
				  "weight": 1,
				  "functions": [
					{
					  "function": "set_nbt",
					  "tag": "{display:{Name:\"{\\\"translate\\\":\\\"item.minecraft.diamond_sword\\\",\\\"color\\\":\\\"blue\\\",\\\"italic\\\":\\\"false\\\"}\"},AttributeModifiers:[{AttributeName:\"generic.attackDamage\",Name:\"generic.attackDamage\",Amount:8,Operation:0,UUIDMost:498944,UUIDLeast:681682,Slot:\"mainhand\"},{AttributeName:\"generic.attackSpeed\",Name:\"generic.attackSpeed\",Amount:-2.4,Operation:0,UUIDMost:482275,UUIDLeast:120607,Slot:\"mainhand\"},{AttributeName:\"generic.movementSpeed\",Name:\"generic.movementSpeed\",Amount:0.1,Operation:1,UUIDMost:445681,UUIDLeast:754218,Slot:\"mainhand\"}]}"
					}
				  ]
				},
				{
				  "type": "item",
				  "name": "minecraft:diamond_sword",
				  "weight": 1,
				  "functions": [
					{
					  "function": "set_nbt",
					  "tag": "{display:{Name:\"{\\\"translate\\\":\\\"item.minecraft.diamond_sword\\\",\\\"color\\\":\\\"blue\\\",\\\"italic\\\":\\\"false\\\"}\"},AttributeModifiers:[{AttributeName:\"generic.attackDamage\",Name:\"generic.attackDamage\",Amount:8,Operation:0,UUIDMost:498945,UUIDLeast:681682,Slot:\"mainhand\"},{AttributeName:\"generic.attackSpeed\",Name:\"generic.attackSpeed\",Amount:-0.8,Operation:0,UUIDMost:482276,UUIDLeast:120607,Slot:\"mainhand\"}]}"
					}
				  ]
				},
				{
				  "type": "item",
				  "name": "minecraft:diamond_sword",
				  "weight": 1,
				  "functions": [
					{
					  "function": "set_nbt",
					  "tag": "{display:{Name:\"{\\\"translate\\\":\\\"item.minecraft.diamond_sword\\\",\\\"color\\\":\\\"blue\\\",\\\"italic\\\":\\\"false\\\"}\"},AttributeModifiers:[{AttributeName:\"generic.attackDamage\",Name:\"generic.attackDamage\",Amount:7,Operation:0,UUIDMost:498946,UUIDLeast:681682,Slot:\"mainhand\"},{AttributeName:\"generic.attackSpeed\",Name:\"generic.attackSpeed\",Amount:-2.4,Operation:0,UUIDMost:482277,UUIDLeast:120607,Slot:\"mainhand\"},{AttributeName:\"generic.armor\",Name:\"generic.armor\",Amount:4,Operation:0,UUIDMost:445682,UUIDLeast:754218,Slot:\"mainhand\"}]}"
					}
				  ]
				},
				{
				  "type": "item",
				  "name": "minecraft:diamond_sword",
				  "weight": 1,
				  "functions": [
					{
					  "function": "set_nbt",
					  "tag": "{display:{Name:\"{\\\"translate\\\":\\\"item.minecraft.diamond_sword\\\",\\\"color\\\":\\\"blue\\\",\\\"italic\\\":\\\"false\\\"}\"},AttributeModifiers:[{AttributeName:\"generic.attackDamage\",Name:\"generic.attackDamage\",Amount:7,Operation:0,UUIDMost:498947,UUIDLeast:681682,Slot:\"mainhand\"},{AttributeName:\"generic.attackSpeed\",Name:\"generic.attackSpeed\",Amount:-2.4,Operation:0,UUIDMost:482278,UUIDLeast:120607,Slot:\"mainhand\"},{AttributeName:\"generic.knockbackResistance\",Name:\"generic.knockbackResistance\",Amount:0.5,Operation:0,UUIDMost:445683,UUIDLeast:754218,Slot:\"mainhand\"}]}"
					}
				  ]
				},
				{
				  "type": "item",
				  "name": "minecraft:diamond_sword",
				  "weight": 1,
				  "functions": [
					{
					  "function": "set_nbt",
					  "tag": "{display:{Name:\"{\\\"translate\\\":\\\"item.minecraft.diamond_sword\\\",\\\"color\\\":\\\"blue\\\",\\\"italic\\\":\\\"false\\\"}\"},AttributeModifiers:[{AttributeName:\"generic.attackDamage\",Name:\"generic.attackDamage\",Amount:7,Operation:0,UUIDMost:498948,UUIDLeast:681682,Slot:\"mainhand\"},{AttributeName:\"generic.attackSpeed\",Name:\"generic.attackSpeed\",Amount:-2.4,Operation:0,UUIDMost:482279,UUIDLeast:120607,Slot:\"mainhand\"},{AttributeName:\"generic.movementSpeed\",Name:\"generic.movementSpeed\",Amount:0.2,Operation:1,UUIDMost:445684,UUIDLeast:754218,Slot:\"mainhand\"}]}"
					}
				  ]
				},
				{
				  "type": "item",
				  "name": "minecraft:diamond_sword",
				  "weight": 1,
				  "functions": [
					{
					  "function": "set_nbt",
					  "tag": "{display:{Name:\"{\\\"translate\\\":\\\"item.minecraft.diamond_sword\\\",\\\"color\\\":\\\"blue\\\",\\\"italic\\\":\\\"false\\\"}\"},AttributeModifiers:[{AttributeName:\"generic.attackDamage\",Name:\"generic.attackDamage\",Amount:7,Operation:0,UUIDMost:498949,UUIDLeast:681682,Slot:\"mainhand\"},{AttributeName:\"generic.attackSpeed\",Name:\"generic.attackSpeed\",Amount:2.4,Operation:0,UUIDMost:482280,UUIDLeast:120607,Slot:\"mainhand\"}]}"
					}
				  ]
				},
				{
				  "type": "item",
				  "name": "minecraft:diamond_sword",
				  "weight": 1,
				  "functions": [
					{
					  "function": "set_nbt",
					  "tag": "{display:{Name:\"{\\\"translate\\\":\\\"item.minecraft.diamond_sword\\\",\\\"color\\\":\\\"blue\\\",\\\"italic\\\":\\\"false\\\"}\"},AttributeModifiers:[{AttributeName:\"generic.attackDamage\",Name:\"generic.attackDamage\",Amount:9,Operation:0,UUIDMost:498950,UUIDLeast:681682,Slot:\"mainhand\"},{AttributeName:\"generic.attackSpeed\",Name:\"generic.attackSpeed\",Amount:-2.4,Operation:0,UUIDMost:482281,UUIDLeast:120607,Slot:\"mainhand\"}]}"
					}
				  ]
				},
				{
				  "type": "item",
				  "name": "minecraft:diamond_axe",
				  "weight": 1,
				  "functions": [
					{
					  "function": "set_nbt",
					  "tag": "{display:{Name:\"{\\\"translate\\\":\\\"item.minecraft.diamond_axe\\\",\\\"color\\\":\\\"blue\\\",\\\"italic\\\":\\\"false\\\"}\"},AttributeModifiers:[{AttributeName:\"generic.attackDamage\",Name:\"generic.attackDamage\",Amount:9,Operation:0,UUIDMost:498936,UUIDLeast:681683,Slot:\"mainhand\"},{AttributeName:\"generic.attackSpeed\",Name:\"generic.attackSpeed\",Amount:-3,Operation:0,UUIDMost:482267,UUIDLeast:120608,Slot:\"mainhand\"},{AttributeName:\"generic.armor\",Name:\"generic.armor\",Amount:2,Operation:0,UUIDMost:445673,UUIDLeast:754219,Slot:\"mainhand\"},{AttributeName:\"generic.knockbackResistance\",Name:\"generic.knockbackResistance\",Amount:0.25,Operation:0,UUIDMost:435458,UUIDLeast:566742,Slot:\"mainhand\"}]}"
					}
				  ]
				},
				{
				  "type": "item",
				  "name": "minecraft:diamond_axe",
				  "weight": 1,
				  "functions": [
					{
					  "function": "set_nbt",
					  "tag": "{display:{Name:\"{\\\"translate\\\":\\\"item.minecraft.diamond_axe\\\",\\\"color\\\":\\\"blue\\\",\\\"italic\\\":\\\"false\\\"}\"},AttributeModifiers:[{AttributeName:\"generic.attackDamage\",Name:\"generic.attackDamage\",Amount:9,Operation:0,UUIDMost:498937,UUIDLeast:681683,Slot:\"mainhand\"},{AttributeName:\"generic.attackSpeed\",Name:\"generic.attackSpeed\",Amount:-3,Operation:0,UUIDMost:482268,UUIDLeast:120608,Slot:\"mainhand\"},{AttributeName:\"generic.armor\",Name:\"generic.armor\",Amount:2,Operation:0,UUIDMost:445674,UUIDLeast:754219,Slot:\"mainhand\"},{AttributeName:\"generic.movementSpeed\",Name:\"generic.movementSpeed\",Amount:0.1,Operation:1,UUIDMost:435459,UUIDLeast:566742,Slot:\"mainhand\"}]}"
					}
				  ]
				},
				{
				  "type": "item",
				  "name": "minecraft:diamond_axe",
				  "weight": 1,
				  "functions": [
					{
					  "function": "set_nbt",
					  "tag": "{display:{Name:\"{\\\"translate\\\":\\\"item.minecraft.diamond_axe\\\",\\\"color\\\":\\\"blue\\\",\\\"italic\\\":\\\"false\\\"}\"},AttributeModifiers:[{AttributeName:\"generic.attackDamage\",Name:\"generic.attackDamage\",Amount:9,Operation:0,UUIDMost:498938,UUIDLeast:681683,Slot:\"mainhand\"},{AttributeName:\"generic.attackSpeed\",Name:\"generic.attackSpeed\",Amount:-2,Operation:0,UUIDMost:482269,UUIDLeast:120608,Slot:\"mainhand\"},{AttributeName:\"generic.armor\",Name:\"generic.armor\",Amount:2,Operation:0,UUIDMost:445675,UUIDLeast:754219,Slot:\"mainhand\"}]}"
					}
				  ]
				},
				{
				  "type": "item",
				  "name": "minecraft:diamond_axe",
				  "weight": 1,
				  "functions": [
					{
					  "function": "set_nbt",
					  "tag": "{display:{Name:\"{\\\"translate\\\":\\\"item.minecraft.diamond_axe\\\",\\\"color\\\":\\\"blue\\\",\\\"italic\\\":\\\"false\\\"}\"},AttributeModifiers:[{AttributeName:\"generic.attackDamage\",Name:\"generic.attackDamage\",Amount:10,Operation:0,UUIDMost:498939,UUIDLeast:681683,Slot:\"mainhand\"},{AttributeName:\"generic.attackSpeed\",Name:\"generic.attackSpeed\",Amount:-3,Operation:0,UUIDMost:482270,UUIDLeast:120608,Slot:\"mainhand\"},{AttributeName:\"generic.armor\",Name:\"generic.armor\",Amount:2,Operation:0,UUIDMost:445676,UUIDLeast:754219,Slot:\"mainhand\"}]}"
					}
				  ]
				},
				{
				  "type": "item",
				  "name": "minecraft:diamond_axe",
				  "weight": 1,
				  "functions": [
					{
					  "function": "set_nbt",
					  "tag": "{display:{Name:\"{\\\"translate\\\":\\\"item.minecraft.diamond_axe\\\",\\\"color\\\":\\\"blue\\\",\\\"italic\\\":\\\"false\\\"}\"},AttributeModifiers:[{AttributeName:\"generic.attackDamage\",Name:\"generic.attackDamage\",Amount:9,Operation:0,UUIDMost:498940,UUIDLeast:681683,Slot:\"mainhand\"},{AttributeName:\"generic.attackSpeed\",Name:\"generic.attackSpeed\",Amount:-3,Operation:0,UUIDMost:482271,UUIDLeast:120608,Slot:\"mainhand\"},{AttributeName:\"generic.movementSpeed\",Name:\"generic.movementSpeed\",Amount:0.1,Operation:1,UUIDMost:445677,UUIDLeast:754219,Slot:\"mainhand\"},{AttributeName:\"generic.knockbackResistance\",Name:\"generic.knockbackResistance\",Amount:0.25,Operation:0,UUIDMost:435450,UUIDLeast:566742,Slot:\"mainhand\"}]}"
					}
				  ]
				},
				{
				  "type": "item",
				  "name": "minecraft:diamond_axe",
				  "weight": 1,
				  "functions": [
					{
					  "function": "set_nbt",
					  "tag": "{display:{Name:\"{\\\"translate\\\":\\\"item.minecraft.diamond_axe\\\",\\\"color\\\":\\\"blue\\\",\\\"italic\\\":\\\"false\\\"}\"},AttributeModifiers:[{AttributeName:\"generic.attackDamage\",Name:\"generic.attackDamage\",Amount:9,Operation:0,UUIDMost:498941,UUIDLeast:681683,Slot:\"mainhand\"},{AttributeName:\"generic.attackSpeed\",Name:\"generic.attackSpeed\",Amount:-2,Operation:0,UUIDMost:482272,UUIDLeast:120608,Slot:\"mainhand\"},{AttributeName:\"generic.knockbackResistance\",Name:\"generic.knockbackResistance\",Amount:0.25,Operation:0,UUIDMost:445678,UUIDLeast:754219,Slot:\"mainhand\"}]}"
					}
				  ]
				},
				{
				  "type": "item",
				  "name": "minecraft:diamond_axe",
				  "weight": 1,
				  "functions": [
					{
					  "function": "set_nbt",
					  "tag": "{display:{Name:\"{\\\"translate\\\":\\\"item.minecraft.diamond_axe\\\",\\\"color\\\":\\\"blue\\\",\\\"italic\\\":\\\"false\\\"}\"},AttributeModifiers:[{AttributeName:\"generic.attackDamage\",Name:\"generic.attackDamage\",Amount:10,Operation:0,UUIDMost:498942,UUIDLeast:681683,Slot:\"mainhand\"},{AttributeName:\"generic.attackSpeed\",Name:\"generic.attackSpeed\",Amount:-3,Operation:0,UUIDMost:482273,UUIDLeast:120608,Slot:\"mainhand\"},{AttributeName:\"generic.knockbackResistance\",Name:\"generic.knockbackResistance\",Amount:0.25,Operation:0,UUIDMost:445679,UUIDLeast:754219,Slot:\"mainhand\"}]}"
					}
				  ]
				},
				{
				  "type": "item",
				  "name": "minecraft:diamond_axe",
				  "weight": 1,
				  "functions": [
					{
					  "function": "set_nbt",
					  "tag": "{display:{Name:\"{\\\"translate\\\":\\\"item.minecraft.diamond_axe\\\",\\\"color\\\":\\\"blue\\\",\\\"italic\\\":\\\"false\\\"}\"},AttributeModifiers:[{AttributeName:\"generic.attackDamage\",Name:\"generic.attackDamage\",Amount:9,Operation:0,UUIDMost:498943,UUIDLeast:681683,Slot:\"mainhand\"},{AttributeName:\"generic.attackSpeed\",Name:\"generic.attackSpeed\",Amount:-2,Operation:0,UUIDMost:482274,UUIDLeast:120608,Slot:\"mainhand\"},{AttributeName:\"generic.movementSpeed\",Name:\"generic.movementSpeed\",Amount:0.1,Operation:1,UUIDMost:445680,UUIDLeast:754219,Slot:\"mainhand\"}]}"
					}
				  ]
				},
				{
				  "type": "item",
				  "name": "minecraft:diamond_axe",
				  "weight": 1,
				  "functions": [
					{
					  "function": "set_nbt",
					  "tag": "{display:{Name:\"{\\\"translate\\\":\\\"item.minecraft.diamond_axe\\\",\\\"color\\\":\\\"blue\\\",\\\"italic\\\":\\\"false\\\"}\"},AttributeModifiers:[{AttributeName:\"generic.attackDamage\",Name:\"generic.attackDamage\",Amount:10,Operation:0,UUIDMost:498944,UUIDLeast:681683,Slot:\"mainhand\"},{AttributeName:\"generic.attackSpeed\",Name:\"generic.attackSpeed\",Amount:-3,Operation:0,UUIDMost:482275,UUIDLeast:120608,Slot:\"mainhand\"},{AttributeName:\"generic.movementSpeed\",Name:\"generic.movementSpeed\",Amount:0.1,Operation:1,UUIDMost:445681,UUIDLeast:754219,Slot:\"mainhand\"}]}"
					}
				  ]
				},
				{
				  "type": "item",
				  "name": "minecraft:diamond_axe",
				  "weight": 1,
				  "functions": [
					{
					  "function": "set_nbt",
					  "tag": "{display:{Name:\"{\\\"translate\\\":\\\"item.minecraft.diamond_axe\\\",\\\"color\\\":\\\"blue\\\",\\\"italic\\\":\\\"false\\\"}\"},AttributeModifiers:[{AttributeName:\"generic.attackDamage\",Name:\"generic.attackDamage\",Amount:10,Operation:0,UUIDMost:498945,UUIDLeast:681683,Slot:\"mainhand\"},{AttributeName:\"generic.attackSpeed\",Name:\"generic.attackSpeed\",Amount:-2,Operation:0,UUIDMost:482276,UUIDLeast:120608,Slot:\"mainhand\"}]}"
					}
				  ]
				},
				{
				  "type": "item",
				  "name": "minecraft:diamond_axe",
				  "weight": 1,
				  "functions": [
					{
					  "function": "set_nbt",
					  "tag": "{display:{Name:\"{\\\"translate\\\":\\\"item.minecraft.diamond_axe\\\",\\\"color\\\":\\\"blue\\\",\\\"italic\\\":\\\"false\\\"}\"},AttributeModifiers:[{AttributeName:\"generic.attackDamage\",Name:\"generic.attackDamage\",Amount:9,Operation:0,UUIDMost:498946,UUIDLeast:681683,Slot:\"mainhand\"},{AttributeName:\"generic.attackSpeed\",Name:\"generic.attackSpeed\",Amount:-3,Operation:0,UUIDMost:482277,UUIDLeast:120608,Slot:\"mainhand\"},{AttributeName:\"generic.armor\",Name:\"generic.armor\",Amount:4,Operation:0,UUIDMost:445682,UUIDLeast:754219,Slot:\"mainhand\"}]}"
					}
				  ]
				},
				{
				  "type": "item",
				  "name": "minecraft:diamond_axe",
				  "weight": 1,
				  "functions": [
					{
					  "function": "set_nbt",
					  "tag": "{display:{Name:\"{\\\"translate\\\":\\\"item.minecraft.diamond_axe\\\",\\\"color\\\":\\\"blue\\\",\\\"italic\\\":\\\"false\\\"}\"},AttributeModifiers:[{AttributeName:\"generic.attackDamage\",Name:\"generic.attackDamage\",Amount:9,Operation:0,UUIDMost:498947,UUIDLeast:681683,Slot:\"mainhand\"},{AttributeName:\"generic.attackSpeed\",Name:\"generic.attackSpeed\",Amount:-3,Operation:0,UUIDMost:482278,UUIDLeast:120608,Slot:\"mainhand\"},{AttributeName:\"generic.knockbackResistance\",Name:\"generic.knockbackResistance\",Amount:0.5,Operation:0,UUIDMost:445683,UUIDLeast:754219,Slot:\"mainhand\"}]}"
					}
				  ]
				},
				{
				  "type": "item",
				  "name": "minecraft:diamond_axe",
				  "weight": 1,
				  "functions": [
					{
					  "function": "set_nbt",
					  "tag": "{display:{Name:\"{\\\"translate\\\":\\\"item.minecraft.diamond_axe\\\",\\\"color\\\":\\\"blue\\\",\\\"italic\\\":\\\"false\\\"}\"},AttributeModifiers:[{AttributeName:\"generic.attackDamage\",Name:\"generic.attackDamage\",Amount:9,Operation:0,UUIDMost:498948,UUIDLeast:681683,Slot:\"mainhand\"},{AttributeName:\"generic.attackSpeed\",Name:\"generic.attackSpeed\",Amount:-3,Operation:0,UUIDMost:482279,UUIDLeast:120608,Slot:\"mainhand\"},{AttributeName:\"generic.movementSpeed\",Name:\"generic.movementSpeed\",Amount:0.2,Operation:1,UUIDMost:445684,UUIDLeast:754219,Slot:\"mainhand\"}]}"
					}
				  ]
				},
				{
				  "type": "item",
				  "name": "minecraft:diamond_axe",
				  "weight": 1,
				  "functions": [
					{
					  "function": "set_nbt",
					  "tag": "{display:{Name:\"{\\\"translate\\\":\\\"item.minecraft.diamond_axe\\\",\\\"color\\\":\\\"blue\\\",\\\"italic\\\":\\\"false\\\"}\"},AttributeModifiers:[{AttributeName:\"generic.attackDamage\",Name:\"generic.attackDamage\",Amount:9,Operation:0,UUIDMost:498949,UUIDLeast:681683,Slot:\"mainhand\"},{AttributeName:\"generic.attackSpeed\",Name:\"generic.attackSpeed\",Amount:0.1,Operation:0,UUIDMost:482280,UUIDLeast:120608,Slot:\"mainhand\"}]}"
					}
				  ]
				},
				{
				  "type": "item",
				  "name": "minecraft:diamond_axe",
				  "weight": 1,
				  "functions": [
					{
					  "function": "set_nbt",
					  "tag": "{display:{Name:\"{\\\"translate\\\":\\\"item.minecraft.diamond_axe\\\",\\\"color\\\":\\\"blue\\\",\\\"italic\\\":\\\"false\\\"}\"},AttributeModifiers:[{AttributeName:\"generic.attackDamage\",Name:\"generic.attackDamage\",Amount:11,Operation:0,UUIDMost:498950,UUIDLeast:681683,Slot:\"mainhand\"},{AttributeName:\"generic.attackSpeed\",Name:\"generic.attackSpeed\",Amount:-3,Operation:0,UUIDMost:482281,UUIDLeast:120608,Slot:\"mainhand\"}]}"
					}
				  ]
				},
				{
				  "type": "item",
				  "name": "minecraft:iron_pickaxe",
				  "weight": 4,
				  "functions": [
					{
					  "function": "set_nbt",
					  "tag": "{display:{Name:\"{\\\"text\\\":\\\"One Shot\\\",\\\"color\\\":\\\"dark_purple\\\",\\\"italic\\\":\\\"false\\\"}\"},Enchantments:[{id:\"minecraft:sweeping\",lvl:10}],Damage:250,RepairCost:100,AttributeModifiers:[{AttributeName:\"generic.attackDamage\",Name:\"generic.attackDamage\",Amount:100,Operation:0,UUIDMost:95275,UUIDLeast:448575,Slot:\"mainhand\"},{AttributeName:\"generic.attackSpeed\",Name:\"generic.attackSpeed\",Amount:-0.99,Operation:1,UUIDMost:95276,UUIDLeast:448575,Slot:\"mainhand\"}]}"
					}
				  ]
				},
				{
				  "type": "item",
				  "name": "minecraft:diamond_sword",
				  "weight": 4,
				  "functions": [
					{
					  "function": "set_nbt",
					  "tag": "{display:{Name:\"{\\\"text\\\":\\\"Espadon\\\",\\\"color\\\":\\\"dark_purple\\\",\\\"italic\\\":\\\"false\\\"}\",Lore:[\"Intimidation\"]},RepairCost:20}"
					}
				  ]
				},
				{
				  "type": "item",
				  "name": "minecraft:paper",
				  "weight": 4,
				  "functions": [
					{
					  "function": "set_nbt",
					  "tag": "{display:{Name:\"{\\\"text\\\":\\\"Page de la connaissance\\\",\\\"color\\\":\\\"dark_purple\\\",\\\"italic\\\":\\\"false\\\"}\"},AttributeModifiers:[{AttributeName:\"generic.luck\",Name:\"generic.luck\",Amount:1,Operation:0,UUIDMost:14220,UUIDLeast:249746,Slot:\"offhand\"}]}"
					}
				  ]
				},
				{
				  "type": "item",
				  "name": "minecraft:book",
				  "weight": 1,
				  "functions": [
					{
					  "function": "set_nbt",
					  "tag": "{display:{Name:\"{\\\"text\\\":\\\"Livre de la connaissance\\\",\\\"color\\\":\\\"gold\\\",\\\"italic\\\":\\\"false\\\",\\\"bold\\\":\\\"true\\\"}\"},AttributeModifiers:[{AttributeName:\"generic.luck\",Name:\"generic.luck\",Amount:2,Operation:0,UUIDMost:14319,UUIDLeast:249746,Slot:\"offhand\"}]}"
					}
				  ]
				}
            ]
        }
    ]
}