{
  "pools": [
    {
      "rolls": 1,
      "bonus_rolls": {
        "min": 0,
        "max": 1
      },
      "entries": [
	    {
          "type": "item",
          "name": "minecraft:knowledge_book",
          "weight": 1,
          "functions": [
            {
              "function": "set_nbt",
              "tag": "{display:{Name:\"[{\\\"translate\\\":\\\"item.minecraft.knowledge_book\\\",\\\"italic\\\":\\\"false\\\"},{\\\"text\\\":\\\" : \\\"},{\\\"translate\\\":\\\"block.minecraft.yellow_banner\\\",\\\"color\\\":\\\"green\\\"}]\"},Recipes:[\"minecraft:yellow_banner\"]}"
            }
          ]
        },
		{
          "type": "item",
          "name": "minecraft:knowledge_book",
          "weight": 1,
          "functions": [
            {
              "function": "set_nbt",
              "tag": "{display:{Name:\"[{\\\"translate\\\":\\\"item.minecraft.knowledge_book\\\",\\\"italic\\\":\\\"false\\\"},{\\\"text\\\":\\\" : \\\"},{\\\"translate\\\":\\\"block.minecraft.yellow_bed\\\",\\\"color\\\":\\\"green\\\"}]\"},Recipes:[\"minecraft:yellow_bed\"]}"
            }
          ]
        },
		{
          "type": "item",
          "name": "minecraft:knowledge_book",
          "weight": 1,
          "functions": [
            {
              "function": "set_nbt",
              "tag": "{display:{Name:\"[{\\\"translate\\\":\\\"item.minecraft.knowledge_book\\\",\\\"italic\\\":\\\"false\\\"},{\\\"text\\\":\\\" : \\\"},{\\\"translate\\\":\\\"block.minecraft.yellow_bed\\\",\\\"color\\\":\\\"green\\\"},{\\\"text\\\":\\\" \\\"},{\\\"translate\\\":\\\"item.dyed\\\",\\\"color\\\":\\\"green\\\"}]\"},Recipes:[\"minecraft:yellow_bed_from_white_bed\"]}"
            }
          ]
        },
		{
          "type": "item",
          "name": "minecraft:knowledge_book",
          "weight": 1,
          "functions": [
            {
              "function": "set_nbt",
              "tag": "{display:{Name:\"[{\\\"translate\\\":\\\"item.minecraft.knowledge_book\\\",\\\"italic\\\":\\\"false\\\"},{\\\"text\\\":\\\" : \\\"},{\\\"translate\\\":\\\"block.minecraft.yellow_carpet\\\",\\\"color\\\":\\\"green\\\"}]\"},Recipes:[\"minecraft:yellow_carpet\"]}"
            }
          ]
        },
		{
          "type": "item",
          "name": "minecraft:knowledge_book",
          "weight": 1,
          "functions": [
            {
              "function": "set_nbt",
              "tag": "{display:{Name:\"[{\\\"translate\\\":\\\"item.minecraft.knowledge_book\\\",\\\"italic\\\":\\\"false\\\"},{\\\"text\\\":\\\" : \\\"},{\\\"translate\\\":\\\"block.minecraft.yellow_concrete_powder\\\",\\\"color\\\":\\\"green\\\"}]\"},Recipes:[\"minecraft:yellow_concrete_powder\"]}"
            }
          ]
        },
		{
          "type": "item",
          "name": "minecraft:knowledge_book",
          "weight": 1,
          "functions": [
            {
              "function": "set_nbt",
              "tag": "{display:{Name:\"[{\\\"translate\\\":\\\"item.minecraft.knowledge_book\\\",\\\"italic\\\":\\\"false\\\"},{\\\"text\\\":\\\" : \\\"},{\\\"translate\\\":\\\"block.minecraft.dandelion\\\",\\\"color\\\":\\\"green\\\"},{\\\"text\\\":\\\" -> \\\"},{\\\"translate\\\":\\\"item.minecraft.dandelion_yellow\\\",\\\"color\\\":\\\"green\\\"}]\"},Recipes:[\"minecraft:yellow_dye_from_dandelion\"]}"
            }
          ]
        },
		{
          "type": "item",
          "name": "minecraft:knowledge_book",
          "weight": 1,
          "functions": [
            {
              "function": "set_nbt",
              "tag": "{display:{Name:\"[{\\\"translate\\\":\\\"item.minecraft.knowledge_book\\\",\\\"italic\\\":\\\"false\\\"},{\\\"text\\\":\\\" : \\\"},{\\\"translate\\\":\\\"item.minecraft.sunflower\\\",\\\"color\\\":\\\"green\\\"},{\\\"text\\\":\\\" -> \\\"},{\\\"translate\\\":\\\"item.minecraft.dandelion_yellow\\\",\\\"color\\\":\\\"green\\\"}]\"},Recipes:[\"minecraft:yellow_dye_from_sunflower\"]}"
            }
          ]
        },
		{
          "type": "item",
          "name": "minecraft:knowledge_book",
          "weight": 1,
          "functions": [
            {
              "function": "set_nbt",
              "tag": "{display:{Name:\"[{\\\"translate\\\":\\\"item.minecraft.knowledge_book\\\",\\\"italic\\\":\\\"false\\\"},{\\\"text\\\":\\\" : \\\"},{\\\"translate\\\":\\\"block.minecraft.yellow_glazed_terracotta\\\",\\\"color\\\":\\\"green\\\"}]\"},Recipes:[\"minecraft:yellow_glazed_terracotta\"]}"
            }
          ]
        },
		{
          "type": "item",
          "name": "minecraft:knowledge_book",
          "weight": 1,
          "functions": [
            {
              "function": "set_nbt",
              "tag": "{display:{Name:\"[{\\\"translate\\\":\\\"item.minecraft.knowledge_book\\\",\\\"italic\\\":\\\"false\\\"},{\\\"text\\\":\\\" : \\\"},{\\\"translate\\\":\\\"block.minecraft.yellow_stained_glass\\\",\\\"color\\\":\\\"green\\\"}]\"},Recipes:[\"minecraft:yellow_stained_glass\"]}"
            }
          ]
        },
		{
          "type": "item",
          "name": "minecraft:knowledge_book",
          "weight": 1,
          "functions": [
            {
              "function": "set_nbt",
              "tag": "{display:{Name:\"[{\\\"translate\\\":\\\"item.minecraft.knowledge_book\\\",\\\"italic\\\":\\\"false\\\"},{\\\"text\\\":\\\" : \\\"},{\\\"translate\\\":\\\"block.minecraft.yellow_stained_glass_pane\\\",\\\"color\\\":\\\"green\\\"}]\"},Recipes:[\"minecraft:yellow_stained_glass_pane\"]}"
            }
          ]
        },
		{
          "type": "item",
          "name": "minecraft:knowledge_book",
          "weight": 1,
          "functions": [
            {
              "function": "set_nbt",
              "tag": "{display:{Name:\"[{\\\"translate\\\":\\\"item.minecraft.knowledge_book\\\",\\\"italic\\\":\\\"false\\\"},{\\\"text\\\":\\\" : \\\"},{\\\"translate\\\":\\\"block.minecraft.yellow_terracotta\\\",\\\"color\\\":\\\"green\\\"}]\"},Recipes:[\"minecraft:yellow_terracotta\"]}"
            }
          ]
        },
		{
          "type": "item",
          "name": "minecraft:knowledge_book",
          "weight": 1,
          "functions": [
            {
              "function": "set_nbt",
              "tag": "{display:{Name:\"[{\\\"translate\\\":\\\"item.minecraft.knowledge_book\\\",\\\"italic\\\":\\\"false\\\"},{\\\"text\\\":\\\" : \\\"},{\\\"translate\\\":\\\"block.minecraft.yellow_wool\\\",\\\"color\\\":\\\"green\\\"}]\"},Recipes:[\"minecraft:yellow_wool\"]}"
            }
          ]
        }
      ]
    }
  ]
}