{
  "pools": [
    {
      "rolls": 1,
      "bonus_rolls": {
        "min": 0,
        "max": 1
      },
      "entries": [
	    {
          "type": "item",
          "name": "minecraft:knowledge_book",
          "weight": 1,
          "functions": [
            {
              "function": "set_nbt",
              "tag": "{display:{Name:\"[{\\\"translate\\\":\\\"item.minecraft.knowledge_book\\\",\\\"italic\\\":\\\"false\\\"},{\\\"text\\\":\\\" : \\\"},{\\\"translate\\\":\\\"block.minecraft.wheat\\\",\\\"color\\\":\\\"green\\\"}]\"},Recipes:[\"minecraft:wheat\"]}"
            }
          ]
        },
		{
          "type": "item",
          "name": "minecraft:knowledge_book",
          "weight": 1,
          "functions": [
            {
              "function": "set_nbt",
              "tag": "{display:{Name:\"[{\\\"translate\\\":\\\"item.minecraft.knowledge_book\\\",\\\"italic\\\":\\\"false\\\"},{\\\"text\\\":\\\" : \\\"},{\\\"translate\\\":\\\"block.minecraft.white_banner\\\",\\\"color\\\":\\\"green\\\"}]\"},Recipes:[\"minecraft:orange_banner\"]}"
            }
          ]
        },
		{
          "type": "item",
          "name": "minecraft:knowledge_book",
          "weight": 1,
          "functions": [
            {
              "function": "set_nbt",
              "tag": "{display:{Name:\"[{\\\"translate\\\":\\\"item.minecraft.knowledge_book\\\",\\\"italic\\\":\\\"false\\\"},{\\\"text\\\":\\\" : \\\"},{\\\"translate\\\":\\\"block.minecraft.white_bed\\\",\\\"color\\\":\\\"green\\\"}]\"},Recipes:[\"minecraft:orange_bed\"]}"
            }
          ]
        },
		{
          "type": "item",
          "name": "minecraft:knowledge_book",
          "weight": 1,
          "functions": [
            {
              "function": "set_nbt",
              "tag": "{display:{Name:\"[{\\\"translate\\\":\\\"item.minecraft.knowledge_book\\\",\\\"italic\\\":\\\"false\\\"},{\\\"text\\\":\\\" : \\\"},{\\\"translate\\\":\\\"block.minecraft.white_carpet\\\",\\\"color\\\":\\\"green\\\"}]\"},Recipes:[\"minecraft:white_carpet\"]}"
            }
          ]
        },
		{
          "type": "item",
          "name": "minecraft:knowledge_book",
          "weight": 1,
          "functions": [
            {
              "function": "set_nbt",
              "tag": "{display:{Name:\"[{\\\"translate\\\":\\\"item.minecraft.knowledge_book\\\",\\\"italic\\\":\\\"false\\\"},{\\\"text\\\":\\\" : \\\"},{\\\"translate\\\":\\\"block.minecraft.white_concrete_powder\\\",\\\"color\\\":\\\"green\\\"}]\"},Recipes:[\"minecraft:white_concrete_powder\"]}"
            }
          ]
        },
		{
          "type": "item",
          "name": "minecraft:knowledge_book",
          "weight": 1,
          "functions": [
            {
              "function": "set_nbt",
              "tag": "{display:{Name:\"[{\\\"translate\\\":\\\"item.minecraft.knowledge_book\\\",\\\"italic\\\":\\\"false\\\"},{\\\"text\\\":\\\" : \\\"},{\\\"translate\\\":\\\"block.minecraft.white_glazed_terracotta\\\",\\\"color\\\":\\\"green\\\"}]\"},Recipes:[\"minecraft:white_glazed_terracotta\"]}"
            }
          ]
        },
		{
          "type": "item",
          "name": "minecraft:knowledge_book",
          "weight": 1,
          "functions": [
            {
              "function": "set_nbt",
              "tag": "{display:{Name:\"[{\\\"translate\\\":\\\"item.minecraft.knowledge_book\\\",\\\"italic\\\":\\\"false\\\"},{\\\"text\\\":\\\" : \\\"},{\\\"translate\\\":\\\"block.minecraft.white_stained_glass\\\",\\\"color\\\":\\\"green\\\"}]\"},Recipes:[\"minecraft:white_stained_glass\"]}"
            }
          ]
        },
		{
          "type": "item",
          "name": "minecraft:knowledge_book",
          "weight": 1,
          "functions": [
            {
              "function": "set_nbt",
              "tag": "{display:{Name:\"[{\\\"translate\\\":\\\"item.minecraft.knowledge_book\\\",\\\"italic\\\":\\\"false\\\"},{\\\"text\\\":\\\" : \\\"},{\\\"translate\\\":\\\"block.minecraft.white_stained_glass_pane\\\",\\\"color\\\":\\\"green\\\"}]\"},Recipes:[\"minecraft:white_stained_glass_pane\"]}"
            }
          ]
        },
		{
          "type": "item",
          "name": "minecraft:knowledge_book",
          "weight": 1,
          "functions": [
            {
              "function": "set_nbt",
              "tag": "{display:{Name:\"[{\\\"translate\\\":\\\"item.minecraft.knowledge_book\\\",\\\"italic\\\":\\\"false\\\"},{\\\"text\\\":\\\" : \\\"},{\\\"translate\\\":\\\"block.minecraft.white_terracotta\\\",\\\"color\\\":\\\"green\\\"}]\"},Recipes:[\"minecraft:white_terracotta\"]}"
            }
          ]
        },
		{
          "type": "item",
          "name": "minecraft:knowledge_book",
          "weight": 1,
          "functions": [
            {
              "function": "set_nbt",
              "tag": "{display:{Name:\"[{\\\"translate\\\":\\\"item.minecraft.knowledge_book\\\",\\\"italic\\\":\\\"false\\\"},{\\\"text\\\":\\\" : \\\"},{\\\"translate\\\":\\\"block.minecraft.white_wool\\\",\\\"color\\\":\\\"green\\\"}]\"},Recipes:[\"minecraft:white_wool_from_string\"]}"
            }
          ]
        },
		{
          "type": "item",
          "name": "minecraft:knowledge_book",
          "weight": 1,
          "functions": [
            {
              "function": "set_nbt",
              "tag": "{display:{Name:\"[{\\\"translate\\\":\\\"item.minecraft.knowledge_book\\\",\\\"italic\\\":\\\"false\\\"},{\\\"text\\\":\\\" : \\\"},{\\\"translate\\\":\\\"item.minecraft.wooden_axe\\\",\\\"color\\\":\\\"green\\\"}]\"},Recipes:[\"minecraft:wooden_axe\"]}"
            }
          ]
        },
		{
          "type": "item",
          "name": "minecraft:knowledge_book",
          "weight": 1,
          "functions": [
            {
              "function": "set_nbt",
              "tag": "{display:{Name:\"[{\\\"translate\\\":\\\"item.minecraft.knowledge_book\\\",\\\"italic\\\":\\\"false\\\"},{\\\"text\\\":\\\" : \\\"},{\\\"translate\\\":\\\"item.minecraft.wooden_hoe\\\",\\\"color\\\":\\\"green\\\"}]\"},Recipes:[\"minecraft:wooden_hoe\"]}"
            }
          ]
        },
		{
          "type": "item",
          "name": "minecraft:knowledge_book",
          "weight": 1,
          "functions": [
            {
              "function": "set_nbt",
              "tag": "{display:{Name:\"[{\\\"translate\\\":\\\"item.minecraft.knowledge_book\\\",\\\"italic\\\":\\\"false\\\"},{\\\"text\\\":\\\" : \\\"},{\\\"translate\\\":\\\"item.minecraft.wooden_pickaxe\\\",\\\"color\\\":\\\"green\\\"}]\"},Recipes:[\"minecraft:wooden_pickaxe\"]}"
            }
          ]
        },
		{
          "type": "item",
          "name": "minecraft:knowledge_book",
          "weight": 1,
          "functions": [
            {
              "function": "set_nbt",
              "tag": "{display:{Name:\"[{\\\"translate\\\":\\\"item.minecraft.knowledge_book\\\",\\\"italic\\\":\\\"false\\\"},{\\\"text\\\":\\\" : \\\"},{\\\"translate\\\":\\\"item.minecraft.wooden_shovel\\\",\\\"color\\\":\\\"green\\\"}]\"},Recipes:[\"minecraft:wooden_shovel\"]}"
            }
          ]
        },
		{
          "type": "item",
          "name": "minecraft:knowledge_book",
          "weight": 1,
          "functions": [
            {
              "function": "set_nbt",
              "tag": "{display:{Name:\"[{\\\"translate\\\":\\\"item.minecraft.knowledge_book\\\",\\\"italic\\\":\\\"false\\\"},{\\\"text\\\":\\\" : \\\"},{\\\"translate\\\":\\\"item.minecraft.wooden_sword\\\",\\\"color\\\":\\\"green\\\"}]\"},Recipes:[\"minecraft:wooden_sword\"]}"
            }
          ]
        },
		{
          "type": "item",
          "name": "minecraft:knowledge_book",
          "weight": 1,
          "functions": [
            {
              "function": "set_nbt",
              "tag": "{display:{Name:\"[{\\\"translate\\\":\\\"item.minecraft.knowledge_book\\\",\\\"italic\\\":\\\"false\\\"},{\\\"text\\\":\\\" : \\\"},{\\\"translate\\\":\\\"item.minecraft.writable_book\\\",\\\"color\\\":\\\"green\\\"}]\"},Recipes:[\"minecraft:writable_book\"]}"
            }
          ]
        }
      ]
    }
  ]
}