{
  "pools": [
    {
      "rolls": 1,
      "bonus_rolls": {
        "min": 0,
        "max": 1
      },
      "entries": [
	    {
          "type": "item",
          "name": "minecraft:knowledge_book",
          "weight": 1,
          "functions": [
            {
              "function": "set_nbt",
              "tag": "{display:{Name:\"[{\\\"translate\\\":\\\"item.minecraft.knowledge_book\\\",\\\"italic\\\":\\\"false\\\"},{\\\"text\\\":\\\" : \\\"},{\\\"translate\\\":\\\"block.minecraft.sandstone\\\",\\\"color\\\":\\\"green\\\"}]\"},Recipes:[\"minecraft:sandstone\"]}"
            }
          ]
        },
		{
          "type": "item",
          "name": "minecraft:knowledge_book",
          "weight": 1,
          "functions": [
            {
              "function": "set_nbt",
              "tag": "{display:{Name:\"[{\\\"translate\\\":\\\"item.minecraft.knowledge_book\\\",\\\"italic\\\":\\\"false\\\"},{\\\"text\\\":\\\" : \\\"},{\\\"translate\\\":\\\"block.minecraft.sandstone_slab\\\",\\\"color\\\":\\\"green\\\"}]\"},Recipes:[\"minecraft:sandstone_slab\"]}"
            }
          ]
        },
		{
          "type": "item",
          "name": "minecraft:knowledge_book",
          "weight": 1,
          "functions": [
            {
              "function": "set_nbt",
              "tag": "{display:{Name:\"[{\\\"translate\\\":\\\"item.minecraft.knowledge_book\\\",\\\"italic\\\":\\\"false\\\"},{\\\"text\\\":\\\" : \\\"},{\\\"translate\\\":\\\"block.minecraft.sandstone_stairs\\\",\\\"color\\\":\\\"green\\\"}]\"},Recipes:[\"minecraft:sandstone_stairs\"]}"
            }
          ]
        },
		{
          "type": "item",
          "name": "minecraft:knowledge_book",
          "weight": 1,
          "functions": [
            {
              "function": "set_nbt",
              "tag": "{display:{Name:\"[{\\\"translate\\\":\\\"item.minecraft.knowledge_book\\\",\\\"italic\\\":\\\"false\\\"},{\\\"text\\\":\\\" : \\\"},{\\\"translate\\\":\\\"block.minecraft.sea_lantern\\\",\\\"color\\\":\\\"green\\\"}]\"},Recipes:[\"minecraft:sea_lantern\"]}"
            }
          ]
        },
		{
          "type": "item",
          "name": "minecraft:knowledge_book",
          "weight": 1,
          "functions": [
            {
              "function": "set_nbt",
              "tag": "{display:{Name:\"[{\\\"translate\\\":\\\"item.minecraft.knowledge_book\\\",\\\"italic\\\":\\\"false\\\"},{\\\"text\\\":\\\" : \\\"},{\\\"translate\\\":\\\"item.minecraft.shears\\\",\\\"color\\\":\\\"green\\\"}]\"},Recipes:[\"minecraft:shears\"]}"
            }
          ]
        },
		{
          "type": "item",
          "name": "minecraft:knowledge_book",
          "weight": 1,
          "functions": [
            {
              "function": "set_nbt",
              "tag": "{display:{Name:\"[{\\\"translate\\\":\\\"item.minecraft.knowledge_book\\\",\\\"italic\\\":\\\"false\\\"},{\\\"text\\\":\\\" : \\\"},{\\\"translate\\\":\\\"item.minecraft.shield\\\",\\\"color\\\":\\\"green\\\"}]\"},Recipes:[\"minecraft:shield\"]}"
            }
          ]
        },
		{
          "type": "item",
          "name": "minecraft:knowledge_book",
          "weight": 1,
          "functions": [
            {
              "function": "set_nbt",
              "tag": "{display:{Name:\"[{\\\"translate\\\":\\\"item.minecraft.knowledge_book\\\",\\\"italic\\\":\\\"false\\\"},{\\\"text\\\":\\\" : \\\"},{\\\"translate\\\":\\\"item.minecraft.shield\\\",\\\"color\\\":\\\"green\\\"},{\\\"text\\\":\\\" \\\"},{\\\"translate\\\":\\\"itemGroup.decorations\\\",\\\"color\\\":\\\"green\\\"}]\"},Recipes:[\"minecraft:shield_decoration\"]}"
            }
          ]
        },
		{
          "type": "item",
          "name": "minecraft:knowledge_book",
          "weight": 1,
          "functions": [
            {
              "function": "set_nbt",
              "tag": "{display:{Name:\"[{\\\"translate\\\":\\\"item.minecraft.knowledge_book\\\",\\\"italic\\\":\\\"false\\\"},{\\\"text\\\":\\\" : \\\"},{\\\"translate\\\":\\\"block.minecraft.shulker_box\\\",\\\"color\\\":\\\"green\\\"}]\"},Recipes:[\"minecraft:shulker_box\"]}"
            }
          ]
        },
		{
          "type": "item",
          "name": "minecraft:knowledge_book",
          "weight": 1,
          "functions": [
            {
              "function": "set_nbt",
              "tag": "{display:{Name:\"[{\\\"translate\\\":\\\"item.minecraft.knowledge_book\\\",\\\"italic\\\":\\\"false\\\"},{\\\"text\\\":\\\" : \\\"},{\\\"translate\\\":\\\"block.minecraft.shulker_box\\\",\\\"color\\\":\\\"green\\\"},{\\\"translate\\\":\\\"item.dyed\\\",\\\"color\\\":\\\"green\\\"}]\"},Recipes:[\"minecraft:shulker_box_coloring\"]}"
            }
          ]
        },
		{
          "type": "item",
          "name": "minecraft:knowledge_book",
          "weight": 1,
          "functions": [
            {
              "function": "set_nbt",
              "tag": "{display:{Name:\"[{\\\"translate\\\":\\\"item.minecraft.knowledge_book\\\",\\\"italic\\\":\\\"false\\\"},{\\\"text\\\":\\\" : \\\"},{\\\"translate\\\":\\\"block.minecraft.sign\\\",\\\"color\\\":\\\"green\\\"}]\"},Recipes:[\"minecraft:sign\"]}"
            }
          ]
        },
		{
          "type": "item",
          "name": "minecraft:knowledge_book",
          "weight": 1,
          "functions": [
            {
              "function": "set_nbt",
              "tag": "{display:{Name:\"[{\\\"translate\\\":\\\"item.minecraft.knowledge_book\\\",\\\"italic\\\":\\\"false\\\"},{\\\"text\\\":\\\" : \\\"},{\\\"translate\\\":\\\"item.minecraft.slime_ball\\\",\\\"color\\\":\\\"green\\\"}]\"},Recipes:[\"minecraft:slime_ball\"]}"
            }
          ]
        },
		{
          "type": "item",
          "name": "minecraft:knowledge_book",
          "weight": 1,
          "functions": [
            {
              "function": "set_nbt",
              "tag": "{display:{Name:\"[{\\\"translate\\\":\\\"item.minecraft.knowledge_book\\\",\\\"italic\\\":\\\"false\\\"},{\\\"text\\\":\\\" : \\\"},{\\\"translate\\\":\\\"block.minecraft.slime_block\\\",\\\"color\\\":\\\"green\\\"}]\"},Recipes:[\"minecraft:slime_block\"]}"
            }
          ]
        },
		{
          "type": "item",
          "name": "minecraft:knowledge_book",
          "weight": 1,
          "functions": [
            {
              "function": "set_nbt",
              "tag": "{display:{Name:\"[{\\\"translate\\\":\\\"item.minecraft.knowledge_book\\\",\\\"italic\\\":\\\"false\\\"},{\\\"text\\\":\\\" : \\\"},{\\\"translate\\\":\\\"block.minecraft.snow\\\",\\\"color\\\":\\\"green\\\"}]\"},Recipes:[\"minecraft:snow\"]}"
            }
          ]
        },
		{
          "type": "item",
          "name": "minecraft:knowledge_book",
          "weight": 1,
          "functions": [
            {
              "function": "set_nbt",
              "tag": "{display:{Name:\"[{\\\"translate\\\":\\\"item.minecraft.knowledge_book\\\",\\\"italic\\\":\\\"false\\\"},{\\\"text\\\":\\\" : \\\"},{\\\"translate\\\":\\\"block.minecraft.snow_block\\\",\\\"color\\\":\\\"green\\\"}]\"},Recipes:[\"minecraft:snow_block\"]}"
            }
          ]
        },
		{
          "type": "item",
          "name": "minecraft:knowledge_book",
          "weight": 1,
          "functions": [
            {
              "function": "set_nbt",
              "tag": "{display:{Name:\"[{\\\"translate\\\":\\\"item.minecraft.knowledge_book\\\",\\\"italic\\\":\\\"false\\\"},{\\\"text\\\":\\\" : \\\"},{\\\"translate\\\":\\\"item.minecraft.spectral_arrow\\\",\\\"color\\\":\\\"green\\\"}]\"},Recipes:[\"minecraft:spectral_arrow\"]}"
            }
          ]
        },
		{
          "type": "item",
          "name": "minecraft:knowledge_book",
          "weight": 1,
          "functions": [
            {
              "function": "set_nbt",
              "tag": "{display:{Name:\"[{\\\"translate\\\":\\\"item.minecraft.knowledge_book\\\",\\\"italic\\\":\\\"false\\\"},{\\\"text\\\":\\\" : \\\"},{\\\"translate\\\":\\\"block.minecraft.sponge\\\",\\\"color\\\":\\\"green\\\"}]\"},Recipes:[\"minecraft:sponge\"]}"
            }
          ]
        },
		{
          "type": "item",
          "name": "minecraft:knowledge_book",
          "weight": 1,
          "functions": [
            {
              "function": "set_nbt",
              "tag": "{display:{Name:\"[{\\\"translate\\\":\\\"item.minecraft.knowledge_book\\\",\\\"italic\\\":\\\"false\\\"},{\\\"text\\\":\\\" : \\\"},{\\\"translate\\\":\\\"block.minecraft.spruce_bark\\\",\\\"color\\\":\\\"green\\\"}]\"},Recipes:[\"minecraft:spruce_bark\"]}"
            }
          ]
        },
		{
          "type": "item",
          "name": "minecraft:knowledge_book",
          "weight": 1,
          "functions": [
            {
              "function": "set_nbt",
              "tag": "{display:{Name:\"[{\\\"translate\\\":\\\"item.minecraft.knowledge_book\\\",\\\"italic\\\":\\\"false\\\"},{\\\"text\\\":\\\" : \\\"},{\\\"translate\\\":\\\"item.minecraft.spruce_boat\\\",\\\"color\\\":\\\"green\\\"}]\"},Recipes:[\"minecraft:spruce_boat\"]}"
            }
          ]
        },
		{
          "type": "item",
          "name": "minecraft:knowledge_book",
          "weight": 1,
          "functions": [
            {
              "function": "set_nbt",
              "tag": "{display:{Name:\"[{\\\"translate\\\":\\\"item.minecraft.knowledge_book\\\",\\\"italic\\\":\\\"false\\\"},{\\\"text\\\":\\\" : \\\"},{\\\"translate\\\":\\\"block.minecraft.spruce_button\\\",\\\"color\\\":\\\"green\\\"}]\"},Recipes:[\"minecraft:spruce_button\"]}"
            }
          ]
        },
		{
          "type": "item",
          "name": "minecraft:knowledge_book",
          "weight": 1,
          "functions": [
            {
              "function": "set_nbt",
              "tag": "{display:{Name:\"[{\\\"translate\\\":\\\"item.minecraft.knowledge_book\\\",\\\"italic\\\":\\\"false\\\"},{\\\"text\\\":\\\" : \\\"},{\\\"translate\\\":\\\"block.minecraft.spruce_door\\\",\\\"color\\\":\\\"green\\\"}]\"},Recipes:[\"minecraft:spruce_door\"]}"
            }
          ]
        },
		{
          "type": "item",
          "name": "minecraft:knowledge_book",
          "weight": 1,
          "functions": [
            {
              "function": "set_nbt",
              "tag": "{display:{Name:\"[{\\\"translate\\\":\\\"item.minecraft.knowledge_book\\\",\\\"italic\\\":\\\"false\\\"},{\\\"text\\\":\\\" : \\\"},{\\\"translate\\\":\\\"block.minecraft.spruce_fence\\\",\\\"color\\\":\\\"green\\\"}]\"},Recipes:[\"minecraft:spruce_fence\"]}"
            }
          ]
        },
		{
          "type": "item",
          "name": "minecraft:knowledge_book",
          "weight": 1,
          "functions": [
            {
              "function": "set_nbt",
              "tag": "{display:{Name:\"[{\\\"translate\\\":\\\"item.minecraft.knowledge_book\\\",\\\"italic\\\":\\\"false\\\"},{\\\"text\\\":\\\" : \\\"},{\\\"translate\\\":\\\"block.minecraft.spruce_fence_gate\\\",\\\"color\\\":\\\"green\\\"}]\"},Recipes:[\"minecraft:spruce_fence_gate\"]}"
            }
          ]
        },
		{
          "type": "item",
          "name": "minecraft:knowledge_book",
          "weight": 1,
          "functions": [
            {
              "function": "set_nbt",
              "tag": "{display:{Name:\"[{\\\"translate\\\":\\\"item.minecraft.knowledge_book\\\",\\\"italic\\\":\\\"false\\\"},{\\\"text\\\":\\\" : \\\"},{\\\"translate\\\":\\\"block.minecraft.spruce_planks\\\",\\\"color\\\":\\\"green\\\"}]\"},Recipes:[\"minecraft:spruce_planks\"]}"
            }
          ]
        },
		{
          "type": "item",
          "name": "minecraft:knowledge_book",
          "weight": 1,
          "functions": [
            {
              "function": "set_nbt",
              "tag": "{display:{Name:\"[{\\\"translate\\\":\\\"item.minecraft.knowledge_book\\\",\\\"italic\\\":\\\"false\\\"},{\\\"text\\\":\\\" : \\\"},{\\\"translate\\\":\\\"block.minecraft.spruce_pressure_plate\\\",\\\"color\\\":\\\"green\\\"}]\"},Recipes:[\"minecraft:spruce_pressure_plate\"]}"
            }
          ]
        },
		{
          "type": "item",
          "name": "minecraft:knowledge_book",
          "weight": 1,
          "functions": [
            {
              "function": "set_nbt",
              "tag": "{display:{Name:\"[{\\\"translate\\\":\\\"item.minecraft.knowledge_book\\\",\\\"italic\\\":\\\"false\\\"},{\\\"text\\\":\\\" : \\\"},{\\\"translate\\\":\\\"block.minecraft.spruce_slab\\\",\\\"color\\\":\\\"green\\\"}]\"},Recipes:[\"minecraft:spruce_slab\"]}"
            }
          ]
        },
		{
          "type": "item",
          "name": "minecraft:knowledge_book",
          "weight": 1,
          "functions": [
            {
              "function": "set_nbt",
              "tag": "{display:{Name:\"[{\\\"translate\\\":\\\"item.minecraft.knowledge_book\\\",\\\"italic\\\":\\\"false\\\"},{\\\"text\\\":\\\" : \\\"},{\\\"translate\\\":\\\"block.minecraft.spruce_stairs\\\",\\\"color\\\":\\\"green\\\"}]\"},Recipes:[\"minecraft:spruce_stairs\"]}"
            }
          ]
        },
		{
          "type": "item",
          "name": "minecraft:knowledge_book",
          "weight": 1,
          "functions": [
            {
              "function": "set_nbt",
              "tag": "{display:{Name:\"[{\\\"translate\\\":\\\"item.minecraft.knowledge_book\\\",\\\"italic\\\":\\\"false\\\"},{\\\"text\\\":\\\" : \\\"},{\\\"translate\\\":\\\"block.minecraft.spruce_trapdoor\\\",\\\"color\\\":\\\"green\\\"}]\"},Recipes:[\"minecraft:spruce_trapdoor\"]}"
            }
          ]
        },
		{
          "type": "item",
          "name": "minecraft:knowledge_book",
          "weight": 1,
          "functions": [
            {
              "function": "set_nbt",
              "tag": "{display:{Name:\"[{\\\"translate\\\":\\\"item.minecraft.knowledge_book\\\",\\\"italic\\\":\\\"false\\\"},{\\\"text\\\":\\\" : \\\"},{\\\"translate\\\":\\\"item.minecraft.stick\\\",\\\"color\\\":\\\"green\\\"}]\"},Recipes:[\"minecraft:stick\"]}"
            }
          ]
        },
		{
          "type": "item",
          "name": "minecraft:knowledge_book",
          "weight": 1,
          "functions": [
            {
              "function": "set_nbt",
              "tag": "{display:{Name:\"[{\\\"translate\\\":\\\"item.minecraft.knowledge_book\\\",\\\"italic\\\":\\\"false\\\"},{\\\"text\\\":\\\" : \\\"},{\\\"translate\\\":\\\"block.minecraft.sticky_piston\\\",\\\"color\\\":\\\"green\\\"}]\"},Recipes:[\"minecraft:sticky_piston\"]}"
            }
          ]
        },
		{
          "type": "item",
          "name": "minecraft:knowledge_book",
          "weight": 1,
          "functions": [
            {
              "function": "set_nbt",
              "tag": "{display:{Name:\"[{\\\"translate\\\":\\\"item.minecraft.knowledge_book\\\",\\\"italic\\\":\\\"false\\\"},{\\\"text\\\":\\\" : \\\"},{\\\"translate\\\":\\\"block.minecraft.stone\\\",\\\"color\\\":\\\"green\\\"}]\"},Recipes:[\"minecraft:stone\"]}"
            }
          ]
        },
		{
          "type": "item",
          "name": "minecraft:knowledge_book",
          "weight": 1,
          "functions": [
            {
              "function": "set_nbt",
              "tag": "{display:{Name:\"[{\\\"translate\\\":\\\"item.minecraft.knowledge_book\\\",\\\"italic\\\":\\\"false\\\"},{\\\"text\\\":\\\" : \\\"},{\\\"translate\\\":\\\"item.minecraft.stone_axe\\\",\\\"color\\\":\\\"green\\\"}]\"},Recipes:[\"minecraft:ston_axe\"]}"
            }
          ]
        },
		{
          "type": "item",
          "name": "minecraft:knowledge_book",
          "weight": 1,
          "functions": [
            {
              "function": "set_nbt",
              "tag": "{display:{Name:\"[{\\\"translate\\\":\\\"item.minecraft.knowledge_book\\\",\\\"italic\\\":\\\"false\\\"},{\\\"text\\\":\\\" : \\\"},{\\\"translate\\\":\\\"block.minecraft.stone_brick_slab\\\",\\\"color\\\":\\\"green\\\"}]\"},Recipes:[\"minecraft:stone_brick_stairs\"]}"
            }
          ]
        },
		{
          "type": "item",
          "name": "minecraft:knowledge_book",
          "weight": 1,
          "functions": [
            {
              "function": "set_nbt",
              "tag": "{display:{Name:\"[{\\\"translate\\\":\\\"item.minecraft.knowledge_book\\\",\\\"italic\\\":\\\"false\\\"},{\\\"text\\\":\\\" : \\\"},{\\\"translate\\\":\\\"block.minecraft.stone_bricks\\\",\\\"color\\\":\\\"green\\\"}]\"},Recipes:[\"minecraft:stone_bricks\"]}"
            }
          ]
        },
		{
          "type": "item",
          "name": "minecraft:knowledge_book",
          "weight": 1,
          "functions": [
            {
              "function": "set_nbt",
              "tag": "{display:{Name:\"[{\\\"translate\\\":\\\"item.minecraft.knowledge_book\\\",\\\"italic\\\":\\\"false\\\"},{\\\"text\\\":\\\" : \\\"},{\\\"translate\\\":\\\"block.minecraft.stone_button\\\",\\\"color\\\":\\\"green\\\"}]\"},Recipes:[\"minecraft:stone_button\"]}"
            }
          ]
        },
		{
          "type": "item",
          "name": "minecraft:knowledge_book",
          "weight": 1,
          "functions": [
            {
              "function": "set_nbt",
              "tag": "{display:{Name:\"[{\\\"translate\\\":\\\"item.minecraft.knowledge_book\\\",\\\"italic\\\":\\\"false\\\"},{\\\"text\\\":\\\" : \\\"},{\\\"translate\\\":\\\"item.minecraft.stone_hoe\\\",\\\"color\\\":\\\"green\\\"}]\"},Recipes:[\"minecraft:stone_hoe\"]}"
            }
          ]
        },
		{
          "type": "item",
          "name": "minecraft:knowledge_book",
          "weight": 1,
          "functions": [
            {
              "function": "set_nbt",
              "tag": "{display:{Name:\"[{\\\"translate\\\":\\\"item.minecraft.knowledge_book\\\",\\\"italic\\\":\\\"false\\\"},{\\\"text\\\":\\\" : \\\"},{\\\"translate\\\":\\\"item.minecraft.stone_pickaxe\\\",\\\"color\\\":\\\"green\\\"}]\"},Recipes:[\"minecraft:stone_pickaxe\"]}"
            }
          ]
        },
		{
          "type": "item",
          "name": "minecraft:knowledge_book",
          "weight": 1,
          "functions": [
            {
              "function": "set_nbt",
              "tag": "{display:{Name:\"[{\\\"translate\\\":\\\"item.minecraft.knowledge_book\\\",\\\"italic\\\":\\\"false\\\"},{\\\"text\\\":\\\" : \\\"},{\\\"translate\\\":\\\"block.minecraft.stone_pressure_plate\\\",\\\"color\\\":\\\"green\\\"}]\"},Recipes:[\"minecraft:stone_pressure_plate\"]}"
            }
          ]
        },
		{
          "type": "item",
          "name": "minecraft:knowledge_book",
          "weight": 1,
          "functions": [
            {
              "function": "set_nbt",
              "tag": "{display:{Name:\"[{\\\"translate\\\":\\\"item.minecraft.knowledge_book\\\",\\\"italic\\\":\\\"false\\\"},{\\\"text\\\":\\\" : \\\"},{\\\"translate\\\":\\\"item.minecraft.stone_shovel\\\",\\\"color\\\":\\\"green\\\"}]\"},Recipes:[\"minecraft:stone_shovel\"]}"
            }
          ]
        },
		{
          "type": "item",
          "name": "minecraft:knowledge_book",
          "weight": 1,
          "functions": [
            {
              "function": "set_nbt",
              "tag": "{display:{Name:\"[{\\\"translate\\\":\\\"item.minecraft.knowledge_book\\\",\\\"italic\\\":\\\"false\\\"},{\\\"text\\\":\\\" : \\\"},{\\\"translate\\\":\\\"block.minecraft.stone_slab\\\",\\\"color\\\":\\\"green\\\"}]\"},Recipes:[\"minecraft:stone_slab\"]}"
            }
          ]
        },
		{
          "type": "item",
          "name": "minecraft:knowledge_book",
          "weight": 1,
          "functions": [
            {
              "function": "set_nbt",
              "tag": "{display:{Name:\"[{\\\"translate\\\":\\\"item.minecraft.knowledge_book\\\",\\\"italic\\\":\\\"false\\\"},{\\\"text\\\":\\\" : \\\"},{\\\"translate\\\":\\\"item.minecraft.stone_sword\\\",\\\"color\\\":\\\"green\\\"}]\"},Recipes:[\"minecraft:stone_sword\"]}"
            }
          ]
        },
		{
          "type": "item",
          "name": "minecraft:knowledge_book",
          "weight": 1,
          "functions": [
            {
              "function": "set_nbt",
              "tag": "{display:{Name:\"[{\\\"translate\\\":\\\"item.minecraft.knowledge_book\\\",\\\"italic\\\":\\\"false\\\"},{\\\"text\\\":\\\" : \\\"},{\\\"translate\\\":\\\"item.minecraft.sugar\\\",\\\"color\\\":\\\"green\\\"}]\"},Recipes:[\"minecraft:sugar\"]}"
            }
          ]
        }
      ]
    }
  ]
}