{
  "pools": [
    {
      "rolls": 1,
      "bonus_rolls": {
        "min": 0,
        "max": 1
      },
      "entries": [
	    {
          "type": "item",
          "name": "minecraft:knowledge_book",
          "weight": 1,
          "functions": [
            {
              "function": "set_nbt",
              "tag": "{display:{Name:\"[{\\\"translate\\\":\\\"item.minecraft.knowledge_book\\\",\\\"italic\\\":\\\"false\\\"},{\\\"text\\\":\\\" : \\\"},{\\\"translate\\\":\\\"item.minecraft.cactus_green\\\",\\\"color\\\":\\\"green\\\"}]\"},Recipes:[\"minecraft:cactus_green\"]}"
            }
          ]
        },
		{
          "type": "item",
          "name": "minecraft:knowledge_book",
          "weight": 1,
          "functions": [
            {
              "function": "set_nbt",
              "tag": "{display:{Name:\"[{\\\"translate\\\":\\\"item.minecraft.knowledge_book\\\",\\\"italic\\\":\\\"false\\\"},{\\\"text\\\":\\\" : \\\"},{\\\"translate\\\":\\\"block.minecraft.cake\\\",\\\"color\\\":\\\"green\\\"}]\"},Recipes:[\"minecraft:cake\"]}"
            }
          ]
        },
		{
          "type": "item",
          "name": "minecraft:knowledge_book",
          "weight": 1,
          "functions": [
            {
              "function": "set_nbt",
              "tag": "{display:{Name:\"[{\\\"translate\\\":\\\"item.minecraft.knowledge_book\\\",\\\"italic\\\":\\\"false\\\"},{\\\"text\\\":\\\" : \\\"},{\\\"translate\\\":\\\"item.minecraft.carrot_on_a_stick\\\",\\\"color\\\":\\\"green\\\"}]\"},Recipes:[\"minecraft:carrot_on_a_stick\"]}"
            }
          ]
        },
		{
          "type": "item",
          "name": "minecraft:knowledge_book",
          "weight": 1,
          "functions": [
            {
              "function": "set_nbt",
              "tag": "{display:{Name:\"[{\\\"translate\\\":\\\"item.minecraft.knowledge_book\\\",\\\"italic\\\":\\\"false\\\"},{\\\"text\\\":\\\" : \\\"},{\\\"translate\\\":\\\"block.minecraft.cauldron\\\",\\\"color\\\":\\\"green\\\"}]\"},Recipes:[\"minecraft:cauldron\"]}"
            }
          ]
        },
		{
          "type": "item",
          "name": "minecraft:knowledge_book",
          "weight": 1,
          "functions": [
            {
              "function": "set_nbt",
              "tag": "{display:{Name:\"[{\\\"translate\\\":\\\"item.minecraft.knowledge_book\\\",\\\"italic\\\":\\\"false\\\"},{\\\"text\\\":\\\" : \\\"},{\\\"translate\\\":\\\"item.minecraft.charcoal\\\",\\\"color\\\":\\\"green\\\"}]\"},Recipes:[\"minecraft:charcoal\"]}"
            }
          ]
        },
		{
          "type": "item",
          "name": "minecraft:knowledge_book",
          "weight": 1,
          "functions": [
            {
              "function": "set_nbt",
              "tag": "{display:{Name:\"[{\\\"translate\\\":\\\"item.minecraft.knowledge_book\\\",\\\"italic\\\":\\\"false\\\"},{\\\"text\\\":\\\" : \\\"},{\\\"translate\\\":\\\"block.minecraft.chest\\\",\\\"color\\\":\\\"green\\\"}]\"},Recipes:[\"minecraft:chest\"]}"
            }
          ]
        },
		{
          "type": "item",
          "name": "minecraft:knowledge_book",
          "weight": 1,
          "functions": [
            {
              "function": "set_nbt",
              "tag": "{display:{Name:\"[{\\\"translate\\\":\\\"item.minecraft.knowledge_book\\\",\\\"italic\\\":\\\"false\\\"},{\\\"text\\\":\\\" : \\\"},{\\\"translate\\\":\\\"item.minecraft.chest_minecart\\\",\\\"color\\\":\\\"green\\\"}]\"},Recipes:[\"minecraft:chest_minecart\"]}"
            }
          ]
        },
		{
          "type": "item",
          "name": "minecraft:knowledge_book",
          "weight": 1,
          "functions": [
            {
              "function": "set_nbt",
              "tag": "{display:{Name:\"[{\\\"translate\\\":\\\"item.minecraft.knowledge_book\\\",\\\"italic\\\":\\\"false\\\"},{\\\"text\\\":\\\" : \\\"},{\\\"translate\\\":\\\"block.minecraft.chiseled_quartz_block\\\",\\\"color\\\":\\\"green\\\"}]\"},Recipes:[\"minecraft:chiseled_quartz_block\"]}"
            }
          ]
        },
		{
          "type": "item",
          "name": "minecraft:knowledge_book",
          "weight": 1,
          "functions": [
            {
              "function": "set_nbt",
              "tag": "{display:{Name:\"[{\\\"translate\\\":\\\"item.minecraft.knowledge_book\\\",\\\"italic\\\":\\\"false\\\"},{\\\"text\\\":\\\" : \\\"},{\\\"translate\\\":\\\"block.minecraft.chiseled_red_sandstone\\\",\\\"color\\\":\\\"green\\\"}]\"},Recipes:[\"minecraft:chiseled_red_sandstone\"]}"
            }
          ]
        },
		{
          "type": "item",
          "name": "minecraft:knowledge_book",
          "weight": 1,
          "functions": [
            {
              "function": "set_nbt",
              "tag": "{display:{Name:\"[{\\\"translate\\\":\\\"item.minecraft.knowledge_book\\\",\\\"italic\\\":\\\"false\\\"},{\\\"text\\\":\\\" : \\\"},{\\\"translate\\\":\\\"block.minecraft.chiseled_sandstone\\\",\\\"color\\\":\\\"green\\\"}]\"},Recipes:[\"minecraft:chiseled_sandstone\"]}"
            }
          ]
        },
		{
          "type": "item",
          "name": "minecraft:knowledge_book",
          "weight": 1,
          "functions": [
            {
              "function": "set_nbt",
              "tag": "{display:{Name:\"[{\\\"translate\\\":\\\"item.minecraft.knowledge_book\\\",\\\"italic\\\":\\\"false\\\"},{\\\"text\\\":\\\" : \\\"},{\\\"translate\\\":\\\"block.minecraft.chiseled_stone_bricks\\\",\\\"color\\\":\\\"green\\\"}]\"},Recipes:[\"minecraft:chiseled_stone_bricks\"]}"
            }
          ]
        },
		{
          "type": "item",
          "name": "minecraft:knowledge_book",
          "weight": 1,
          "functions": [
            {
              "function": "set_nbt",
              "tag": "{display:{Name:\"[{\\\"translate\\\":\\\"item.minecraft.knowledge_book\\\",\\\"italic\\\":\\\"false\\\"},{\\\"text\\\":\\\" : \\\"},{\\\"translate\\\":\\\"block.minecraft.chiseled_fruit_popped\\\",\\\"color\\\":\\\"green\\\"}]\"},Recipes:[\"minecraft:chiseled_fruit_popped\"]}"
            }
          ]
        },
		{
          "type": "item",
          "name": "minecraft:knowledge_book",
          "weight": 1,
          "functions": [
            {
              "function": "set_nbt",
              "tag": "{display:{Name:\"[{\\\"translate\\\":\\\"item.minecraft.knowledge_book\\\",\\\"italic\\\":\\\"false\\\"},{\\\"text\\\":\\\" : \\\"},{\\\"translate\\\":\\\"block.minecraft.clay\\\",\\\"color\\\":\\\"green\\\"}]\"},Recipes:[\"minecraft:clay\"]}"
            }
          ]
        },
		{
          "type": "item",
          "name": "minecraft:knowledge_book",
          "weight": 1,
          "functions": [
            {
              "function": "set_nbt",
              "tag": "{display:{Name:\"[{\\\"translate\\\":\\\"item.minecraft.knowledge_book\\\",\\\"italic\\\":\\\"false\\\"},{\\\"text\\\":\\\" : \\\"},{\\\"translate\\\":\\\"item.minecraft.clock\\\",\\\"color\\\":\\\"green\\\"}]\"},Recipes:[\"minecraft:clock\"]}"
            }
          ]
        },
		{
          "type": "item",
          "name": "minecraft:knowledge_book",
          "weight": 1,
          "functions": [
            {
              "function": "set_nbt",
              "tag": "{display:{Name:\"[{\\\"translate\\\":\\\"item.minecraft.knowledge_book\\\",\\\"italic\\\":\\\"false\\\"},{\\\"text\\\":\\\" : \\\"},{\\\"translate\\\":\\\"item.minecraft.coal\\\",\\\"color\\\":\\\"green\\\"}]\"},Recipes:[\"minecraft:coal\"]}"
            }
          ]
        },
		{
          "type": "item",
          "name": "minecraft:knowledge_book",
          "weight": 1,
          "functions": [
            {
              "function": "set_nbt",
              "tag": "{display:{Name:\"[{\\\"translate\\\":\\\"item.minecraft.knowledge_book\\\",\\\"italic\\\":\\\"false\\\"},{\\\"text\\\":\\\" : \\\"},{\\\"translate\\\":\\\"block.minecraft.coal_block\\\",\\\"color\\\":\\\"green\\\"}]\"},Recipes:[\"minecraft:clay_block\"]}"
            }
          ]
        },
		{
          "type": "item",
          "name": "minecraft:knowledge_book",
          "weight": 1,
          "functions": [
            {
              "function": "set_nbt",
              "tag": "{display:{Name:\"[{\\\"translate\\\":\\\"item.minecraft.knowledge_book\\\",\\\"italic\\\":\\\"false\\\"},{\\\"text\\\":\\\" : \\\"},{\\\"translate\\\":\\\"block.minecraft.coal_ore\\\",\\\"color\\\":\\\"green\\\"}]\"},Recipes:[\"minecraft:clay_from_smelting\"]}"
            }
          ]
        },
		{
          "type": "item",
          "name": "minecraft:knowledge_book",
          "weight": 1,
          "functions": [
            {
              "function": "set_nbt",
              "tag": "{display:{Name:\"[{\\\"translate\\\":\\\"item.minecraft.knowledge_book\\\",\\\"italic\\\":\\\"false\\\"},{\\\"text\\\":\\\" : \\\"},{\\\"translate\\\":\\\"block.minecraft.coarse_dirt\\\",\\\"color\\\":\\\"green\\\"}]\"},Recipes:[\"minecraft:coarse_dirt\"]}"
            }
          ]
        },
		{
          "type": "item",
          "name": "minecraft:knowledge_book",
          "weight": 1,
          "functions": [
            {
              "function": "set_nbt",
              "tag": "{display:{Name:\"[{\\\"translate\\\":\\\"item.minecraft.knowledge_book\\\",\\\"italic\\\":\\\"false\\\"},{\\\"text\\\":\\\" : \\\"},{\\\"translate\\\":\\\"block.minecraft.cobblestone_slab\\\",\\\"color\\\":\\\"green\\\"}]\"},Recipes:[\"minecraft:cobblestone_slab\"]}"
            }
          ]
        },
		{
          "type": "item",
          "name": "minecraft:knowledge_book",
          "weight": 1,
          "functions": [
            {
              "function": "set_nbt",
              "tag": "{display:{Name:\"[{\\\"translate\\\":\\\"item.minecraft.knowledge_book\\\",\\\"italic\\\":\\\"false\\\"},{\\\"text\\\":\\\" : \\\"},{\\\"translate\\\":\\\"block.minecraft.cobblestone_stairs\\\",\\\"color\\\":\\\"green\\\"}]\"},Recipes:[\"minecraft:cobblestone_stairs\"]}"
            }
          ]
        },
		{
          "type": "item",
          "name": "minecraft:knowledge_book",
          "weight": 1,
          "functions": [
            {
              "function": "set_nbt",
              "tag": "{display:{Name:\"[{\\\"translate\\\":\\\"item.minecraft.knowledge_book\\\",\\\"italic\\\":\\\"false\\\"},{\\\"text\\\":\\\" : \\\"},{\\\"translate\\\":\\\"block.minecraft.cobblestone_wall\\\",\\\"color\\\":\\\"green\\\"}]\"},Recipes:[\"minecraft:cobblestone_wall\"]}"
            }
          ]
        },
		{
          "type": "item",
          "name": "minecraft:knowledge_book",
          "weight": 1,
          "functions": [
            {
              "function": "set_nbt",
              "tag": "{display:{Name:\"[{\\\"translate\\\":\\\"item.minecraft.knowledge_book\\\",\\\"italic\\\":\\\"false\\\"},{\\\"text\\\":\\\" : \\\"},{\\\"translate\\\":\\\"block.minecraft.comparator\\\",\\\"color\\\":\\\"green\\\"}]\"},Recipes:[\"minecraft:comparator\"]}"
            }
          ]
        },
		{
          "type": "item",
          "name": "minecraft:knowledge_book",
          "weight": 1,
          "functions": [
            {
              "function": "set_nbt",
              "tag": "{display:{Name:\"[{\\\"translate\\\":\\\"item.minecraft.knowledge_book\\\",\\\"italic\\\":\\\"false\\\"},{\\\"text\\\":\\\" : \\\"},{\\\"translate\\\":\\\"item.minecraft.compass\\\",\\\"color\\\":\\\"green\\\"}]\"},Recipes:[\"minecraft:compass\"]}"
            }
          ]
        },
		{
          "type": "item",
          "name": "minecraft:knowledge_book",
          "weight": 1,
          "functions": [
            {
              "function": "set_nbt",
              "tag": "{display:{Name:\"[{\\\"translate\\\":\\\"item.minecraft.knowledge_book\\\",\\\"italic\\\":\\\"false\\\"},{\\\"text\\\":\\\" : \\\"},{\\\"translate\\\":\\\"block.minecraft.conduit\\\",\\\"color\\\":\\\"green\\\"}]\"},Recipes:[\"minecraft:conduit\"]}"
            }
          ]
        },
		{
          "type": "item",
          "name": "minecraft:knowledge_book",
          "weight": 1,
          "functions": [
            {
              "function": "set_nbt",
              "tag": "{display:{Name:\"[{\\\"translate\\\":\\\"item.minecraft.knowledge_book\\\",\\\"italic\\\":\\\"false\\\"},{\\\"text\\\":\\\" : \\\"},{\\\"translate\\\":\\\"item.minecraft.cooked_beef\\\",\\\"color\\\":\\\"green\\\"}]\"},Recipes:[\"minecraft:cooked_beef\"]}"
            }
          ]
        },
		{
          "type": "item",
          "name": "minecraft:knowledge_book",
          "weight": 1,
          "functions": [
            {
              "function": "set_nbt",
              "tag": "{display:{Name:\"[{\\\"translate\\\":\\\"item.minecraft.knowledge_book\\\",\\\"italic\\\":\\\"false\\\"},{\\\"text\\\":\\\" : \\\"},{\\\"translate\\\":\\\"item.minecraft.cooked_chicken\\\",\\\"color\\\":\\\"green\\\"}]\"},Recipes:[\"minecraft:cooked_chicken\"]}"
            }
          ]
        },
		{
          "type": "item",
          "name": "minecraft:knowledge_book",
          "weight": 1,
          "functions": [
            {
              "function": "set_nbt",
              "tag": "{display:{Name:\"[{\\\"translate\\\":\\\"item.minecraft.knowledge_book\\\",\\\"italic\\\":\\\"false\\\"},{\\\"text\\\":\\\" : \\\"},{\\\"translate\\\":\\\"item.minecraft.cooked_cod\\\",\\\"color\\\":\\\"green\\\"}]\"},Recipes:[\"minecraft:cooked_cod\"]}"
            }
          ]
        },
		{
          "type": "item",
          "name": "minecraft:knowledge_book",
          "weight": 1,
          "functions": [
            {
              "function": "set_nbt",
              "tag": "{display:{Name:\"[{\\\"translate\\\":\\\"item.minecraft.knowledge_book\\\",\\\"italic\\\":\\\"false\\\"},{\\\"text\\\":\\\" : \\\"},{\\\"translate\\\":\\\"item.minecraft.cooked_mutton\\\",\\\"color\\\":\\\"green\\\"}]\"},Recipes:[\"minecraft:cooked_mutton\"]}"
            }
          ]
        },
		{
          "type": "item",
          "name": "minecraft:knowledge_book",
          "weight": 1,
          "functions": [
            {
              "function": "set_nbt",
              "tag": "{display:{Name:\"[{\\\"translate\\\":\\\"item.minecraft.knowledge_book\\\",\\\"italic\\\":\\\"false\\\"},{\\\"text\\\":\\\" : \\\"},{\\\"translate\\\":\\\"item.minecraft.cooked_porkchop\\\",\\\"color\\\":\\\"green\\\"}]\"},Recipes:[\"minecraft:cooked_porkchop\"]}"
            }
          ]
        },
		{
          "type": "item",
          "name": "minecraft:knowledge_book",
          "weight": 1,
          "functions": [
            {
              "function": "set_nbt",
              "tag": "{display:{Name:\"[{\\\"translate\\\":\\\"item.minecraft.knowledge_book\\\",\\\"italic\\\":\\\"false\\\"},{\\\"text\\\":\\\" : \\\"},{\\\"translate\\\":\\\"item.minecraft.cooked_rabbit\\\",\\\"color\\\":\\\"green\\\"}]\"},Recipes:[\"minecraft:cooked_rabbit\"]}"
            }
          ]
        },
		{
          "type": "item",
          "name": "minecraft:knowledge_book",
          "weight": 1,
          "functions": [
            {
              "function": "set_nbt",
              "tag": "{display:{Name:\"[{\\\"translate\\\":\\\"item.minecraft.knowledge_book\\\",\\\"italic\\\":\\\"false\\\"},{\\\"text\\\":\\\" : \\\"},{\\\"translate\\\":\\\"item.minecraft.cooked_salmon\\\",\\\"color\\\":\\\"green\\\"}]\"},Recipes:[\"minecraft:cooked_salmon\"]}"
            }
          ]
        },
		{
          "type": "item",
          "name": "minecraft:knowledge_book",
          "weight": 1,
          "functions": [
            {
              "function": "set_nbt",
              "tag": "{display:{Name:\"[{\\\"translate\\\":\\\"item.minecraft.knowledge_book\\\",\\\"italic\\\":\\\"false\\\"},{\\\"text\\\":\\\" : \\\"},{\\\"translate\\\":\\\"item.minecraft.cookie\\\",\\\"color\\\":\\\"green\\\"}]\"},Recipes:[\"minecraft:cookie\"]}"
            }
          ]
        },
		{
          "type": "item",
          "name": "minecraft:knowledge_book",
          "weight": 1,
          "functions": [
            {
              "function": "set_nbt",
              "tag": "{display:{Name:\"[{\\\"translate\\\":\\\"item.minecraft.knowledge_book\\\",\\\"italic\\\":\\\"false\\\"},{\\\"text\\\":\\\" : \\\"},{\\\"translate\\\":\\\"block.minecraft.cracked_stone_bricks\\\",\\\"color\\\":\\\"green\\\"}]\"},Recipes:[\"minecraft:cracked_stone_bricks\"]}"
            }
          ]
        },
		{
          "type": "item",
          "name": "minecraft:knowledge_book",
          "weight": 1,
          "functions": [
            {
              "function": "set_nbt",
              "tag": "{display:{Name:\"[{\\\"translate\\\":\\\"item.minecraft.knowledge_book\\\",\\\"italic\\\":\\\"false\\\"},{\\\"text\\\":\\\" : \\\"},{\\\"translate\\\":\\\"block.minecraft.crafting_table\\\",\\\"color\\\":\\\"green\\\"}]\"},Recipes:[\"minecraft:crafting_table\"]}"
            }
          ]
        },
		{
          "type": "item",
          "name": "minecraft:knowledge_book",
          "weight": 1,
          "functions": [
            {
              "function": "set_nbt",
              "tag": "{display:{Name:\"[{\\\"translate\\\":\\\"item.minecraft.knowledge_book\\\",\\\"italic\\\":\\\"false\\\"},{\\\"text\\\":\\\" : \\\"},{\\\"translate\\\":\\\"block.minecraft.cut_red_sandstone\\\",\\\"color\\\":\\\"green\\\"}]\"},Recipes:[\"minecraft:cut_red_sandstone\"]}"
            }
          ]
        },
		{
          "type": "item",
          "name": "minecraft:knowledge_book",
          "weight": 1,
          "functions": [
            {
              "function": "set_nbt",
              "tag": "{display:{Name:\"[{\\\"translate\\\":\\\"item.minecraft.knowledge_book\\\",\\\"italic\\\":\\\"false\\\"},{\\\"text\\\":\\\" : \\\"},{\\\"translate\\\":\\\"block.minecraft.cut_sandstone\\\",\\\"color\\\":\\\"green\\\"}]\"},Recipes:[\"minecraft:cut_sandstone\"]}"
            }
          ]
        },
		{
          "type": "item",
          "name": "minecraft:knowledge_book",
          "weight": 1,
          "functions": [
            {
              "function": "set_nbt",
              "tag": "{display:{Name:\"[{\\\"translate\\\":\\\"item.minecraft.knowledge_book\\\",\\\"italic\\\":\\\"false\\\"},{\\\"text\\\":\\\" : \\\"},{\\\"translate\\\":\\\"block.minecraft.cyan_banner\\\",\\\"color\\\":\\\"green\\\"}]\"},Recipes:[\"minecraft:cyan_banner\"]}"
            }
          ]
        },
		{
          "type": "item",
          "name": "minecraft:knowledge_book",
          "weight": 1,
          "functions": [
            {
              "function": "set_nbt",
              "tag": "{display:{Name:\"[{\\\"translate\\\":\\\"item.minecraft.knowledge_book\\\",\\\"italic\\\":\\\"false\\\"},{\\\"text\\\":\\\" : \\\"},{\\\"translate\\\":\\\"block.minecraft.cyan_bed\\\",\\\"color\\\":\\\"green\\\"}]\"},Recipes:[\"minecraft:cyan_bed\"]}"
            }
          ]
        },
		{
          "type": "item",
          "name": "minecraft:knowledge_book",
          "weight": 1,
          "functions": [
            {
              "function": "set_nbt",
              "tag": "{display:{Name:\"[{\\\"translate\\\":\\\"item.minecraft.knowledge_book\\\",\\\"italic\\\":\\\"false\\\"},{\\\"text\\\":\\\" : \\\"},{\\\"translate\\\":\\\"block.minecraft.cyan_bed\\\",\\\"color\\\":\\\"green\\\"},{\\\"text\\\":\\\" \\\"},{\\\"translate\\\":\\\"item.dyed\\\",\\\"color\\\":\\\"green\\\"}]\"},Recipes:[\"minecraft:cyan_bed_from_white_bed\"]}"
            }
          ]
        },
		{
          "type": "item",
          "name": "minecraft:knowledge_book",
          "weight": 1,
          "functions": [
            {
              "function": "set_nbt",
              "tag": "{display:{Name:\"[{\\\"translate\\\":\\\"item.minecraft.knowledge_book\\\",\\\"italic\\\":\\\"false\\\"},{\\\"text\\\":\\\" : \\\"},{\\\"translate\\\":\\\"block.minecraft.cyan_carpet\\\",\\\"color\\\":\\\"green\\\"}]\"},Recipes:[\"minecraft:cyan_carpet\"]}"
            }
          ]
        },
		{
          "type": "item",
          "name": "minecraft:knowledge_book",
          "weight": 1,
          "functions": [
            {
              "function": "set_nbt",
              "tag": "{display:{Name:\"[{\\\"translate\\\":\\\"item.minecraft.knowledge_book\\\",\\\"italic\\\":\\\"false\\\"},{\\\"text\\\":\\\" : \\\"},{\\\"translate\\\":\\\"block.minecraft.cyan_concrete_powder\\\",\\\"color\\\":\\\"green\\\"}]\"},Recipes:[\"minecraft:cyan_concrete_powder\"]}"
            }
          ]
        },
		{
          "type": "item",
          "name": "minecraft:knowledge_book",
          "weight": 1,
          "functions": [
            {
              "function": "set_nbt",
              "tag": "{display:{Name:\"[{\\\"translate\\\":\\\"item.minecraft.knowledge_book\\\",\\\"italic\\\":\\\"false\\\"},{\\\"text\\\":\\\" : \\\"},{\\\"translate\\\":\\\"item.minecraft.cyan_dye\\\",\\\"color\\\":\\\"green\\\"}]\"},Recipes:[\"minecraft:cyan_dye\"]}"
            }
          ]
        },
		{
          "type": "item",
          "name": "minecraft:knowledge_book",
          "weight": 1,
          "functions": [
            {
              "function": "set_nbt",
              "tag": "{display:{Name:\"[{\\\"translate\\\":\\\"item.minecraft.knowledge_book\\\",\\\"italic\\\":\\\"false\\\"},{\\\"text\\\":\\\" : \\\"},{\\\"translate\\\":\\\"block.minecraft.cyan_glazed_terracotta\\\",\\\"color\\\":\\\"green\\\"}]\"},Recipes:[\"minecraft:cyan_glazed_terracotta\"]}"
            }
          ]
        },
		{
          "type": "item",
          "name": "minecraft:knowledge_book",
          "weight": 1,
          "functions": [
            {
              "function": "set_nbt",
              "tag": "{display:{Name:\"[{\\\"translate\\\":\\\"item.minecraft.knowledge_book\\\",\\\"italic\\\":\\\"false\\\"},{\\\"text\\\":\\\" : \\\"},{\\\"translate\\\":\\\"block.minecraft.cyan_stained_glass\\\",\\\"color\\\":\\\"green\\\"}]\"},Recipes:[\"minecraft:cyan_stained_glass\"]}"
            }
          ]
        },
		{
          "type": "item",
          "name": "minecraft:knowledge_book",
          "weight": 1,
          "functions": [
            {
              "function": "set_nbt",
              "tag": "{display:{Name:\"[{\\\"translate\\\":\\\"item.minecraft.knowledge_book\\\",\\\"italic\\\":\\\"false\\\"},{\\\"text\\\":\\\" : \\\"},{\\\"translate\\\":\\\"block.minecraft.cyan_stained_glass_pane\\\",\\\"color\\\":\\\"green\\\"}]\"},Recipes:[\"minecraft:cyan_stained_glass_pane\"]}"
            }
          ]
        },
		{
          "type": "item",
          "name": "minecraft:knowledge_book",
          "weight": 1,
          "functions": [
            {
              "function": "set_nbt",
              "tag": "{display:{Name:\"[{\\\"translate\\\":\\\"item.minecraft.knowledge_book\\\",\\\"italic\\\":\\\"false\\\"},{\\\"text\\\":\\\" : \\\"},{\\\"translate\\\":\\\"block.minecraft.cyan_terracotta\\\",\\\"color\\\":\\\"green\\\"}]\"},Recipes:[\"minecraft:cyan_terracotta\"]}"
            }
          ]
        },
		{
          "type": "item",
          "name": "minecraft:knowledge_book",
          "weight": 1,
          "functions": [
            {
              "function": "set_nbt",
              "tag": "{display:{Name:\"[{\\\"translate\\\":\\\"item.minecraft.knowledge_book\\\",\\\"italic\\\":\\\"false\\\"},{\\\"text\\\":\\\" : \\\"},{\\\"translate\\\":\\\"block.minecraft.cyan_wool\\\",\\\"color\\\":\\\"green\\\"}]\"},Recipes:[\"minecraft:cyan_wool\"]}"
            }
          ]
        }
      ]
    }
  ]
}