{
  "parent": "minecraft:end/root",
  "display": {
    "icon": {
      "item": "minecraft:dragon_head"
    },
    "title": {
      "translate": "advancements.end.kill_dragon.title"
    },
    "description": {
      "translate": "advancements.end.kill_dragon.description"
    },
    "frame": "task",
    "show_toast": true,
    "announce_to_chat": true,
    "hidden": false
  },
  "rewards": {
    "recipes": [
      "minecraft:ender_chest"
    ]
  },
  "criteria": {
    "killed_dragon": {
      "trigger": "minecraft:player_killed_entity",
      "conditions": {
        "entity": {
          "type": "minecraft:ender_dragon"
        }
      }
    }
  },
  "requirements": [
    [
      "killed_dragon"
    ]
  ]
}