{
    "pools": [
        {
            "rolls": {
			    "min": 3,
				"max": 6
			},
			"bonus_rolls": 2,
            "entries": [
                {
                    "type": "loot_table",
                    "name": "inferentiel:chests/tier_i/armor_i",
                    "weight": 10,
					"quality": 1
                },
				{
                    "type": "loot_table",
                    "name": "inferentiel:chests/old/equipement_mineur",
                    "weight": 5,
					"quality": 1
                },
				{
                    "type": "loot_table",
                    "name": "inferentiel:chests/tier_i/weapon_i",
                    "weight": 10,
					"quality": 1
                },
				{
                    "type": "loot_table",
                    "name": "inferentiel:chests/tier_i/drops_i",
                    "weight": 25
                },
				{
                    "type": "loot_table",
                    "name": "inferentiel:chests/tier_i/economie_i",
                    "weight": 30
                },
				{
                    "type": "loot_table",
                    "name": "inferentiel:chests/tier_i/food_i",
                    "weight": 30,
					"quality": -2
                },
				{
                    "type": "loot_table",
                    "name": "inferentiel:chests/tier_i/potion_i",
                    "weight": 15,
					"quality": -2
                },
				{
                    "type": "loot_table",
                    "name": "inferentiel:chests/tier_i/ressources_i",
                    "weight": 25
                },
				{
                    "type": "loot_table",
                    "name": "inferentiel:chests/tier_i/recipes_i",
                    "weight": 10
                }
            ]
        }
    ]
}