{
  "pools": [
    {
      "rolls": 1,
      "entries": [
		{
          "type": "item",
          "name": "minecraft:knowledge_book",
          "weight": 1,
          "functions": [
            {
              "function": "set_nbt",
              "tag": "{display:{Name:\"[{\\\"translate\\\":\\\"item.minecraft.knowledge_book\\\",\\\"italic\\\":\\\"false\\\"},{\\\"text\\\":\\\" : \\\"},{\\\"translate\\\":\\\"item.minecraft.black_dye\\\",\\\"color\\\":\\\"green\\\"}]\"},Recipes:[\"minecraft:black_dye\",\"minecraft:black_dye_from_wither_rose\"]}"
            }
          ]
        },
		{
          "type": "item",
          "name": "minecraft:knowledge_book",
          "weight": 1,
          "functions": [
            {
              "function": "set_nbt",
              "tag": "{display:{Name:\"[{\\\"translate\\\":\\\"item.minecraft.knowledge_book\\\",\\\"italic\\\":\\\"false\\\"},{\\\"text\\\":\\\" : \\\"},{\\\"translate\\\":\\\"item.minecraft.orange_dye\\\",\\\"color\\\":\\\"green\\\"}]\"},Recipes:[\"minecraft:orange_dye_from_orange_tulip\",\"minecraft:orange_dye_from_red_yellow\"]}"
            }
          ]
        },
		{
          "type": "item",
          "name": "minecraft:knowledge_book",
          "weight": 1,
          "functions": [
            {
              "function": "set_nbt",
              "tag": "{display:{Name:\"[{\\\"translate\\\":\\\"item.minecraft.knowledge_book\\\",\\\"italic\\\":\\\"false\\\"},{\\\"text\\\":\\\" : \\\"},{\\\"translate\\\":\\\"item.minecraft.magenta_dye\\\",\\\"color\\\":\\\"green\\\"}]\"},Recipes:[\"minecraft:magenta_dye_from_allium\",\"minecraft:magenta_dye_from_blue_red_pink\",\"minecraft:magenta_dye_from_blue_red_white_dye\",\"minecraft:magenta_dye_from_lilac\",\"minecraft:magenta_dye_from_purple_and_pink\"]}"
            }
          ]
        },
		{
          "type": "item",
          "name": "minecraft:knowledge_book",
          "weight": 1,
          "functions": [
            {
              "function": "set_nbt",
              "tag": "{display:{Name:\"[{\\\"translate\\\":\\\"item.minecraft.knowledge_book\\\",\\\"italic\\\":\\\"false\\\"},{\\\"text\\\":\\\" : \\\"},{\\\"translate\\\":\\\"item.minecraft.light_blue_dye\\\",\\\"color\\\":\\\"green\\\"}]\"},Recipes:[\"minecraft:light_blue_dye_from_blue_orchid\",\"minecraft:light_blue_dye_from_blue_white_dye\"]}"
            }
          ]
        },
		{
          "type": "item",
          "name": "minecraft:knowledge_book",
          "weight": 1,
          "functions": [
            {
              "function": "set_nbt",
              "tag": "{display:{Name:\"[{\\\"translate\\\":\\\"item.minecraft.knowledge_book\\\",\\\"italic\\\":\\\"false\\\"},{\\\"text\\\":\\\" : \\\"},{\\\"translate\\\":\\\"item.minecraft.light_gray_dye\\\",\\\"color\\\":\\\"green\\\"}]\"},Recipes:[\"minecraft:light_gray_dye_from_azure_bluet\",\"minecraft:light_gray_dye_from_black_white_dye\",\"minecraft:light_gray_dye_from_gray_white_dye\",\"minecraft:light_gray_dye_from_oxeye_daisy\",\"minecraft:light_gray_dye_from_white_tulip\"]}"
            }
          ]
        },
		{
          "type": "item",
          "name": "minecraft:knowledge_book",
          "weight": 1,
          "functions": [
            {
              "function": "set_nbt",
              "tag": "{display:{Name:\"[{\\\"translate\\\":\\\"item.minecraft.knowledge_book\\\",\\\"italic\\\":\\\"false\\\"},{\\\"text\\\":\\\" : \\\"},{\\\"translate\\\":\\\"item.minecraft.lime_dye\\\",\\\"color\\\":\\\"green\\\"}]\"},Recipes:[\"minecraft:lime_dye\",\"minecraft:lime_dye_from_smelting\"]}"
            }
          ]
        },
		{
          "type": "item",
          "name": "minecraft:knowledge_book",
          "weight": 1,
          "functions": [
            {
              "function": "set_nbt",
              "tag": "{display:{Name:\"[{\\\"translate\\\":\\\"item.minecraft.knowledge_book\\\",\\\"italic\\\":\\\"false\\\"},{\\\"text\\\":\\\" : \\\"},{\\\"translate\\\":\\\"item.minecraft.yellow_dye\\\",\\\"color\\\":\\\"green\\\"}]\"},Recipes:[\"minecraft:yellow_dye_from_dandelion\",\"minecraft:yellow_dye_from_sunflower\"]}"
            }
          ]
        },
		{
          "type": "item",
          "name": "minecraft:knowledge_book",
          "weight": 1,
          "functions": [
            {
              "function": "set_nbt",
              "tag": "{display:{Name:\"[{\\\"translate\\\":\\\"item.minecraft.knowledge_book\\\",\\\"italic\\\":\\\"false\\\"},{\\\"text\\\":\\\" : \\\"},{\\\"translate\\\":\\\"item.minecraft.gray_dye\\\",\\\"color\\\":\\\"green\\\"}]\"},Recipes:[\"minecraft:gray_dye\"]}"
            }
          ]
        },
		{
          "type": "item",
          "name": "minecraft:knowledge_book",
          "weight": 1,
          "functions": [
            {
              "function": "set_nbt",
              "tag": "{display:{Name:\"[{\\\"translate\\\":\\\"item.minecraft.knowledge_book\\\",\\\"italic\\\":\\\"false\\\"},{\\\"text\\\":\\\" : \\\"},{\\\"translate\\\":\\\"item.minecraft.green_dye\\\",\\\"color\\\":\\\"green\\\"}]\"},Recipes:[\"minecraft:green_dye\"]}"
            }
          ]
        },
		{
          "type": "item",
          "name": "minecraft:knowledge_book",
          "weight": 1,
          "functions": [
            {
              "function": "set_nbt",
              "tag": "{display:{Name:\"[{\\\"translate\\\":\\\"item.minecraft.knowledge_book\\\",\\\"italic\\\":\\\"false\\\"},{\\\"text\\\":\\\" : \\\"},{\\\"translate\\\":\\\"item.minecraft.red_dye\\\",\\\"color\\\":\\\"green\\\"}]\"},Recipes:[\"minecraft:red_dye_from_beetroot\",\"minecraft:red_dye_from_poppy\",\"minecraft:red_dye_from_rose_bush\",\"minecraft:red_dye_from_tulip\"]}"
            }
          ]
        },
		{
          "type": "item",
          "name": "minecraft:knowledge_book",
          "weight": 1,
          "functions": [
            {
              "function": "set_nbt",
              "tag": "{display:{Name:\"[{\\\"translate\\\":\\\"item.minecraft.knowledge_book\\\",\\\"italic\\\":\\\"false\\\"},{\\\"text\\\":\\\" : \\\"},{\\\"translate\\\":\\\"item.minecraft.pink_dye\\\",\\\"color\\\":\\\"green\\\"}]\"},Recipes:[\"minecraft:pink_dye_from_peony\",\"minecraft:pink_dye_from_pink_tulip\",\"minecraft:pink_dye_from_red_white_dye\"]}"
            }
          ]
        },
		{
          "type": "item",
          "name": "minecraft:knowledge_book",
          "weight": 1,
          "functions": [
            {
              "function": "set_nbt",
              "tag": "{display:{Name:\"[{\\\"translate\\\":\\\"item.minecraft.knowledge_book\\\",\\\"italic\\\":\\\"false\\\"},{\\\"text\\\":\\\" : \\\"},{\\\"translate\\\":\\\"item.minecraft.purple_dye\\\",\\\"color\\\":\\\"green\\\"}]\"},Recipes:[\"minecraft:purple_dye\"]}"
            }
          ]
        },
		{
          "type": "item",
          "name": "minecraft:knowledge_book",
          "weight": 1,
          "functions": [
            {
              "function": "set_nbt",
              "tag": "{display:{Name:\"[{\\\"translate\\\":\\\"item.minecraft.knowledge_book\\\",\\\"italic\\\":\\\"false\\\"},{\\\"text\\\":\\\" : \\\"},{\\\"translate\\\":\\\"item.minecraft.cyan_dye\\\",\\\"color\\\":\\\"green\\\"}]\"},Recipes:[\"minecraft:cyan_dye\"]}"
            }
          ]
        },
		{
          "type": "item",
          "name": "minecraft:knowledge_book",
          "weight": 1,
          "functions": [
            {
              "function": "set_nbt",
              "tag": "{display:{Name:\"[{\\\"translate\\\":\\\"item.minecraft.knowledge_book\\\",\\\"italic\\\":\\\"false\\\"},{\\\"text\\\":\\\" : \\\"},{\\\"translate\\\":\\\"item.minecraft.blue_dye\\\",\\\"color\\\":\\\"green\\\"}]\"},Recipes:[\"minecraft:blue_dye\",\"minecraft:blue_dye_from_cornflower\"]}"
            }
          ]
        },
		{
          "type": "item",
          "name": "minecraft:knowledge_book",
          "weight": 1,
          "functions": [
            {
              "function": "set_nbt",
              "tag": "{display:{Name:\"[{\\\"translate\\\":\\\"item.minecraft.knowledge_book\\\",\\\"italic\\\":\\\"false\\\"},{\\\"text\\\":\\\" : \\\"},{\\\"translate\\\":\\\"item.minecraft.brown_dye\\\",\\\"color\\\":\\\"green\\\"}]\"},Recipes:[\"minecraft:brown_dye\"]}"
            }
          ]
        },
		{
          "type": "item",
          "name": "minecraft:knowledge_book",
          "weight": 1,
          "functions": [
            {
              "function": "set_nbt",
              "tag": "{display:{Name:\"[{\\\"translate\\\":\\\"item.minecraft.knowledge_book\\\",\\\"italic\\\":\\\"false\\\"},{\\\"text\\\":\\\" : \\\"},{\\\"translate\\\":\\\"item.minecraft.white_dye\\\",\\\"color\\\":\\\"green\\\"}]\"},Recipes:[\"minecraft:white_dye\",\"minecraft:white_dye_from_lily_of_the_valley\"]}"
            }
          ]
        }
      ]
    }
  ]
}