{
    "pools": [
        {
            "rolls": 1,
            "entries": [
			    {
				  "type": "item",
				  "name": "minecraft:wooden_axe",
				  "weight": 60
				},
				{
				  "type": "item",
				  "name": "minecraft:wooden_sword",
				  "weight": 60
				},
                {
				  "type": "item",
				  "name": "minecraft:wooden_axe",
				  "weight": 40,
				  "functions": [
					{
					  "function": "set_nbt",
					  "tag": "{display:{Name:\"{\\\"translate\\\":\\\"item.minecraft.wooden_axe\\\",\\\"color\\\":\\\"gray\\\"}\"},AttributeModifiers:[{AttributeName:\"generic.attackSpeed\",Name:\"generic.attackSpeed\",Amount:-3.8,Operation:0,UUIDMost:23280,UUIDLeast:537115,Slot:\"mainhand\"},{AttributeName:\"generic.attackDamage\",Name:\"generic.attackDamage\",Amount:7,Operation:0,UUIDMost:60879,UUIDLeast:844765,Slot:\"mainhand\"}]}"
					}
				  ]
				},
				{
				  "type": "item",
				  "name": "minecraft:wooden_axe",
				  "weight": 40,
				  "functions": [
					{
					  "function": "set_nbt",
					  "tag": "{display:{Name:\"{\\\"translate\\\":\\\"item.minecraft.wooden_axe\\\",\\\"color\\\":\\\"gray\\\"}\"},AttributeModifiers:[{AttributeName:\"generic.attackSpeed\",Name:\"generic.attackSpeed\",Amount:-3.6,Operation:0,UUIDMost:23281,UUIDLeast:537115,Slot:\"mainhand\"},{AttributeName:\"generic.attackDamage\",Name:\"generic.attackDamage\",Amount:7,Operation:0,UUIDMost:60870,UUIDLeast:844765,Slot:\"mainhand\"}]}"
					}
				  ]
				},
				{
				  "type": "item",
				  "name": "minecraft:wooden_axe",
				  "weight": 40,
				  "functions": [
					{
					  "function": "set_nbt",
					  "tag": "{display:{Name:\"{\\\"translate\\\":\\\"item.minecraft.wooden_axe\\\",\\\"color\\\":\\\"gray\\\"}\"},AttributeModifiers:[{AttributeName:\"generic.attackSpeed\",Name:\"generic.attackSpeed\",Amount:-3.4,Operation:0,UUIDMost:23282,UUIDLeast:537115,Slot:\"mainhand\"},{AttributeName:\"generic.attackDamage\",Name:\"generic.attackDamage\",Amount:7,Operation:0,UUIDMost:60871,UUIDLeast:844765,Slot:\"mainhand\"}]}"
					}
				  ]
				},
				{
				  "type": "item",
				  "name": "minecraft:wooden_sword",
				  "weight": 40,
				  "functions": [
					{
					  "function": "set_nbt",
					  "tag": "{display:{Name:\"{\\\"translate\\\":\\\"item.minecraft.wooden_sword\\\",\\\"color\\\":\\\"gray\\\"}\"},AttributeModifiers:[{AttributeName:\"generic.attackSpeed\",Name:\"generic.attackSpeed\",Amount:-3.75,Operation:0,UUIDMost:56882,UUIDLeast:365740,Slot:\"mainhand\"},{AttributeName:\"generic.attackDamage\",Name:\"generic.attackDamage\",Amount:4,Operation:0,UUIDMost:895,UUIDLeast:526340,Slot:\"mainhand\"}]}"
					}
				  ]
				},
				{
				  "type": "item",
				  "name": "minecraft:wooden_sword",
				  "weight": 40,
				  "functions": [
					{
					  "function": "set_nbt",
					  "tag": "{display:{Name:\"{\\\"translate\\\":\\\"item.minecraft.wooden_sword\\\",\\\"color\\\":\\\"gray\\\"}\"},AttributeModifiers:[{AttributeName:\"generic.attackSpeed\",Name:\"generic.attackSpeed\",Amount:-3.5,Operation:0,UUIDMost:56882,UUIDLeast:365741,Slot:\"mainhand\"},{AttributeName:\"generic.attackDamage\",Name:\"generic.attackDamage\",Amount:4,Operation:0,UUIDMost:895,UUIDLeast:526341,Slot:\"mainhand\"}]}"
					}
				  ]
				},
				{
				  "type": "item",
				  "name": "minecraft:wooden_sword",
				  "weight": 40,
				  "functions": [
					{
					  "function": "set_nbt",
					  "tag": "{display:{Name:\"{\\\"translate\\\":\\\"item.minecraft.wooden_sword\\\",\\\"color\\\":\\\"gray\\\"}\"},AttributeModifiers:[{AttributeName:\"generic.attackSpeed\",Name:\"generic.attackSpeed\",Amount:-3,Operation:0,UUIDMost:56882,UUIDLeast:365742,Slot:\"mainhand\"},{AttributeName:\"generic.attackDamage\",Name:\"generic.attackDamage\",Amount:4,Operation:0,UUIDMost:895,UUIDLeast:526342,Slot:\"mainhand\"}]}"
					}
				  ]
				},
				{
				  "type": "item",
				  "name": "minecraft:wooden_sword",
				  "weight": 6,
				  "functions": [
					{
					  "function": "set_nbt",
					  "tag": "{display:{Name:\"{\\\"translate\\\":\\\"item.minecraft.wooden_sword\\\",\\\"color\\\":\\\"green\\\"}\"},AttributeModifiers:[{AttributeName:\"generic.attackDamage\",Name:\"generic.attackDamage\",Amount:4,Operation:0,UUIDMost:73312,UUIDLeast:741436,Slot:\"mainhand\"},{AttributeName:\"generic.attackSpeed\",Name:\"generic.attackSpeed\",Amount:-2.4,Operation:0,UUIDMost:40241,UUIDLeast:54872,Slot:\"mainhand\"},{AttributeName:\"generic.armor\",Name:\"generic.armor\",Amount:2,Operation:0,UUIDMost:41567,UUIDLeast:648338,Slot:\"mainhand\"}]}"
					}
				  ]
				},
				{
				  "type": "item",
				  "name": "minecraft:wooden_sword",
				  "weight": 6,
				  "functions": [
					{
					  "function": "set_nbt",
					  "tag": "{display:{Name:\"{\\\"translate\\\":\\\"item.minecraft.wooden_sword\\\",\\\"color\\\":\\\"green\\\"}\"},AttributeModifiers:[{AttributeName:\"generic.attackDamage\",Name:\"generic.attackDamage\",Amount:4,Operation:0,UUIDMost:73313,UUIDLeast:741436,Slot:\"mainhand\"},{AttributeName:\"generic.attackSpeed\",Name:\"generic.attackSpeed\",Amount:-2.4,Operation:0,UUIDMost:40242,UUIDLeast:54872,Slot:\"mainhand\"},{AttributeName:\"generic.knockbackResistance\",Name:\"generic.knockbackResistance\",Amount:0.25,Operation:0,UUIDMost:41568,UUIDLeast:648338,Slot:\"mainhand\"}]}"
					}
				  ]
				},
				{
				  "type": "item",
				  "name": "minecraft:wooden_sword",
				  "weight": 6,
				  "functions": [
					{
					  "function": "set_nbt",
					  "tag": "{display:{Name:\"{\\\"translate\\\":\\\"item.minecraft.wooden_sword\\\",\\\"color\\\":\\\"green\\\"}\"},AttributeModifiers:[{AttributeName:\"generic.attackDamage\",Name:\"generic.attackDamage\",Amount:4,Operation:0,UUIDMost:73314,UUIDLeast:741436,Slot:\"mainhand\"},{AttributeName:\"generic.attackSpeed\",Name:\"generic.attackSpeed\",Amount:-2.4,Operation:0,UUIDMost:40243,UUIDLeast:54872,Slot:\"mainhand\"},{AttributeName:\"generic.movementSpeed\",Name:\"generic.movementSpeed\",Amount:0.1,Operation:1,UUIDMost:41569,UUIDLeast:648338,Slot:\"mainhand\"}]}"
					}
				  ]
				},
				{
				  "type": "item",
				  "name": "minecraft:wooden_sword",
				  "weight": 6,
				  "functions": [
					{
					  "function": "set_nbt",
					  "tag": "{display:{Name:\"{\\\"translate\\\":\\\"item.minecraft.wooden_sword\\\",\\\"color\\\":\\\"green\\\"}\"},AttributeModifiers:[{AttributeName:\"generic.attackDamage\",Name:\"generic.attackDamage\",Amount:4,Operation:0,UUIDMost:73315,UUIDLeast:741436,Slot:\"mainhand\"},{AttributeName:\"generic.attackSpeed\",Name:\"generic.attackSpeed\",Amount:-0.8,Operation:0,UUIDMost:40244,UUIDLeast:54872,Slot:\"mainhand\"}]}"
					}
				  ]
				},
				{
				  "type": "item",
				  "name": "minecraft:wooden_sword",
				  "weight": 6,
				  "functions": [
					{
					  "function": "set_nbt",
					  "tag": "{display:{Name:\"{\\\"translate\\\":\\\"item.minecraft.wooden_sword\\\",\\\"color\\\":\\\"green\\\"}\"},AttributeModifiers:[{AttributeName:\"generic.attackDamage\",Name:\"generic.attackDamage\",Amount:5,Operation:0,UUIDMost:73316,UUIDLeast:741436,Slot:\"mainhand\"},{AttributeName:\"generic.attackSpeed\",Name:\"generic.attackSpeed\",Amount:-2.4,Operation:0,UUIDMost:40245,UUIDLeast:54872,Slot:\"mainhand\"}]}"
					}
				  ]
				},
				{
				  "type": "item",
				  "name": "minecraft:wooden_axe",
				  "weight": 6,
				  "functions": [
					{
					  "function": "set_nbt",
					  "tag": "{display:{Name:\"{\\\"translate\\\":\\\"item.minecraft.wooden_axe\\\",\\\"color\\\":\\\"green\\\"}\"},AttributeModifiers:[{AttributeName:\"generic.attackDamage\",Name:\"generic.attackDamage\",Amount:7,Operation:0,UUIDMost:73312,UUIDLeast:741437,Slot:\"mainhand\"},{AttributeName:\"generic.attackSpeed\",Name:\"generic.attackSpeed\",Amount:-3.2,Operation:0,UUIDMost:40241,UUIDLeast:54873,Slot:\"mainhand\"},{AttributeName:\"generic.armor\",Name:\"generic.armor\",Amount:2,Operation:0,UUIDMost:41567,UUIDLeast:648339,Slot:\"mainhand\"}]}"
					}
				  ]
				},
				{
				  "type": "item",
				  "name": "minecraft:wooden_axe",
				  "weight": 6,
				  "functions": [
					{
					  "function": "set_nbt",
					  "tag": "{display:{Name:\"{\\\"translate\\\":\\\"item.minecraft.wooden_axe\\\",\\\"color\\\":\\\"green\\\"}\"},AttributeModifiers:[{AttributeName:\"generic.attackDamage\",Name:\"generic.attackDamage\",Amount:7,Operation:0,UUIDMost:73313,UUIDLeast:741437,Slot:\"mainhand\"},{AttributeName:\"generic.attackSpeed\",Name:\"generic.attackSpeed\",Amount:-3.2,Operation:0,UUIDMost:40242,UUIDLeast:54873,Slot:\"mainhand\"},{AttributeName:\"generic.knockbackResistance\",Name:\"generic.knockbackResistance\",Amount:0.25,Operation:0,UUIDMost:41568,UUIDLeast:648339,Slot:\"mainhand\"}]}"
					}
				  ]
				},
				{
				  "type": "item",
				  "name": "minecraft:wooden_axe",
				  "weight": 6,
				  "functions": [
					{
					  "function": "set_nbt",
					  "tag": "{display:{Name:\"{\\\"translate\\\":\\\"item.minecraft.wooden_axe\\\",\\\"color\\\":\\\"green\\\"}\"},AttributeModifiers:[{AttributeName:\"generic.attackDamage\",Name:\"generic.attackDamage\",Amount:7,Operation:0,UUIDMost:73314,UUIDLeast:741437,Slot:\"mainhand\"},{AttributeName:\"generic.attackSpeed\",Name:\"generic.attackSpeed\",Amount:-3.2,Operation:0,UUIDMost:40243,UUIDLeast:54873,Slot:\"mainhand\"},{AttributeName:\"generic.movementSpeed\",Name:\"generic.movementSpeed\",Amount:0.1,Operation:1,UUIDMost:41569,UUIDLeast:648339,Slot:\"mainhand\"}]}"
					}
				  ]
				},
				{
				  "type": "item",
				  "name": "minecraft:wooden_axe",
				  "weight": 6,
				  "functions": [
					{
					  "function": "set_nbt",
					  "tag": "{display:{Name:\"{\\\"translate\\\":\\\"item.minecraft.wooden_axe\\\",\\\"color\\\":\\\"green\\\"}\"},AttributeModifiers:[{AttributeName:\"generic.attackDamage\",Name:\"generic.attackDamage\",Amount:7,Operation:0,UUIDMost:73315,UUIDLeast:741437,Slot:\"mainhand\"},{AttributeName:\"generic.attackSpeed\",Name:\"generic.attackSpeed\",Amount:-2.4,Operation:0,UUIDMost:40244,UUIDLeast:54873,Slot:\"mainhand\"}]}"
					}
				  ]
				},
				{
				  "type": "item",
				  "name": "minecraft:wooden_axe",
				  "weight": 6,
				  "functions": [
					{
					  "function": "set_nbt",
					  "tag": "{display:{Name:\"{\\\"translate\\\":\\\"item.minecraft.wooden_axe\\\",\\\"color\\\":\\\"green\\\"}\"},AttributeModifiers:[{AttributeName:\"generic.attackDamage\",Name:\"generic.attackDamage\",Amount:8,Operation:0,UUIDMost:73316,UUIDLeast:741437,Slot:\"mainhand\"},{AttributeName:\"generic.attackSpeed\",Name:\"generic.attackSpeed\",Amount:-3.2,Operation:0,UUIDMost:40245,UUIDLeast:54873,Slot:\"mainhand\"}]}"
					}
				  ]
				},
				{
				  "type": "item",
				  "name": "minecraft:wooden_sword",
				  "weight": 1,
				  "functions": [
					{
					  "function": "set_nbt",
					  "tag": "{display:{Name:\"{\\\"translate\\\":\\\"item.minecraft.wooden_sword\\\",\\\"color\\\":\\\"blue\\\",\\\"italic\\\":\\\"false\\\"}\"},AttributeModifiers:[{AttributeName:\"generic.attackDamage\",Name:\"generic.attackDamage\",Amount:4,Operation:0,UUIDMost:98936,UUIDLeast:681682,Slot:\"mainhand\"},{AttributeName:\"generic.attackSpeed\",Name:\"generic.attackSpeed\",Amount:-2.4,Operation:0,UUIDMost:82267,UUIDLeast:120607,Slot:\"mainhand\"},{AttributeName:\"generic.armor\",Name:\"generic.armor\",Amount:2,Operation:0,UUIDMost:45673,UUIDLeast:754218,Slot:\"mainhand\"},{AttributeName:\"generic.knockbackResistance\",Name:\"generic.knockbackResistance\",Amount:0.25,Operation:0,UUIDMost:35458,UUIDLeast:566741,Slot:\"mainhand\"}]}"
					}
				  ]
				},
				{
				  "type": "item",
				  "name": "minecraft:wooden_sword",
				  "weight": 1,
				  "functions": [
					{
					  "function": "set_nbt",
					  "tag": "{display:{Name:\"{\\\"translate\\\":\\\"item.minecraft.wooden_sword\\\",\\\"color\\\":\\\"blue\\\",\\\"italic\\\":\\\"false\\\"}\"},AttributeModifiers:[{AttributeName:\"generic.attackDamage\",Name:\"generic.attackDamage\",Amount:4,Operation:0,UUIDMost:98937,UUIDLeast:681682,Slot:\"mainhand\"},{AttributeName:\"generic.attackSpeed\",Name:\"generic.attackSpeed\",Amount:-2.4,Operation:0,UUIDMost:82268,UUIDLeast:120607,Slot:\"mainhand\"},{AttributeName:\"generic.armor\",Name:\"generic.armor\",Amount:2,Operation:0,UUIDMost:45674,UUIDLeast:754218,Slot:\"mainhand\"},{AttributeName:\"generic.movementSpeed\",Name:\"generic.movementSpeed\",Amount:0.1,Operation:1,UUIDMost:35459,UUIDLeast:566741,Slot:\"mainhand\"}]}"
					}
				  ]
				},
				{
				  "type": "item",
				  "name": "minecraft:wooden_sword",
				  "weight": 1,
				  "functions": [
					{
					  "function": "set_nbt",
					  "tag": "{display:{Name:\"{\\\"translate\\\":\\\"item.minecraft.wooden_sword\\\",\\\"color\\\":\\\"blue\\\",\\\"italic\\\":\\\"false\\\"}\"},AttributeModifiers:[{AttributeName:\"generic.attackDamage\",Name:\"generic.attackDamage\",Amount:4,Operation:0,UUIDMost:98938,UUIDLeast:681682,Slot:\"mainhand\"},{AttributeName:\"generic.attackSpeed\",Name:\"generic.attackSpeed\",Amount:-0.8,Operation:0,UUIDMost:82269,UUIDLeast:120607,Slot:\"mainhand\"},{AttributeName:\"generic.armor\",Name:\"generic.armor\",Amount:2,Operation:0,UUIDMost:45675,UUIDLeast:754218,Slot:\"mainhand\"}]}"
					}
				  ]
				},
				{
				  "type": "item",
				  "name": "minecraft:wooden_sword",
				  "weight": 1,
				  "functions": [
					{
					  "function": "set_nbt",
					  "tag": "{display:{Name:\"{\\\"translate\\\":\\\"item.minecraft.wooden_sword\\\",\\\"color\\\":\\\"blue\\\",\\\"italic\\\":\\\"false\\\"}\"},AttributeModifiers:[{AttributeName:\"generic.attackDamage\",Name:\"generic.attackDamage\",Amount:5,Operation:0,UUIDMost:98939,UUIDLeast:681682,Slot:\"mainhand\"},{AttributeName:\"generic.attackSpeed\",Name:\"generic.attackSpeed\",Amount:-2.4,Operation:0,UUIDMost:82270,UUIDLeast:120607,Slot:\"mainhand\"},{AttributeName:\"generic.armor\",Name:\"generic.armor\",Amount:2,Operation:0,UUIDMost:45676,UUIDLeast:754218,Slot:\"mainhand\"}]}"
					}
				  ]
				},
				{
				  "type": "item",
				  "name": "minecraft:wooden_sword",
				  "weight": 1,
				  "functions": [
					{
					  "function": "set_nbt",
					  "tag": "{display:{Name:\"{\\\"translate\\\":\\\"item.minecraft.wooden_sword\\\",\\\"color\\\":\\\"blue\\\",\\\"italic\\\":\\\"false\\\"}\"},AttributeModifiers:[{AttributeName:\"generic.attackDamage\",Name:\"generic.attackDamage\",Amount:4,Operation:0,UUIDMost:98940,UUIDLeast:681682,Slot:\"mainhand\"},{AttributeName:\"generic.attackSpeed\",Name:\"generic.attackSpeed\",Amount:-2.4,Operation:0,UUIDMost:82271,UUIDLeast:120607,Slot:\"mainhand\"},{AttributeName:\"generic.movementSpeed\",Name:\"generic.movementSpeed\",Amount:0.1,Operation:1,UUIDMost:45677,UUIDLeast:754218,Slot:\"mainhand\"},{AttributeName:\"generic.knockbackResistance\",Name:\"generic.knockbackResistance\",Amount:0.25,Operation:0,UUIDMost:35450,UUIDLeast:566741,Slot:\"mainhand\"}]}"
					}
				  ]
				},
				{
				  "type": "item",
				  "name": "minecraft:wooden_sword",
				  "weight": 1,
				  "functions": [
					{
					  "function": "set_nbt",
					  "tag": "{display:{Name:\"{\\\"translate\\\":\\\"item.minecraft.wooden_sword\\\",\\\"color\\\":\\\"blue\\\",\\\"italic\\\":\\\"false\\\"}\"},AttributeModifiers:[{AttributeName:\"generic.attackDamage\",Name:\"generic.attackDamage\",Amount:4,Operation:0,UUIDMost:98941,UUIDLeast:681682,Slot:\"mainhand\"},{AttributeName:\"generic.attackSpeed\",Name:\"generic.attackSpeed\",Amount:-0.8,Operation:0,UUIDMost:82272,UUIDLeast:120607,Slot:\"mainhand\"},{AttributeName:\"generic.knockbackResistance\",Name:\"generic.knockbackResistance\",Amount:0.25,Operation:0,UUIDMost:45678,UUIDLeast:754218,Slot:\"mainhand\"}]}"
					}
				  ]
				},
				{
				  "type": "item",
				  "name": "minecraft:wooden_sword",
				  "weight": 1,
				  "functions": [
					{
					  "function": "set_nbt",
					  "tag": "{display:{Name:\"{\\\"translate\\\":\\\"item.minecraft.wooden_sword\\\",\\\"color\\\":\\\"blue\\\",\\\"italic\\\":\\\"false\\\"}\"},AttributeModifiers:[{AttributeName:\"generic.attackDamage\",Name:\"generic.attackDamage\",Amount:5,Operation:0,UUIDMost:98942,UUIDLeast:681682,Slot:\"mainhand\"},{AttributeName:\"generic.attackSpeed\",Name:\"generic.attackSpeed\",Amount:-2.4,Operation:0,UUIDMost:82273,UUIDLeast:120607,Slot:\"mainhand\"},{AttributeName:\"generic.knockbackResistance\",Name:\"generic.knockbackResistance\",Amount:0.25,Operation:0,UUIDMost:45679,UUIDLeast:754218,Slot:\"mainhand\"}]}"
					}
				  ]
				},
				{
				  "type": "item",
				  "name": "minecraft:wooden_sword",
				  "weight": 1,
				  "functions": [
					{
					  "function": "set_nbt",
					  "tag": "{display:{Name:\"{\\\"translate\\\":\\\"item.minecraft.wooden_sword\\\",\\\"color\\\":\\\"blue\\\",\\\"italic\\\":\\\"false\\\"}\"},AttributeModifiers:[{AttributeName:\"generic.attackDamage\",Name:\"generic.attackDamage\",Amount:4,Operation:0,UUIDMost:98943,UUIDLeast:681682,Slot:\"mainhand\"},{AttributeName:\"generic.attackSpeed\",Name:\"generic.attackSpeed\",Amount:-0.8,Operation:0,UUIDMost:82274,UUIDLeast:120607,Slot:\"mainhand\"},{AttributeName:\"generic.movementSpeed\",Name:\"generic.movementSpeed\",Amount:0.1,Operation:1,UUIDMost:45680,UUIDLeast:754218,Slot:\"mainhand\"}]}"
					}
				  ]
				},
				{
				  "type": "item",
				  "name": "minecraft:wooden_sword",
				  "weight": 1,
				  "functions": [
					{
					  "function": "set_nbt",
					  "tag": "{display:{Name:\"{\\\"translate\\\":\\\"item.minecraft.wooden_sword\\\",\\\"color\\\":\\\"blue\\\",\\\"italic\\\":\\\"false\\\"}\"},AttributeModifiers:[{AttributeName:\"generic.attackDamage\",Name:\"generic.attackDamage\",Amount:5,Operation:0,UUIDMost:98944,UUIDLeast:681682,Slot:\"mainhand\"},{AttributeName:\"generic.attackSpeed\",Name:\"generic.attackSpeed\",Amount:-2.4,Operation:0,UUIDMost:82275,UUIDLeast:120607,Slot:\"mainhand\"},{AttributeName:\"generic.movementSpeed\",Name:\"generic.movementSpeed\",Amount:0.1,Operation:1,UUIDMost:45681,UUIDLeast:754218,Slot:\"mainhand\"}]}"
					}
				  ]
				},
				{
				  "type": "item",
				  "name": "minecraft:wooden_sword",
				  "weight": 1,
				  "functions": [
					{
					  "function": "set_nbt",
					  "tag": "{display:{Name:\"{\\\"translate\\\":\\\"item.minecraft.wooden_sword\\\",\\\"color\\\":\\\"blue\\\",\\\"italic\\\":\\\"false\\\"}\"},AttributeModifiers:[{AttributeName:\"generic.attackDamage\",Name:\"generic.attackDamage\",Amount:5,Operation:0,UUIDMost:98945,UUIDLeast:681682,Slot:\"mainhand\"},{AttributeName:\"generic.attackSpeed\",Name:\"generic.attackSpeed\",Amount:-0.8,Operation:0,UUIDMost:82276,UUIDLeast:120607,Slot:\"mainhand\"}]}"
					}
				  ]
				},
				{
				  "type": "item",
				  "name": "minecraft:wooden_sword",
				  "weight": 1,
				  "functions": [
					{
					  "function": "set_nbt",
					  "tag": "{display:{Name:\"{\\\"translate\\\":\\\"item.minecraft.wooden_sword\\\",\\\"color\\\":\\\"blue\\\",\\\"italic\\\":\\\"false\\\"}\"},AttributeModifiers:[{AttributeName:\"generic.attackDamage\",Name:\"generic.attackDamage\",Amount:4,Operation:0,UUIDMost:98946,UUIDLeast:681682,Slot:\"mainhand\"},{AttributeName:\"generic.attackSpeed\",Name:\"generic.attackSpeed\",Amount:-2.4,Operation:0,UUIDMost:82277,UUIDLeast:120607,Slot:\"mainhand\"},{AttributeName:\"generic.armor\",Name:\"generic.armor\",Amount:4,Operation:0,UUIDMost:45682,UUIDLeast:754218,Slot:\"mainhand\"}]}"
					}
				  ]
				},
				{
				  "type": "item",
				  "name": "minecraft:wooden_sword",
				  "weight": 1,
				  "functions": [
					{
					  "function": "set_nbt",
					  "tag": "{display:{Name:\"{\\\"translate\\\":\\\"item.minecraft.wooden_sword\\\",\\\"color\\\":\\\"blue\\\",\\\"italic\\\":\\\"false\\\"}\"},AttributeModifiers:[{AttributeName:\"generic.attackDamage\",Name:\"generic.attackDamage\",Amount:4,Operation:0,UUIDMost:98947,UUIDLeast:681682,Slot:\"mainhand\"},{AttributeName:\"generic.attackSpeed\",Name:\"generic.attackSpeed\",Amount:-2.4,Operation:0,UUIDMost:82278,UUIDLeast:120607,Slot:\"mainhand\"},{AttributeName:\"generic.knockbackResistance\",Name:\"generic.knockbackResistance\",Amount:0.5,Operation:0,UUIDMost:45683,UUIDLeast:754218,Slot:\"mainhand\"}]}"
					}
				  ]
				},
				{
				  "type": "item",
				  "name": "minecraft:wooden_sword",
				  "weight": 1,
				  "functions": [
					{
					  "function": "set_nbt",
					  "tag": "{display:{Name:\"{\\\"translate\\\":\\\"item.minecraft.wooden_sword\\\",\\\"color\\\":\\\"blue\\\",\\\"italic\\\":\\\"false\\\"}\"},AttributeModifiers:[{AttributeName:\"generic.attackDamage\",Name:\"generic.attackDamage\",Amount:4,Operation:0,UUIDMost:98948,UUIDLeast:681682,Slot:\"mainhand\"},{AttributeName:\"generic.attackSpeed\",Name:\"generic.attackSpeed\",Amount:-2.4,Operation:0,UUIDMost:82279,UUIDLeast:120607,Slot:\"mainhand\"},{AttributeName:\"generic.movementSpeed\",Name:\"generic.movementSpeed\",Amount:0.2,Operation:1,UUIDMost:45684,UUIDLeast:754218,Slot:\"mainhand\"}]}"
					}
				  ]
				},
				{
				  "type": "item",
				  "name": "minecraft:wooden_sword",
				  "weight": 1,
				  "functions": [
					{
					  "function": "set_nbt",
					  "tag": "{display:{Name:\"{\\\"translate\\\":\\\"item.minecraft.wooden_sword\\\",\\\"color\\\":\\\"blue\\\",\\\"italic\\\":\\\"false\\\"}\"},AttributeModifiers:[{AttributeName:\"generic.attackDamage\",Name:\"generic.attackDamage\",Amount:4,Operation:0,UUIDMost:98949,UUIDLeast:681682,Slot:\"mainhand\"},{AttributeName:\"generic.attackSpeed\",Name:\"generic.attackSpeed\",Amount:2.4,Operation:0,UUIDMost:82280,UUIDLeast:120607,Slot:\"mainhand\"}]}"
					}
				  ]
				},
				{
				  "type": "item",
				  "name": "minecraft:wooden_sword",
				  "weight": 1,
				  "functions": [
					{
					  "function": "set_nbt",
					  "tag": "{display:{Name:\"{\\\"translate\\\":\\\"item.minecraft.wooden_sword\\\",\\\"color\\\":\\\"blue\\\",\\\"italic\\\":\\\"false\\\"}\"},AttributeModifiers:[{AttributeName:\"generic.attackDamage\",Name:\"generic.attackDamage\",Amount:6,Operation:0,UUIDMost:98950,UUIDLeast:681682,Slot:\"mainhand\"},{AttributeName:\"generic.attackSpeed\",Name:\"generic.attackSpeed\",Amount:-2.4,Operation:0,UUIDMost:82281,UUIDLeast:120607,Slot:\"mainhand\"}]}"
					}
				  ]
				},
				{
				  "type": "item",
				  "name": "minecraft:wooden_axe",
				  "weight": 1,
				  "functions": [
					{
					  "function": "set_nbt",
					  "tag": "{display:{Name:\"{\\\"translate\\\":\\\"item.minecraft.wooden_axe\\\",\\\"color\\\":\\\"blue\\\",\\\"italic\\\":\\\"false\\\"}\"},AttributeModifiers:[{AttributeName:\"generic.attackDamage\",Name:\"generic.attackDamage\",Amount:7,Operation:0,UUIDMost:98936,UUIDLeast:681683,Slot:\"mainhand\"},{AttributeName:\"generic.attackSpeed\",Name:\"generic.attackSpeed\",Amount:-3.2,Operation:0,UUIDMost:82267,UUIDLeast:120608,Slot:\"mainhand\"},{AttributeName:\"generic.armor\",Name:\"generic.armor\",Amount:2,Operation:0,UUIDMost:45673,UUIDLeast:754219,Slot:\"mainhand\"},{AttributeName:\"generic.knockbackResistance\",Name:\"generic.knockbackResistance\",Amount:0.25,Operation:0,UUIDMost:35458,UUIDLeast:566742,Slot:\"mainhand\"}]}"
					}
				  ]
				},
				{
				  "type": "item",
				  "name": "minecraft:wooden_axe",
				  "weight": 1,
				  "functions": [
					{
					  "function": "set_nbt",
					  "tag": "{display:{Name:\"{\\\"translate\\\":\\\"item.minecraft.wooden_axe\\\",\\\"color\\\":\\\"blue\\\",\\\"italic\\\":\\\"false\\\"}\"},AttributeModifiers:[{AttributeName:\"generic.attackDamage\",Name:\"generic.attackDamage\",Amount:7,Operation:0,UUIDMost:98937,UUIDLeast:681683,Slot:\"mainhand\"},{AttributeName:\"generic.attackSpeed\",Name:\"generic.attackSpeed\",Amount:-3.2,Operation:0,UUIDMost:82268,UUIDLeast:120608,Slot:\"mainhand\"},{AttributeName:\"generic.armor\",Name:\"generic.armor\",Amount:2,Operation:0,UUIDMost:45674,UUIDLeast:754219,Slot:\"mainhand\"},{AttributeName:\"generic.movementSpeed\",Name:\"generic.movementSpeed\",Amount:0.1,Operation:1,UUIDMost:35459,UUIDLeast:566742,Slot:\"mainhand\"}]}"
					}
				  ]
				},
				{
				  "type": "item",
				  "name": "minecraft:wooden_axe",
				  "weight": 1,
				  "functions": [
					{
					  "function": "set_nbt",
					  "tag": "{display:{Name:\"{\\\"translate\\\":\\\"item.minecraft.wooden_axe\\\",\\\"color\\\":\\\"blue\\\",\\\"italic\\\":\\\"false\\\"}\"},AttributeModifiers:[{AttributeName:\"generic.attackDamage\",Name:\"generic.attackDamage\",Amount:7,Operation:0,UUIDMost:98938,UUIDLeast:681683,Slot:\"mainhand\"},{AttributeName:\"generic.attackSpeed\",Name:\"generic.attackSpeed\",Amount:-2.4,Operation:0,UUIDMost:82269,UUIDLeast:120608,Slot:\"mainhand\"},{AttributeName:\"generic.armor\",Name:\"generic.armor\",Amount:2,Operation:0,UUIDMost:45675,UUIDLeast:754219,Slot:\"mainhand\"}]}"
					}
				  ]
				},
				{
				  "type": "item",
				  "name": "minecraft:wooden_axe",
				  "weight": 1,
				  "functions": [
					{
					  "function": "set_nbt",
					  "tag": "{display:{Name:\"{\\\"translate\\\":\\\"item.minecraft.wooden_axe\\\",\\\"color\\\":\\\"blue\\\",\\\"italic\\\":\\\"false\\\"}\"},AttributeModifiers:[{AttributeName:\"generic.attackDamage\",Name:\"generic.attackDamage\",Amount:8,Operation:0,UUIDMost:98939,UUIDLeast:681683,Slot:\"mainhand\"},{AttributeName:\"generic.attackSpeed\",Name:\"generic.attackSpeed\",Amount:-3.2,Operation:0,UUIDMost:82270,UUIDLeast:120608,Slot:\"mainhand\"},{AttributeName:\"generic.armor\",Name:\"generic.armor\",Amount:2,Operation:0,UUIDMost:45676,UUIDLeast:754219,Slot:\"mainhand\"}]}"
					}
				  ]
				},
				{
				  "type": "item",
				  "name": "minecraft:wooden_axe",
				  "weight": 1,
				  "functions": [
					{
					  "function": "set_nbt",
					  "tag": "{display:{Name:\"{\\\"translate\\\":\\\"item.minecraft.wooden_axe\\\",\\\"color\\\":\\\"blue\\\",\\\"italic\\\":\\\"false\\\"}\"},AttributeModifiers:[{AttributeName:\"generic.attackDamage\",Name:\"generic.attackDamage\",Amount:7,Operation:0,UUIDMost:98940,UUIDLeast:681683,Slot:\"mainhand\"},{AttributeName:\"generic.attackSpeed\",Name:\"generic.attackSpeed\",Amount:-3.2,Operation:0,UUIDMost:82271,UUIDLeast:120608,Slot:\"mainhand\"},{AttributeName:\"generic.movementSpeed\",Name:\"generic.movementSpeed\",Amount:0.1,Operation:1,UUIDMost:45677,UUIDLeast:754219,Slot:\"mainhand\"},{AttributeName:\"generic.knockbackResistance\",Name:\"generic.knockbackResistance\",Amount:0.25,Operation:0,UUIDMost:35450,UUIDLeast:566742,Slot:\"mainhand\"}]}"
					}
				  ]
				},
				{
				  "type": "item",
				  "name": "minecraft:wooden_axe",
				  "weight": 1,
				  "functions": [
					{
					  "function": "set_nbt",
					  "tag": "{display:{Name:\"{\\\"translate\\\":\\\"item.minecraft.wooden_axe\\\",\\\"color\\\":\\\"blue\\\",\\\"italic\\\":\\\"false\\\"}\"},AttributeModifiers:[{AttributeName:\"generic.attackDamage\",Name:\"generic.attackDamage\",Amount:7,Operation:0,UUIDMost:98941,UUIDLeast:681683,Slot:\"mainhand\"},{AttributeName:\"generic.attackSpeed\",Name:\"generic.attackSpeed\",Amount:-2.4,Operation:0,UUIDMost:82272,UUIDLeast:120608,Slot:\"mainhand\"},{AttributeName:\"generic.knockbackResistance\",Name:\"generic.knockbackResistance\",Amount:0.25,Operation:0,UUIDMost:45678,UUIDLeast:754219,Slot:\"mainhand\"}]}"
					}
				  ]
				},
				{
				  "type": "item",
				  "name": "minecraft:wooden_axe",
				  "weight": 1,
				  "functions": [
					{
					  "function": "set_nbt",
					  "tag": "{display:{Name:\"{\\\"translate\\\":\\\"item.minecraft.wooden_axe\\\",\\\"color\\\":\\\"blue\\\",\\\"italic\\\":\\\"false\\\"}\"},AttributeModifiers:[{AttributeName:\"generic.attackDamage\",Name:\"generic.attackDamage\",Amount:8,Operation:0,UUIDMost:98942,UUIDLeast:681683,Slot:\"mainhand\"},{AttributeName:\"generic.attackSpeed\",Name:\"generic.attackSpeed\",Amount:-3.2,Operation:0,UUIDMost:82273,UUIDLeast:120608,Slot:\"mainhand\"},{AttributeName:\"generic.knockbackResistance\",Name:\"generic.knockbackResistance\",Amount:0.25,Operation:0,UUIDMost:45679,UUIDLeast:754219,Slot:\"mainhand\"}]}"
					}
				  ]
				},
				{
				  "type": "item",
				  "name": "minecraft:wooden_axe",
				  "weight": 1,
				  "functions": [
					{
					  "function": "set_nbt",
					  "tag": "{display:{Name:\"{\\\"translate\\\":\\\"item.minecraft.wooden_axe\\\",\\\"color\\\":\\\"blue\\\",\\\"italic\\\":\\\"false\\\"}\"},AttributeModifiers:[{AttributeName:\"generic.attackDamage\",Name:\"generic.attackDamage\",Amount:7,Operation:0,UUIDMost:98943,UUIDLeast:681683,Slot:\"mainhand\"},{AttributeName:\"generic.attackSpeed\",Name:\"generic.attackSpeed\",Amount:-2.4,Operation:0,UUIDMost:82274,UUIDLeast:120608,Slot:\"mainhand\"},{AttributeName:\"generic.movementSpeed\",Name:\"generic.movementSpeed\",Amount:0.1,Operation:1,UUIDMost:45680,UUIDLeast:754219,Slot:\"mainhand\"}]}"
					}
				  ]
				},
				{
				  "type": "item",
				  "name": "minecraft:wooden_axe",
				  "weight": 1,
				  "functions": [
					{
					  "function": "set_nbt",
					  "tag": "{display:{Name:\"{\\\"translate\\\":\\\"item.minecraft.wooden_axe\\\",\\\"color\\\":\\\"blue\\\",\\\"italic\\\":\\\"false\\\"}\"},AttributeModifiers:[{AttributeName:\"generic.attackDamage\",Name:\"generic.attackDamage\",Amount:8,Operation:0,UUIDMost:98944,UUIDLeast:681683,Slot:\"mainhand\"},{AttributeName:\"generic.attackSpeed\",Name:\"generic.attackSpeed\",Amount:-3.2,Operation:0,UUIDMost:82275,UUIDLeast:120608,Slot:\"mainhand\"},{AttributeName:\"generic.movementSpeed\",Name:\"generic.movementSpeed\",Amount:0.1,Operation:1,UUIDMost:45681,UUIDLeast:754219,Slot:\"mainhand\"}]}"
					}
				  ]
				},
				{
				  "type": "item",
				  "name": "minecraft:wooden_axe",
				  "weight": 1,
				  "functions": [
					{
					  "function": "set_nbt",
					  "tag": "{display:{Name:\"{\\\"translate\\\":\\\"item.minecraft.wooden_axe\\\",\\\"color\\\":\\\"blue\\\",\\\"italic\\\":\\\"false\\\"}\"},AttributeModifiers:[{AttributeName:\"generic.attackDamage\",Name:\"generic.attackDamage\",Amount:8,Operation:0,UUIDMost:98945,UUIDLeast:681683,Slot:\"mainhand\"},{AttributeName:\"generic.attackSpeed\",Name:\"generic.attackSpeed\",Amount:-2.4,Operation:0,UUIDMost:82276,UUIDLeast:120608,Slot:\"mainhand\"}]}"
					}
				  ]
				},
				{
				  "type": "item",
				  "name": "minecraft:wooden_axe",
				  "weight": 1,
				  "functions": [
					{
					  "function": "set_nbt",
					  "tag": "{display:{Name:\"{\\\"translate\\\":\\\"item.minecraft.wooden_axe\\\",\\\"color\\\":\\\"blue\\\",\\\"italic\\\":\\\"false\\\"}\"},AttributeModifiers:[{AttributeName:\"generic.attackDamage\",Name:\"generic.attackDamage\",Amount:7,Operation:0,UUIDMost:98946,UUIDLeast:681683,Slot:\"mainhand\"},{AttributeName:\"generic.attackSpeed\",Name:\"generic.attackSpeed\",Amount:-3.2,Operation:0,UUIDMost:82277,UUIDLeast:120608,Slot:\"mainhand\"},{AttributeName:\"generic.armor\",Name:\"generic.armor\",Amount:4,Operation:0,UUIDMost:45682,UUIDLeast:754219,Slot:\"mainhand\"}]}"
					}
				  ]
				},
				{
				  "type": "item",
				  "name": "minecraft:wooden_axe",
				  "weight": 1,
				  "functions": [
					{
					  "function": "set_nbt",
					  "tag": "{display:{Name:\"{\\\"translate\\\":\\\"item.minecraft.wooden_axe\\\",\\\"color\\\":\\\"blue\\\",\\\"italic\\\":\\\"false\\\"}\"},AttributeModifiers:[{AttributeName:\"generic.attackDamage\",Name:\"generic.attackDamage\",Amount:7,Operation:0,UUIDMost:98947,UUIDLeast:681683,Slot:\"mainhand\"},{AttributeName:\"generic.attackSpeed\",Name:\"generic.attackSpeed\",Amount:-3.2,Operation:0,UUIDMost:82278,UUIDLeast:120608,Slot:\"mainhand\"},{AttributeName:\"generic.knockbackResistance\",Name:\"generic.knockbackResistance\",Amount:0.5,Operation:0,UUIDMost:45683,UUIDLeast:754219,Slot:\"mainhand\"}]}"
					}
				  ]
				},
				{
				  "type": "item",
				  "name": "minecraft:wooden_axe",
				  "weight": 1,
				  "functions": [
					{
					  "function": "set_nbt",
					  "tag": "{display:{Name:\"{\\\"translate\\\":\\\"item.minecraft.wooden_axe\\\",\\\"color\\\":\\\"blue\\\",\\\"italic\\\":\\\"false\\\"}\"},AttributeModifiers:[{AttributeName:\"generic.attackDamage\",Name:\"generic.attackDamage\",Amount:7,Operation:0,UUIDMost:98948,UUIDLeast:681683,Slot:\"mainhand\"},{AttributeName:\"generic.attackSpeed\",Name:\"generic.attackSpeed\",Amount:-3.2,Operation:0,UUIDMost:82279,UUIDLeast:120608,Slot:\"mainhand\"},{AttributeName:\"generic.movementSpeed\",Name:\"generic.movementSpeed\",Amount:0.2,Operation:1,UUIDMost:45684,UUIDLeast:754219,Slot:\"mainhand\"}]}"
					}
				  ]
				},
				{
				  "type": "item",
				  "name": "minecraft:wooden_axe",
				  "weight": 1,
				  "functions": [
					{
					  "function": "set_nbt",
					  "tag": "{display:{Name:\"{\\\"translate\\\":\\\"item.minecraft.wooden_axe\\\",\\\"color\\\":\\\"blue\\\",\\\"italic\\\":\\\"false\\\"}\"},AttributeModifiers:[{AttributeName:\"generic.attackDamage\",Name:\"generic.attackDamage\",Amount:7,Operation:0,UUIDMost:98949,UUIDLeast:681683,Slot:\"mainhand\"},{AttributeName:\"generic.attackSpeed\",Name:\"generic.attackSpeed\",Amount:-0.8,Operation:0,UUIDMost:82280,UUIDLeast:120608,Slot:\"mainhand\"}]}"
					}
				  ]
				},
				{
				  "type": "item",
				  "name": "minecraft:wooden_axe",
				  "weight": 1,
				  "functions": [
					{
					  "function": "set_nbt",
					  "tag": "{display:{Name:\"{\\\"translate\\\":\\\"item.minecraft.wooden_axe\\\",\\\"color\\\":\\\"blue\\\",\\\"italic\\\":\\\"false\\\"}\"},AttributeModifiers:[{AttributeName:\"generic.attackDamage\",Name:\"generic.attackDamage\",Amount:9,Operation:0,UUIDMost:98950,UUIDLeast:681683,Slot:\"mainhand\"},{AttributeName:\"generic.attackSpeed\",Name:\"generic.attackSpeed\",Amount:-3.2,Operation:0,UUIDMost:82281,UUIDLeast:120608,Slot:\"mainhand\"}]}"
					}
				  ]
				},
				{
				  "type": "item",
				  "name": "minecraft:wooden_sword",
				  "weight": 4,
				  "functions": [
					{
					  "function": "set_nbt",
					  "tag": "{display:{Name:\"{\\\"text\\\":\\\"Épine\\\",\\\"color\\\":\\\"dark_purple\\\",\\\"italic\\\":\\\"false\\\"}\",Lore:[\"Empoisonnée\"]},RepairCost:20}"
					}
				  ]
				},
				{
				  "type": "item",
				  "name": "minecraft:iron_sword",
				  "weight": 6,
				  "functions": [
					{
					  "function": "set_nbt",
					  "tag": "{display:{Name:\"{\\\"text\\\":\\\"Main gauche\\\",\\\"color\\\":\\\"blue\\\",\\\"italic\\\":\\\"false\\\"}\"},AttributeModifiers:[{AttributeName:\"generic.attackSpeed\",Name:\"generic.attackSpeed\",Amount:0.2,Operation:1,UUIDMost:15211,UUIDLeast:249745,Slot:\"offhand\"}]}"
					}
				  ]
				},
				{
				  "type": "item",
				  "name": "minecraft:golden_sword",
				  "weight": 4,
				  "functions": [
					{
					  "function": "set_nbt",
					  "tag": "{display:{Name:\"{\\\"text\\\":\\\"Percemaille\\\",\\\"color\\\":\\\"dark_purple\\\",\\\"italic\\\":\\\"false\\\"}\"},AttributeModifiers:[{AttributeName:\"generic.attackSpeed\",Name:\"generic.attackSpeed\",Amount:0.4,Operation:1,UUIDMost:15211,UUIDLeast:249746,Slot:\"offhand\"}]}"
					}
				  ]
				},
				{
				  "type": "item",
				  "name": "minecraft:diamond_sword",
				  "weight": 1,
				  "functions": [
					{
					  "function": "set_nbt",
					  "tag": "{display:{Name:\"{\\\"text\\\":\\\"Kandjar\\\",\\\"color\\\":\\\"gold\\\",\\\"italic\\\":\\\"false\\\",\\\"bold\\\":\\\"true\\\"}\"},AttributeModifiers:[{AttributeName:\"generic.attackSpeed\",Name:\"generic.attackSpeed\",Amount:0.6,Operation:1,UUIDMost:15211,UUIDLeast:249747,Slot:\"offhand\"}]}"
					}
				  ]
				}
            ]
        }
    ]
}