{
  "pools": [
    {
      "rolls": 1,
      "bonus_rolls": {
        "min": 0,
        "max": 1
      },
      "entries": [
		{
          "type": "item",
          "name": "minecraft:knowledge_book",
          "weight": 1,
          "functions": [
            {
              "function": "set_nbt",
              "tag": "{display:{Name:\"[{\\\"translate\\\":\\\"item.minecraft.knowledge_book\\\",\\\"italic\\\":\\\"false\\\"},{\\\"text\\\":\\\" : \\\"},{\\\"translate\\\":\\\"item.minecraft.diamond_axe\\\",\\\"color\\\":\\\"green\\\"}]\"},Recipes:[\"minecraft:diamond_axe\"]}"
            }
          ]
        },
		{
          "type": "item",
          "name": "minecraft:knowledge_book",
          "weight": 1,
          "functions": [
            {
              "function": "set_nbt",
              "tag": "{display:{Name:\"[{\\\"translate\\\":\\\"item.minecraft.knowledge_book\\\",\\\"italic\\\":\\\"false\\\"},{\\\"text\\\":\\\" : \\\"},{\\\"translate\\\":\\\"item.minecraft.diamond_boots\\\",\\\"color\\\":\\\"green\\\"}]\"},Recipes:[\"minecraft:diamond_boots\"]}"
            }
          ]
        },
		{
          "type": "item",
          "name": "minecraft:knowledge_book",
          "weight": 1,
          "functions": [
            {
              "function": "set_nbt",
              "tag": "{display:{Name:\"[{\\\"translate\\\":\\\"item.minecraft.knowledge_book\\\",\\\"italic\\\":\\\"false\\\"},{\\\"text\\\":\\\" : \\\"},{\\\"translate\\\":\\\"item.minecraft.diamond_chestplate\\\",\\\"color\\\":\\\"green\\\"}]\"},Recipes:[\"minecraft:diamond_chestplate\"]}"
            }
          ]
        },
		{
          "type": "item",
          "name": "minecraft:knowledge_book",
          "weight": 1,
          "functions": [
            {
              "function": "set_nbt",
              "tag": "{display:{Name:\"[{\\\"translate\\\":\\\"item.minecraft.knowledge_book\\\",\\\"italic\\\":\\\"false\\\"},{\\\"text\\\":\\\" : \\\"},{\\\"translate\\\":\\\"item.minecraft.diamond_helmet\\\",\\\"color\\\":\\\"green\\\"}]\"},Recipes:[\"minecraft:diamond_helmet\"]}"
            }
          ]
        },
		{
          "type": "item",
          "name": "minecraft:knowledge_book",
          "weight": 1,
          "functions": [
            {
              "function": "set_nbt",
              "tag": "{display:{Name:\"[{\\\"translate\\\":\\\"item.minecraft.knowledge_book\\\",\\\"italic\\\":\\\"false\\\"},{\\\"text\\\":\\\" : \\\"},{\\\"translate\\\":\\\"item.minecraft.diamond_hoe\\\",\\\"color\\\":\\\"green\\\"}]\"},Recipes:[\"minecraft:diamond_hoe\"]}"
            }
          ]
        },
		{
          "type": "item",
          "name": "minecraft:knowledge_book",
          "weight": 1,
          "functions": [
            {
              "function": "set_nbt",
              "tag": "{display:{Name:\"[{\\\"translate\\\":\\\"item.minecraft.knowledge_book\\\",\\\"italic\\\":\\\"false\\\"},{\\\"text\\\":\\\" : \\\"},{\\\"translate\\\":\\\"item.minecraft.diamond_leggings\\\",\\\"color\\\":\\\"green\\\"}]\"},Recipes:[\"minecraft:diamond_leggings\"]}"
            }
          ]
        },
		{
          "type": "item",
          "name": "minecraft:knowledge_book",
          "weight": 1,
          "functions": [
            {
              "function": "set_nbt",
              "tag": "{display:{Name:\"[{\\\"translate\\\":\\\"item.minecraft.knowledge_book\\\",\\\"italic\\\":\\\"false\\\"},{\\\"text\\\":\\\" : \\\"},{\\\"translate\\\":\\\"item.minecraft.diamond_pickaxe\\\",\\\"color\\\":\\\"green\\\"}]\"},Recipes:[\"minecraft:diamond_pickaxe\"]}"
            }
          ]
        },
		{
          "type": "item",
          "name": "minecraft:knowledge_book",
          "weight": 1,
          "functions": [
            {
              "function": "set_nbt",
              "tag": "{display:{Name:\"[{\\\"translate\\\":\\\"item.minecraft.knowledge_book\\\",\\\"italic\\\":\\\"false\\\"},{\\\"text\\\":\\\" : \\\"},{\\\"translate\\\":\\\"item.minecraft.diamond_shovel\\\",\\\"color\\\":\\\"green\\\"}]\"},Recipes:[\"minecraft:diamond_shovel\"]}"
            }
          ]
        },
		{
          "type": "item",
          "name": "minecraft:knowledge_book",
          "weight": 1,
          "functions": [
            {
              "function": "set_nbt",
              "tag": "{display:{Name:\"[{\\\"translate\\\":\\\"item.minecraft.knowledge_book\\\",\\\"italic\\\":\\\"false\\\"},{\\\"text\\\":\\\" : \\\"},{\\\"translate\\\":\\\"item.minecraft.diamond_sword\\\",\\\"color\\\":\\\"green\\\"}]\"},Recipes:[\"minecraft:diamond_sword\"]}"
            }
          ]
        }
      ]
    }
  ]
}