{
    "pools": [
        {
            "rolls": 1,
            "entries": [
                {
				  "type": "item",
				  "name": "minecraft:leather_helmet",
				  "weight": 2,
				  "functions": [
				    {
                      "function": "minecraft:set_damage",
                      "damage": {
                          "min": 0.25,
                          "max": 0.75
                      }
                    },
					{
                      "function": "minecraft:enchant_with_levels",
                      "levels": {
                          "min": 1,
                          "max": 20
                      },
					  "treasure": true
                    }
				  ]
				},
				{
				  "type": "item",
				  "name": "minecraft:leather_chestplate",
				  "weight": 2,
				  "functions": [
				    {
                      "function": "minecraft:set_damage",
                      "damage": {
                          "min": 0.25,
                          "max": 0.75
                      }
                    },
					{
                      "function": "minecraft:enchant_with_levels",
                      "levels": {
                          "min": 1,
                          "max": 20
                      },
					  "treasure": true
                    }
				  ]
				},
				{
				  "type": "item",
				  "name": "minecraft:leather_leggings",
				  "weight": 2,
				  "functions": [
				    {
                      "function": "minecraft:set_damage",
                      "damage": {
                          "min": 0.25,
                          "max": 0.75
                      }
                    },
					{
                      "function": "minecraft:enchant_with_levels",
                      "levels": {
                          "min": 1,
                          "max": 20
                      },
					  "treasure": true
                    }
				  ]
				},
				{
				  "type": "item",
				  "name": "minecraft:leather_boots",
				  "weight": 2,
				  "functions": [
				    {
                      "function": "minecraft:set_damage",
                      "damage": {
                          "min": 0.25,
                          "max": 0.75
                      }
                    },
					{
                      "function": "minecraft:enchant_with_levels",
                      "levels": {
                          "min": 1,
                          "max": 20
                      },
					  "treasure": true
                    }
				  ]
				},
				{
				  "type": "item",
				  "name": "minecraft:chainmail_helmet",
				  "weight": 1,
				  "functions": [
				    {
                      "function": "minecraft:set_damage",
                      "damage": {
                          "min": 0.25,
                          "max": 0.75
                      }
                    }
				  ]
				},
				{
				  "type": "item",
				  "name": "minecraft:chainmail_chestplate",
				  "weight": 1,
				  "functions": [
				    {
                      "function": "minecraft:set_damage",
                      "damage": {
                          "min": 0.25,
                          "max": 0.75
                      }
                    }
				  ]
				},
				{
				  "type": "item",
				  "name": "minecraft:chainmail_leggings",
				  "weight": 1,
				  "functions": [
				    {
                      "function": "minecraft:set_damage",
                      "damage": {
                          "min": 0.25,
                          "max": 0.75
                      }
                    }
				  ]
				},
				{
				  "type": "item",
				  "name": "minecraft:chainmail_boots",
				  "weight": 1,
				  "functions": [
				    {
                      "function": "minecraft:set_damage",
                      "damage": {
                          "min": 0.25,
                          "max": 0.75
                      }
                    }
				  ]
				},
				{
				  "type": "item",
				  "name": "minecraft:chainmail_helmet",
				  "weight": 20,
				  "functions": [
					{
					  "function": "set_nbt",
					  "tag": "{display:{Name:\"{\\\"translate\\\":\\\"item.minecraft.chainmail_helmet\\\",\\\"color\\\":\\\"gray\\\"}\"},AttributeModifiers:[{AttributeName:\"generic.movementSpeed\",Name:\"generic.movementSpeed\",Amount:-0.15,Operation:1,UUIDMost:48058,UUIDLeast:9393,Slot:\"head\"},{AttributeName:\"generic.armor\",Name:\"generic.armor\",Amount:2,Operation:0,UUIDMost:83809,UUIDLeast:927759,Slot:\"head\"}]}"
					},
					{
                      "function": "minecraft:set_damage",
                      "damage": {
                          "min": 0.25,
                          "max": 0.75
                      }
                    },
					{
                      "function": "minecraft:enchant_with_levels",
                      "levels": {
                          "min": 1,
                          "max": 20
                      },
					  "treasure": true
                    }
				  ]
				},
				{
				  "type": "item",
				  "name": "minecraft:chainmail_chestplate",
				  "weight": 20,
				  "functions": [
					{
					  "function": "set_nbt",
					  "tag": "{display:{Name:\"{\\\"translate\\\":\\\"item.minecraft.chainmail_chestplate\\\",\\\"color\\\":\\\"gray\\\"}\"},AttributeModifiers:[{AttributeName:\"generic.movementSpeed\",Name:\"generic.movementSpeed\",Amount:-0.15,Operation:1,UUIDMost:48058,UUIDLeast:9394,Slot:\"chest\"},{AttributeName:\"generic.armor\",Name:\"generic.armor\",Amount:5,Operation:0,UUIDMost:83809,UUIDLeast:927750,Slot:\"chest\"}]}"
					},
					{
                      "function": "minecraft:set_damage",
                      "damage": {
                          "min": 0.25,
                          "max": 0.75
                      }
                    },
					{
                      "function": "minecraft:enchant_with_levels",
                      "levels": {
                          "min": 1,
                          "max": 20
                      },
					  "treasure": true
                    }
				  ]
				},
				{
				  "type": "item",
				  "name": "minecraft:chainmail_leggings",
				  "weight": 20,
				  "functions": [
					{
					  "function": "set_nbt",
					  "tag": "{display:{Name:\"{\\\"translate\\\":\\\"item.minecraft.chainmail_leggings\\\",\\\"color\\\":\\\"gray\\\"}\"},AttributeModifiers:[{AttributeName:\"generic.movementSpeed\",Name:\"generic.movementSpeed\",Amount:-0.15,Operation:1,UUIDMost:48058,UUIDLeast:9395,Slot:\"legs\"},{AttributeName:\"generic.armor\",Name:\"generic.armor\",Amount:4,Operation:0,UUIDMost:83809,UUIDLeast:927751,Slot:\"legs\"}]}"
					},
					{
                      "function": "minecraft:set_damage",
                      "damage": {
                          "min": 0.25,
                          "max": 0.75
                      }
                    },
					{
                      "function": "minecraft:enchant_with_levels",
                      "levels": {
                          "min": 1,
                          "max": 20
                      },
					  "treasure": true
                    }
				  ]
				},
				{
				  "type": "item",
				  "name": "minecraft:chainmail_boots",
				  "weight": 20,
				  "functions": [
					{
					  "function": "set_nbt",
					  "tag": "{display:{Name:\"{\\\"translate\\\":\\\"item.minecraft.chainmail_boots\\\",\\\"color\\\":\\\"gray\\\"}\"},AttributeModifiers:[{AttributeName:\"generic.movementSpeed\",Name:\"generic.movementSpeed\",Amount:-0.15,Operation:1,UUIDMost:48058,UUIDLeast:9396,Slot:\"feet\"},{AttributeName:\"generic.armor\",Name:\"generic.armor\",Amount:1,Operation:0,UUIDMost:83809,UUIDLeast:927752,Slot:\"feet\"}]}"
					},
					{
                      "function": "minecraft:set_damage",
                      "damage": {
                          "min": 0.25,
                          "max": 0.75
                      }
                    },
					{
                      "function": "minecraft:enchant_with_levels",
                      "levels": {
                          "min": 1,
                          "max": 20
                      },
					  "treasure": true
                    }
				  ]
				},
				{
				  "type": "item",
				  "name": "minecraft:chainmail_helmet",
				  "weight": 10,
				  "functions": [
					{
					  "function": "set_nbt",
					  "tag": "{display:{Name:\"{\\\"translate\\\":\\\"item.minecraft.chainmail_helmet\\\",\\\"color\\\":\\\"gray\\\"}\"},AttributeModifiers:[{AttributeName:\"generic.movementSpeed\",Name:\"generic.movementSpeed\",Amount:-0.1,Operation:1,UUIDMost:48059,UUIDLeast:9393,Slot:\"head\"},{AttributeName:\"generic.armor\",Name:\"generic.armor\",Amount:2,Operation:0,UUIDMost:83800,UUIDLeast:927759,Slot:\"head\"}]}"
					},
					{
                      "function": "minecraft:set_damage",
                      "damage": {
                          "min": 0.25,
                          "max": 0.75
                      }
                    },
					{
                      "function": "minecraft:enchant_with_levels",
                      "levels": {
                          "min": 1,
                          "max": 20
                      },
					  "treasure": true
                    }
				  ]
				},
				{
				  "type": "item",
				  "name": "minecraft:chainmail_chestplate",
				  "weight": 10,
				  "functions": [
					{
					  "function": "set_nbt",
					  "tag": "{display:{Name:\"{\\\"translate\\\":\\\"item.minecraft.chainmail_chestplate\\\",\\\"color\\\":\\\"gray\\\"}\"},AttributeModifiers:[{AttributeName:\"generic.movementSpeed\",Name:\"generic.movementSpeed\",Amount:-0.1,Operation:1,UUIDMost:48059,UUIDLeast:9394,Slot:\"chest\"},{AttributeName:\"generic.armor\",Name:\"generic.armor\",Amount:5,Operation:0,UUIDMost:83800,UUIDLeast:927750,Slot:\"chest\"}]}"
					},
					{
                      "function": "minecraft:set_damage",
                      "damage": {
                          "min": 0.25,
                          "max": 0.75
                      }
                    },
					{
                      "function": "minecraft:enchant_with_levels",
                      "levels": {
                          "min": 1,
                          "max": 20
                      },
					  "treasure": true
                    }
				  ]
				},
				{
				  "type": "item",
				  "name": "minecraft:chainmail_leggings",
				  "weight": 10,
				  "functions": [
					{
					  "function": "set_nbt",
					  "tag": "{display:{Name:\"{\\\"translate\\\":\\\"item.minecraft.chainmail_leggings\\\",\\\"color\\\":\\\"gray\\\"}\"},AttributeModifiers:[{AttributeName:\"generic.movementSpeed\",Name:\"generic.movementSpeed\",Amount:-0.1,Operation:1,UUIDMost:48059,UUIDLeast:9395,Slot:\"legs\"},{AttributeName:\"generic.armor\",Name:\"generic.armor\",Amount:4,Operation:0,UUIDMost:83800,UUIDLeast:927751,Slot:\"legs\"}]}"
					},
					{
                      "function": "minecraft:set_damage",
                      "damage": {
                          "min": 0.25,
                          "max": 0.75
                      }
                    },
					{
                      "function": "minecraft:enchant_with_levels",
                      "levels": {
                          "min": 1,
                          "max": 20
                      },
					  "treasure": true
                    }
				  ]
				},
				{
				  "type": "item",
				  "name": "minecraft:chainmail_boots",
				  "weight": 10,
				  "functions": [
					{
					  "function": "set_nbt",
					  "tag": "{display:{Name:\"{\\\"translate\\\":\\\"item.minecraft.chainmail_boots\\\",\\\"color\\\":\\\"gray\\\"}\"},AttributeModifiers:[{AttributeName:\"generic.movementSpeed\",Name:\"generic.movementSpeed\",Amount:-0.1,Operation:1,UUIDMost:48059,UUIDLeast:9396,Slot:\"feet\"},{AttributeName:\"generic.armor\",Name:\"generic.armor\",Amount:1,Operation:0,UUIDMost:83800,UUIDLeast:927752,Slot:\"feet\"}]}"
					},
					{
                      "function": "minecraft:set_damage",
                      "damage": {
                          "min": 0.25,
                          "max": 0.75
                      }
                    },
					{
                      "function": "minecraft:enchant_with_levels",
                      "levels": {
                          "min": 1,
                          "max": 20
                      },
					  "treasure": true
                    }
				  ]
				},
				{
				  "type": "item",
				  "name": "minecraft:chainmail_helmet",
				  "weight": 5,
				  "functions": [
					{
					  "function": "set_nbt",
					  "tag": "{display:{Name:\"{\\\"translate\\\":\\\"item.minecraft.chainmail_helmet\\\",\\\"color\\\":\\\"gray\\\"}\"},AttributeModifiers:[{AttributeName:\"generic.movementSpeed\",Name:\"generic.movementSpeed\",Amount:-0.05,Operation:1,UUIDMost:48050,UUIDLeast:9393,Slot:\"head\"},{AttributeName:\"generic.armor\",Name:\"generic.armor\",Amount:2,Operation:0,UUIDMost:83801,UUIDLeast:927759,Slot:\"head\"}]}"
					},
					{
                      "function": "minecraft:set_damage",
                      "damage": {
                          "min": 0.25,
                          "max": 0.75
                      }
                    },
					{
                      "function": "minecraft:enchant_with_levels",
                      "levels": {
                          "min": 1,
                          "max": 20
                      },
					  "treasure": true
                    }
				  ]
				},
				{
				  "type": "item",
				  "name": "minecraft:chainmail_chestplate",
				  "weight": 5,
				  "functions": [
					{
					  "function": "set_nbt",
					  "tag": "{display:{Name:\"{\\\"translate\\\":\\\"item.minecraft.chainmail_chestplate\\\",\\\"color\\\":\\\"gray\\\"}\"},AttributeModifiers:[{AttributeName:\"generic.movementSpeed\",Name:\"generic.movementSpeed\",Amount:-0.05,Operation:1,UUIDMost:48050,UUIDLeast:9394,Slot:\"chest\"},{AttributeName:\"generic.armor\",Name:\"generic.armor\",Amount:5,Operation:0,UUIDMost:83801,UUIDLeast:927750,Slot:\"chest\"}]}"
					},
					{
                      "function": "minecraft:set_damage",
                      "damage": {
                          "min": 0.25,
                          "max": 0.75
                      }
                    },
					{
                      "function": "minecraft:enchant_with_levels",
                      "levels": {
                          "min": 1,
                          "max": 20
                      },
					  "treasure": true
                    }
				  ]
				},
				{
				  "type": "item",
				  "name": "minecraft:chainmail_leggings",
				  "weight": 5,
				  "functions": [
					{
					  "function": "set_nbt",
					  "tag": "{display:{Name:\"{\\\"translate\\\":\\\"item.minecraft.chainmail_leggings\\\",\\\"color\\\":\\\"gray\\\"}\"},AttributeModifiers:[{AttributeName:\"generic.movementSpeed\",Name:\"generic.movementSpeed\",Amount:-0.05,Operation:1,UUIDMost:48050,UUIDLeast:9395,Slot:\"legs\"},{AttributeName:\"generic.armor\",Name:\"generic.armor\",Amount:4,Operation:0,UUIDMost:83801,UUIDLeast:927751,Slot:\"legs\"}]}"
					},
					{
                      "function": "minecraft:set_damage",
                      "damage": {
                          "min": 0.25,
                          "max": 0.75
                      }
                    },
					{
                      "function": "minecraft:enchant_with_levels",
                      "levels": {
                          "min": 1,
                          "max": 20
                      },
					  "treasure": true
                    }
				  ]
				},
				{
				  "type": "item",
				  "name": "minecraft:chainmail_boots",
				  "weight": 5,
				  "functions": [
					{
					  "function": "set_nbt",
					  "tag": "{display:{Name:\"{\\\"translate\\\":\\\"item.minecraft.chainmail_boots\\\",\\\"color\\\":\\\"gray\\\"}\"},AttributeModifiers:[{AttributeName:\"generic.movementSpeed\",Name:\"generic.movementSpeed\",Amount:-0.05,Operation:1,UUIDMost:48050,UUIDLeast:9396,Slot:\"feet\"},{AttributeName:\"generic.armor\",Name:\"generic.armor\",Amount:1,Operation:0,UUIDMost:83801,UUIDLeast:927752,Slot:\"feet\"}]}"
					},
					{
                      "function": "minecraft:set_damage",
                      "damage": {
                          "min": 0.25,
                          "max": 0.75
                      }
                    },
					{
                      "function": "minecraft:enchant_with_levels",
                      "levels": {
                          "min": 1,
                          "max": 20
                      },
					  "treasure": true
                    }
				  ]
				},
				{
				  "type": "item",
				  "name": "minecraft:iron_helmet",
				  "weight": 1,
				  "functions": [
					{
					  "function": "set_nbt",
					  "tag": "{display:{Name:\"{\\\"translate\\\":\\\"item.minecraft.iron_helmet\\\",\\\"color\\\":\\\"gray\\\"}\"},AttributeModifiers:[{AttributeName:\"generic.movementSpeed\",Name:\"generic.movementSpeed\",Amount:-0.15,Operation:1,UUIDMost:58058,UUIDLeast:9393,Slot:\"head\"},{AttributeName:\"generic.armor\",Name:\"generic.armor\",Amount:2,Operation:0,UUIDMost:93809,UUIDLeast:927759,Slot:\"head\"}]}"
					},
					{
                      "function": "minecraft:set_damage",
                      "damage": {
                          "min": 0.25,
                          "max": 0.75
                      }
                    }
				  ]
				},
				{
				  "type": "item",
				  "name": "minecraft:iron_chestplate",
				  "weight": 1,
				  "functions": [
					{
					  "function": "set_nbt",
					  "tag": "{display:{Name:\"{\\\"translate\\\":\\\"item.minecraft.iron_chestplate\\\",\\\"color\\\":\\\"gray\\\"}\"},AttributeModifiers:[{AttributeName:\"generic.movementSpeed\",Name:\"generic.movementSpeed\",Amount:-0.15,Operation:1,UUIDMost:58058,UUIDLeast:9394,Slot:\"chest\"},{AttributeName:\"generic.armor\",Name:\"generic.armor\",Amount:6,Operation:0,UUIDMost:93809,UUIDLeast:927750,Slot:\"chest\"}]}"
					},
					{
                      "function": "minecraft:set_damage",
                      "damage": {
                          "min": 0.25,
                          "max": 0.75
                      }
                    }
				  ]
				},
				{
				  "type": "item",
				  "name": "minecraft:iron_leggings",
				  "weight": 1,
				  "functions": [
					{
					  "function": "set_nbt",
					  "tag": "{display:{Name:\"{\\\"translate\\\":\\\"item.minecraft.iron_leggings\\\",\\\"color\\\":\\\"gray\\\"}\"},AttributeModifiers:[{AttributeName:\"generic.movementSpeed\",Name:\"generic.movementSpeed\",Amount:-0.15,Operation:1,UUIDMost:58058,UUIDLeast:9395,Slot:\"legs\"},{AttributeName:\"generic.armor\",Name:\"generic.armor\",Amount:5,Operation:0,UUIDMost:93809,UUIDLeast:927751,Slot:\"legs\"}]}"
					},
					{
                      "function": "minecraft:set_damage",
                      "damage": {
                          "min": 0.25,
                          "max": 0.75
                      }
                    }
				  ]
				},
				{
				  "type": "item",
				  "name": "minecraft:iron_boots",
				  "weight": 1,
				  "functions": [
					{
					  "function": "set_nbt",
					  "tag": "{display:{Name:\"{\\\"translate\\\":\\\"item.minecraft.iron_boots\\\",\\\"color\\\":\\\"gray\\\"}\"},AttributeModifiers:[{AttributeName:\"generic.movementSpeed\",Name:\"generic.movementSpeed\",Amount:-0.15,Operation:1,UUIDMost:58058,UUIDLeast:9396,Slot:\"feet\"},{AttributeName:\"generic.armor\",Name:\"generic.armor\",Amount:2,Operation:0,UUIDMost:93809,UUIDLeast:927752,Slot:\"feet\"}]}"
					},
					{
                      "function": "minecraft:set_damage",
                      "damage": {
                          "min": 0.25,
                          "max": 0.75
                      }
                    }
				  ]
				}
            ]
        }
    ]
}