{
    "pools": [
        {
            "rolls": 1,
            "entries": [
                {
                    "type": "item",
                    "name": "minecraft:leather",
                    "weight": 2,
					"functions": [
                        {
                            "function": "set_count",
                            "count": {
                                "min": 1,
                                "max": 4
                            }
                        }
                    ]
                },
                {
                    "type": "item",
                    "name": "minecraft:rotten_flesh",
                    "weight": 2,
					"functions": [
                        {
                            "function": "set_count",
                            "count": {
                                "min": 1,
                                "max": 4
                            }
                        }
                    ]
                },
				{
                    "type": "item",
                    "name": "minecraft:feather",
                    "weight": 2,
					"functions": [
                        {
                            "function": "set_count",
                            "count": {
                                "min": 1,
                                "max": 4
                            }
                        }
                    ]
                },
				{
                    "type": "item",
                    "name": "minecraft:flint",
                    "weight": 2,
					"functions": [
                        {
                            "function": "set_count",
                            "count": {
                                "min": 1,
                                "max": 4
                            }
                        }
                    ]
                },
				{
                    "type": "item",
                    "name": "minecraft:prismarine_shard",
                    "weight": 2,
					"functions": [
                        {
                            "function": "set_count",
                            "count": {
                                "min": 1,
                                "max": 4
                            }
                        }
                    ]
                },
				{
                    "type": "item",
                    "name": "minecraft:ink_sac",
                    "weight": 2,
					"functions": [
                        {
                            "function": "set_count",
                            "count": {
                                "min": 1,
                                "max": 4
                            }
                        }
                    ]
                },
				{
                    "type": "item",
                    "name": "minecraft:bone",
                    "weight": 2,
					"functions": [
                        {
                            "function": "set_count",
                            "count": {
                                "min": 1,
                                "max": 4
                            }
                        }
                    ]
                },
				{
                    "type": "item",
                    "name": "minecraft:string",
                    "weight": 2,
					"functions": [
                        {
                            "function": "set_count",
                            "count": {
                                "min": 1,
                                "max": 4
                            }
                        }
                    ]
                },
				{
                    "type": "item",
                    "name": "minecraft:gunpowder",
                    "weight": 1,
					"functions": [
                        {
                            "function": "set_count",
                            "count": {
                                "min": 1,
                                "max": 4
                            }
                        }
                    ]
                },
				{
                    "type": "item",
                    "name": "minecraft:spider_eye",
                    "weight": 1,
					"functions": [
                        {
                            "function": "set_count",
                            "count": {
                                "min": 1,
                                "max": 4
                            }
                        }
                    ]
                },
				{
                    "type": "item",
                    "name": "minecraft:iron_nugget",
                    "weight": 1,
					"functions": [
                        {
                            "function": "set_count",
                            "count": {
                                "min": 1,
                                "max": 4
                            }
                        }
                    ]
                },
				{
                    "type": "item",
                    "name": "minecraft:prismarine_crystals",
                    "weight": 1,
					"functions": [
                        {
                            "function": "set_count",
                            "count": {
                                "min": 1,
                                "max": 4
                            }
                        }
                    ]
                }
            ]
        }
    ]
}