{
    "pools": [
        {
            "rolls": 1,
            "entries": [
			    {
                    "type": "item",
                    "name": "minecraft:arrow",
                    "weight": 1,
					"functions": [
                        {
                            "function": "set_count",
                            "count": {
                                "min": 1,
                                "max": 8
                            }
                        }
                    ]
                },
				{
                    "type": "item",
                    "name": "minecraft:tipped_arrow",
                    "weight": 1,
					"functions": [
                        {
                            "function": "set_count",
                            "count": {
                                "min": 1,
                                "max": 3
                            }
                        },
						{
						    "function": "set_nbt",
							"tag": "{Potion:\"minecraft:poison\"}"
						}
                    ]
                },
                {
                    "type": "item",
                    "name": "minecraft:lingering_potion",
                    "weight": 1,
					"functions": [
                        {
                            "function": "set_count",
                            "count": {
                                "min": 1,
                                "max": 3
                            }
                        },
						{
						    "function": "set_nbt",
							"tag": "{Potion:\"minecraft:long_regeneration\"}"
						}
                    ]
                },
				{
                    "type": "item",
                    "name": "minecraft:potion",
                    "weight": 1,
					"functions": [
                        {
                            "function": "set_count",
                            "count": {
                                "min": 1,
                                "max": 3
                            }
                        },
						{
						    "function": "set_nbt",
							"tag": "{Potion:\"minecraft:invisibility\"}"
						}
                    ]
                },
				{
                    "type": "item",
                    "name": "minecraft:potion",
                    "weight": 1,
					"functions": [
                        {
                            "function": "set_count",
                            "count": {
                                "min": 1,
                                "max": 3
                            }
                        },
						{
						    "function": "set_nbt",
							"tag": "{Potion:\"minecraft:swiftness\"}"
						}
                    ]
                },
				{
                    "type": "item",
                    "name": "minecraft:splash_potion",
                    "weight": 1,
					"functions": [
                        {
                            "function": "set_count",
                            "count": {
                                "min": 1,
                                "max": 3
                            }
                        },
						{
						    "function": "set_nbt",
							"tag": "{Potion:\"minecraft:poison\"}"
						}
                    ]
                }
            ]
        }
    ]
}