{
    "pools": [
        {
            "rolls": 1,
            "entries": [
			    {
				  "type": "item",
				  "name": "minecraft:stone_axe",
				  "weight": 60
				},
				{
				  "type": "item",
				  "name": "minecraft:stone_sword",
				  "weight": 60
				},
                {
				  "type": "item",
				  "name": "minecraft:stone_axe",
				  "weight": 40,
				  "functions": [
					{
					  "function": "set_nbt",
					  "tag": "{display:{Name:\"{\\\"translate\\\":\\\"item.minecraft.stone_axe\\\",\\\"color\\\":\\\"gray\\\"}\"},AttributeModifiers:[{AttributeName:\"generic.attackSpeed\",Name:\"generic.attackSpeed\",Amount:-3.8,Operation:0,UUIDMost:23280,UUIDLeast:537116,Slot:\"mainhand\"},{AttributeName:\"generic.attackDamage\",Name:\"generic.attackDamage\",Amount:9,Operation:0,UUIDMost:60879,UUIDLeast:844766,Slot:\"mainhand\"}]}"
					}
				  ]
				},
				{
				  "type": "item",
				  "name": "minecraft:stone_axe",
				  "weight": 40,
				  "functions": [
					{
					  "function": "set_nbt",
					  "tag": "{display:{Name:\"{\\\"translate\\\":\\\"item.minecraft.stone_axe\\\",\\\"color\\\":\\\"gray\\\"}\"},AttributeModifiers:[{AttributeName:\"generic.attackSpeed\",Name:\"generic.attackSpeed\",Amount:-3.6,Operation:0,UUIDMost:23281,UUIDLeast:537116,Slot:\"mainhand\"},{AttributeName:\"generic.attackDamage\",Name:\"generic.attackDamage\",Amount:9,Operation:0,UUIDMost:60870,UUIDLeast:844766,Slot:\"mainhand\"}]}"
					}
				  ]
				},
				{
				  "type": "item",
				  "name": "minecraft:stone_axe",
				  "weight": 40,
				  "functions": [
					{
					  "function": "set_nbt",
					  "tag": "{display:{Name:\"{\\\"translate\\\":\\\"item.minecraft.stone_axe\\\",\\\"color\\\":\\\"gray\\\"}\"},AttributeModifiers:[{AttributeName:\"generic.attackSpeed\",Name:\"generic.attackSpeed\",Amount:-3.4,Operation:0,UUIDMost:23282,UUIDLeast:537116,Slot:\"mainhand\"},{AttributeName:\"generic.attackDamage\",Name:\"generic.attackDamage\",Amount:9,Operation:0,UUIDMost:60871,UUIDLeast:844766,Slot:\"mainhand\"}]}"
					}
				  ]
				},
				{
				  "type": "item",
				  "name": "minecraft:stone_sword",
				  "weight": 40,
				  "functions": [
					{
					  "function": "set_nbt",
					  "tag": "{display:{Name:\"{\\\"translate\\\":\\\"item.minecraft.stone_sword\\\",\\\"color\\\":\\\"gray\\\"}\"},AttributeModifiers:[{AttributeName:\"generic.attackSpeed\",Name:\"generic.attackSpeed\",Amount:-3.75,Operation:0,UUIDMost:66882,UUIDLeast:365742,Slot:\"mainhand\"},{AttributeName:\"generic.attackDamage\",Name:\"generic.attackDamage\",Amount:5,Operation:0,UUIDMost:1895,UUIDLeast:526342,Slot:\"mainhand\"}]}"
					}
				  ]
				},
				{
				  "type": "item",
				  "name": "minecraft:stone_sword",
				  "weight": 40,
				  "functions": [
					{
					  "function": "set_nbt",
					  "tag": "{display:{Name:\"{\\\"translate\\\":\\\"item.minecraft.stone_sword\\\",\\\"color\\\":\\\"gray\\\"}\"},AttributeModifiers:[{AttributeName:\"generic.attackSpeed\",Name:\"generic.attackSpeed\",Amount:-3.5,Operation:0,UUIDMost:66883,UUIDLeast:365742,Slot:\"mainhand\"},{AttributeName:\"generic.attackDamage\",Name:\"generic.attackDamage\",Amount:5,Operation:0,UUIDMost:1896,UUIDLeast:526342,Slot:\"mainhand\"}]}"
					}
				  ]
				},
				{
				  "type": "item",
				  "name": "minecraft:stone_sword",
				  "weight": 40,
				  "functions": [
					{
					  "function": "set_nbt",
					  "tag": "{display:{Name:\"{\\\"translate\\\":\\\"item.minecraft.stone_sword\\\",\\\"color\\\":\\\"gray\\\"}\"},AttributeModifiers:[{AttributeName:\"generic.attackSpeed\",Name:\"generic.attackSpeed\",Amount:-3,Operation:0,UUIDMost:66884,UUIDLeast:365742,Slot:\"mainhand\"},{AttributeName:\"generic.attackDamage\",Name:\"generic.attackDamage\",Amount:5,Operation:0,UUIDMost:1897,UUIDLeast:526342,Slot:\"mainhand\"}]}"
					}
				  ]
				},
				{
				  "type": "item",
				  "name": "minecraft:stone_axe",
				  "weight": 6,
				  "functions": [
					{
					  "function": "set_nbt",
					  "tag": "{display:{Name:\"{\\\"translate\\\":\\\"item.minecraft.stone_axe\\\",\\\"color\\\":\\\"green\\\"}\"},AttributeModifiers:[{AttributeName:\"generic.attackDamage\",Name:\"generic.attackDamage\",Amount:9,Operation:0,UUIDMost:83312,UUIDLeast:741437,Slot:\"mainhand\"},{AttributeName:\"generic.attackSpeed\",Name:\"generic.attackSpeed\",Amount:-3.2,Operation:0,UUIDMost:50241,UUIDLeast:54873,Slot:\"mainhand\"},{AttributeName:\"generic.armor\",Name:\"generic.armor\",Amount:2,Operation:0,UUIDMost:51567,UUIDLeast:648339,Slot:\"mainhand\"}]}"
					}
				  ]
				},
				{
				  "type": "item",
				  "name": "minecraft:stone_axe",
				  "weight": 6,
				  "functions": [
					{
					  "function": "set_nbt",
					  "tag": "{display:{Name:\"{\\\"translate\\\":\\\"item.minecraft.stone_axe\\\",\\\"color\\\":\\\"green\\\"}\"},AttributeModifiers:[{AttributeName:\"generic.attackDamage\",Name:\"generic.attackDamage\",Amount:9,Operation:0,UUIDMost:83313,UUIDLeast:741437,Slot:\"mainhand\"},{AttributeName:\"generic.attackSpeed\",Name:\"generic.attackSpeed\",Amount:-3.2,Operation:0,UUIDMost:50242,UUIDLeast:54873,Slot:\"mainhand\"},{AttributeName:\"generic.knockbackResistance\",Name:\"generic.knockbackResistance\",Amount:0.25,Operation:0,UUIDMost:51568,UUIDLeast:648339,Slot:\"mainhand\"}]}"
					}
				  ]
				},
				{
				  "type": "item",
				  "name": "minecraft:stone_axe",
				  "weight": 6,
				  "functions": [
					{
					  "function": "set_nbt",
					  "tag": "{display:{Name:\"{\\\"translate\\\":\\\"item.minecraft.stone_axe\\\",\\\"color\\\":\\\"green\\\"}\"},AttributeModifiers:[{AttributeName:\"generic.attackDamage\",Name:\"generic.attackDamage\",Amount:9,Operation:0,UUIDMost:83314,UUIDLeast:741437,Slot:\"mainhand\"},{AttributeName:\"generic.attackSpeed\",Name:\"generic.attackSpeed\",Amount:-3.2,Operation:0,UUIDMost:50243,UUIDLeast:54873,Slot:\"mainhand\"},{AttributeName:\"generic.movementSpeed\",Name:\"generic.movementSpeed\",Amount:0.1,Operation:1,UUIDMost:51569,UUIDLeast:648339,Slot:\"mainhand\"}]}"
					}
				  ]
				},
				{
				  "type": "item",
				  "name": "minecraft:stone_axe",
				  "weight": 6,
				  "functions": [
					{
					  "function": "set_nbt",
					  "tag": "{display:{Name:\"{\\\"translate\\\":\\\"item.minecraft.stone_axe\\\",\\\"color\\\":\\\"green\\\"}\"},AttributeModifiers:[{AttributeName:\"generic.attackDamage\",Name:\"generic.attackDamage\",Amount:9,Operation:0,UUIDMost:83315,UUIDLeast:741437,Slot:\"mainhand\"},{AttributeName:\"generic.attackSpeed\",Name:\"generic.attackSpeed\",Amount:-2.4,Operation:0,UUIDMost:50244,UUIDLeast:54873,Slot:\"mainhand\"}]}"
					}
				  ]
				},
				{
				  "type": "item",
				  "name": "minecraft:stone_axe",
				  "weight": 6,
				  "functions": [
					{
					  "function": "set_nbt",
					  "tag": "{display:{Name:\"{\\\"translate\\\":\\\"item.minecraft.stone_axe\\\",\\\"color\\\":\\\"green\\\"}\"},AttributeModifiers:[{AttributeName:\"generic.attackDamage\",Name:\"generic.attackDamage\",Amount:10,Operation:0,UUIDMost:83316,UUIDLeast:741437,Slot:\"mainhand\"},{AttributeName:\"generic.attackSpeed\",Name:\"generic.attackSpeed\",Amount:-3.2,Operation:0,UUIDMost:50245,UUIDLeast:54873,Slot:\"mainhand\"}]}"
					}
				  ]
				},
				{
				  "type": "item",
				  "name": "minecraft:stone_sword",
				  "weight": 6,
				  "functions": [
					{
					  "function": "set_nbt",
					  "tag": "{display:{Name:\"{\\\"translate\\\":\\\"item.minecraft.stone_sword\\\",\\\"color\\\":\\\"green\\\"}\"},AttributeModifiers:[{AttributeName:\"generic.attackDamage\",Name:\"generic.attackDamage\",Amount:5,Operation:0,UUIDMost:83312,UUIDLeast:741436,Slot:\"mainhand\"},{AttributeName:\"generic.attackSpeed\",Name:\"generic.attackSpeed\",Amount:-2.4,Operation:0,UUIDMost:50241,UUIDLeast:54872,Slot:\"mainhand\"},{AttributeName:\"generic.armor\",Name:\"generic.armor\",Amount:2,Operation:0,UUIDMost:51567,UUIDLeast:648338,Slot:\"mainhand\"}]}"
					}
				  ]
				},
				{
				  "type": "item",
				  "name": "minecraft:stone_sword",
				  "weight": 6,
				  "functions": [
					{
					  "function": "set_nbt",
					  "tag": "{display:{Name:\"{\\\"translate\\\":\\\"item.minecraft.stone_sword\\\",\\\"color\\\":\\\"green\\\"}\"},AttributeModifiers:[{AttributeName:\"generic.attackDamage\",Name:\"generic.attackDamage\",Amount:5,Operation:0,UUIDMost:83313,UUIDLeast:741436,Slot:\"mainhand\"},{AttributeName:\"generic.attackSpeed\",Name:\"generic.attackSpeed\",Amount:-2.4,Operation:0,UUIDMost:50242,UUIDLeast:54872,Slot:\"mainhand\"},{AttributeName:\"generic.knockbackResistance\",Name:\"generic.knockbackResistance\",Amount:0.25,Operation:0,UUIDMost:51568,UUIDLeast:648338,Slot:\"mainhand\"}]}"
					}
				  ]
				},
				{
				  "type": "item",
				  "name": "minecraft:stone_sword",
				  "weight": 6,
				  "functions": [
					{
					  "function": "set_nbt",
					  "tag": "{display:{Name:\"{\\\"translate\\\":\\\"item.minecraft.stone_sword\\\",\\\"color\\\":\\\"green\\\"}\"},AttributeModifiers:[{AttributeName:\"generic.attackDamage\",Name:\"generic.attackDamage\",Amount:5,Operation:0,UUIDMost:83314,UUIDLeast:741436,Slot:\"mainhand\"},{AttributeName:\"generic.attackSpeed\",Name:\"generic.attackSpeed\",Amount:-2.4,Operation:0,UUIDMost:50243,UUIDLeast:54872,Slot:\"mainhand\"},{AttributeName:\"generic.movementSpeed\",Name:\"generic.movementSpeed\",Amount:0.1,Operation:1,UUIDMost:51569,UUIDLeast:648338,Slot:\"mainhand\"}]}"
					}
				  ]
				},
				{
				  "type": "item",
				  "name": "minecraft:stone_sword",
				  "weight": 6,
				  "functions": [
					{
					  "function": "set_nbt",
					  "tag": "{display:{Name:\"{\\\"translate\\\":\\\"item.minecraft.stone_sword\\\",\\\"color\\\":\\\"green\\\"}\"},AttributeModifiers:[{AttributeName:\"generic.attackDamage\",Name:\"generic.attackDamage\",Amount:5,Operation:0,UUIDMost:83315,UUIDLeast:741436,Slot:\"mainhand\"},{AttributeName:\"generic.attackSpeed\",Name:\"generic.attackSpeed\",Amount:-0.8,Operation:0,UUIDMost:50244,UUIDLeast:54872,Slot:\"mainhand\"}]}"
					}
				  ]
				},
				{
				  "type": "item",
				  "name": "minecraft:stone_sword",
				  "weight": 6,
				  "functions": [
					{
					  "function": "set_nbt",
					  "tag": "{display:{Name:\"{\\\"translate\\\":\\\"item.minecraft.stone_sword\\\",\\\"color\\\":\\\"green\\\"}\"},AttributeModifiers:[{AttributeName:\"generic.attackDamage\",Name:\"generic.attackDamage\",Amount:6,Operation:0,UUIDMost:83316,UUIDLeast:741436,Slot:\"mainhand\"},{AttributeName:\"generic.attackSpeed\",Name:\"generic.attackSpeed\",Amount:-2.4,Operation:0,UUIDMost:50245,UUIDLeast:54872,Slot:\"mainhand\"}]}"
					}
				  ]
				},
				{
				  "type": "item",
				  "name": "minecraft:stone_sword",
				  "weight": 1,
				  "functions": [
					{
					  "function": "set_nbt",
					  "tag": "{display:{Name:\"{\\\"translate\\\":\\\"item.minecraft.stone_sword\\\",\\\"color\\\":\\\"blue\\\",\\\"italic\\\":\\\"false\\\"}\"},AttributeModifiers:[{AttributeName:\"generic.attackDamage\",Name:\"generic.attackDamage\",Amount:5,Operation:0,UUIDMost:198936,UUIDLeast:681682,Slot:\"mainhand\"},{AttributeName:\"generic.attackSpeed\",Name:\"generic.attackSpeed\",Amount:-2.4,Operation:0,UUIDMost:182267,UUIDLeast:120607,Slot:\"mainhand\"},{AttributeName:\"generic.armor\",Name:\"generic.armor\",Amount:2,Operation:0,UUIDMost:145673,UUIDLeast:754218,Slot:\"mainhand\"},{AttributeName:\"generic.knockbackResistance\",Name:\"generic.knockbackResistance\",Amount:0.25,Operation:0,UUIDMost:135458,UUIDLeast:566741,Slot:\"mainhand\"}]}"
					}
				  ]
				},
				{
				  "type": "item",
				  "name": "minecraft:stone_sword",
				  "weight": 1,
				  "functions": [
					{
					  "function": "set_nbt",
					  "tag": "{display:{Name:\"{\\\"translate\\\":\\\"item.minecraft.stone_sword\\\",\\\"color\\\":\\\"blue\\\",\\\"italic\\\":\\\"false\\\"}\"},AttributeModifiers:[{AttributeName:\"generic.attackDamage\",Name:\"generic.attackDamage\",Amount:5,Operation:0,UUIDMost:198937,UUIDLeast:681682,Slot:\"mainhand\"},{AttributeName:\"generic.attackSpeed\",Name:\"generic.attackSpeed\",Amount:-2.4,Operation:0,UUIDMost:182268,UUIDLeast:120607,Slot:\"mainhand\"},{AttributeName:\"generic.armor\",Name:\"generic.armor\",Amount:2,Operation:0,UUIDMost:145674,UUIDLeast:754218,Slot:\"mainhand\"},{AttributeName:\"generic.movementSpeed\",Name:\"generic.movementSpeed\",Amount:0.1,Operation:1,UUIDMost:135459,UUIDLeast:566741,Slot:\"mainhand\"}]}"
					}
				  ]
				},
				{
				  "type": "item",
				  "name": "minecraft:stone_sword",
				  "weight": 1,
				  "functions": [
					{
					  "function": "set_nbt",
					  "tag": "{display:{Name:\"{\\\"translate\\\":\\\"item.minecraft.stone_sword\\\",\\\"color\\\":\\\"blue\\\",\\\"italic\\\":\\\"false\\\"}\"},AttributeModifiers:[{AttributeName:\"generic.attackDamage\",Name:\"generic.attackDamage\",Amount:5,Operation:0,UUIDMost:198938,UUIDLeast:681682,Slot:\"mainhand\"},{AttributeName:\"generic.attackSpeed\",Name:\"generic.attackSpeed\",Amount:-0.8,Operation:0,UUIDMost:182269,UUIDLeast:120607,Slot:\"mainhand\"},{AttributeName:\"generic.armor\",Name:\"generic.armor\",Amount:2,Operation:0,UUIDMost:145675,UUIDLeast:754218,Slot:\"mainhand\"}]}"
					}
				  ]
				},
				{
				  "type": "item",
				  "name": "minecraft:stone_sword",
				  "weight": 1,
				  "functions": [
					{
					  "function": "set_nbt",
					  "tag": "{display:{Name:\"{\\\"translate\\\":\\\"item.minecraft.stone_sword\\\",\\\"color\\\":\\\"blue\\\",\\\"italic\\\":\\\"false\\\"}\"},AttributeModifiers:[{AttributeName:\"generic.attackDamage\",Name:\"generic.attackDamage\",Amount:6,Operation:0,UUIDMost:198939,UUIDLeast:681682,Slot:\"mainhand\"},{AttributeName:\"generic.attackSpeed\",Name:\"generic.attackSpeed\",Amount:-2.4,Operation:0,UUIDMost:182270,UUIDLeast:120607,Slot:\"mainhand\"},{AttributeName:\"generic.armor\",Name:\"generic.armor\",Amount:2,Operation:0,UUIDMost:145676,UUIDLeast:754218,Slot:\"mainhand\"}]}"
					}
				  ]
				},
				{
				  "type": "item",
				  "name": "minecraft:stone_sword",
				  "weight": 1,
				  "functions": [
					{
					  "function": "set_nbt",
					  "tag": "{display:{Name:\"{\\\"translate\\\":\\\"item.minecraft.stone_sword\\\",\\\"color\\\":\\\"blue\\\",\\\"italic\\\":\\\"false\\\"}\"},AttributeModifiers:[{AttributeName:\"generic.attackDamage\",Name:\"generic.attackDamage\",Amount:5,Operation:0,UUIDMost:198940,UUIDLeast:681682,Slot:\"mainhand\"},{AttributeName:\"generic.attackSpeed\",Name:\"generic.attackSpeed\",Amount:-2.4,Operation:0,UUIDMost:182271,UUIDLeast:120607,Slot:\"mainhand\"},{AttributeName:\"generic.movementSpeed\",Name:\"generic.movementSpeed\",Amount:0.1,Operation:1,UUIDMost:145677,UUIDLeast:754218,Slot:\"mainhand\"},{AttributeName:\"generic.knockbackResistance\",Name:\"generic.knockbackResistance\",Amount:0.25,Operation:0,UUIDMost:135450,UUIDLeast:566741,Slot:\"mainhand\"}]}"
					}
				  ]
				},
				{
				  "type": "item",
				  "name": "minecraft:stone_sword",
				  "weight": 1,
				  "functions": [
					{
					  "function": "set_nbt",
					  "tag": "{display:{Name:\"{\\\"translate\\\":\\\"item.minecraft.stone_sword\\\",\\\"color\\\":\\\"blue\\\",\\\"italic\\\":\\\"false\\\"}\"},AttributeModifiers:[{AttributeName:\"generic.attackDamage\",Name:\"generic.attackDamage\",Amount:5,Operation:0,UUIDMost:198941,UUIDLeast:681682,Slot:\"mainhand\"},{AttributeName:\"generic.attackSpeed\",Name:\"generic.attackSpeed\",Amount:-0.8,Operation:0,UUIDMost:182272,UUIDLeast:120607,Slot:\"mainhand\"},{AttributeName:\"generic.knockbackResistance\",Name:\"generic.knockbackResistance\",Amount:0.25,Operation:0,UUIDMost:145678,UUIDLeast:754218,Slot:\"mainhand\"}]}"
					}
				  ]
				},
				{
				  "type": "item",
				  "name": "minecraft:stone_sword",
				  "weight": 1,
				  "functions": [
					{
					  "function": "set_nbt",
					  "tag": "{display:{Name:\"{\\\"translate\\\":\\\"item.minecraft.stone_sword\\\",\\\"color\\\":\\\"blue\\\",\\\"italic\\\":\\\"false\\\"}\"},AttributeModifiers:[{AttributeName:\"generic.attackDamage\",Name:\"generic.attackDamage\",Amount:6,Operation:0,UUIDMost:198942,UUIDLeast:681682,Slot:\"mainhand\"},{AttributeName:\"generic.attackSpeed\",Name:\"generic.attackSpeed\",Amount:-2.4,Operation:0,UUIDMost:182273,UUIDLeast:120607,Slot:\"mainhand\"},{AttributeName:\"generic.knockbackResistance\",Name:\"generic.knockbackResistance\",Amount:0.25,Operation:0,UUIDMost:145679,UUIDLeast:754218,Slot:\"mainhand\"}]}"
					}
				  ]
				},
				{
				  "type": "item",
				  "name": "minecraft:stone_sword",
				  "weight": 1,
				  "functions": [
					{
					  "function": "set_nbt",
					  "tag": "{display:{Name:\"{\\\"translate\\\":\\\"item.minecraft.stone_sword\\\",\\\"color\\\":\\\"blue\\\",\\\"italic\\\":\\\"false\\\"}\"},AttributeModifiers:[{AttributeName:\"generic.attackDamage\",Name:\"generic.attackDamage\",Amount:5,Operation:0,UUIDMost:198943,UUIDLeast:681682,Slot:\"mainhand\"},{AttributeName:\"generic.attackSpeed\",Name:\"generic.attackSpeed\",Amount:-0.8,Operation:0,UUIDMost:182274,UUIDLeast:120607,Slot:\"mainhand\"},{AttributeName:\"generic.movementSpeed\",Name:\"generic.movementSpeed\",Amount:0.1,Operation:1,UUIDMost:145680,UUIDLeast:754218,Slot:\"mainhand\"}]}"
					}
				  ]
				},
				{
				  "type": "item",
				  "name": "minecraft:stone_sword",
				  "weight": 1,
				  "functions": [
					{
					  "function": "set_nbt",
					  "tag": "{display:{Name:\"{\\\"translate\\\":\\\"item.minecraft.stone_sword\\\",\\\"color\\\":\\\"blue\\\",\\\"italic\\\":\\\"false\\\"}\"},AttributeModifiers:[{AttributeName:\"generic.attackDamage\",Name:\"generic.attackDamage\",Amount:6,Operation:0,UUIDMost:198944,UUIDLeast:681682,Slot:\"mainhand\"},{AttributeName:\"generic.attackSpeed\",Name:\"generic.attackSpeed\",Amount:-2.4,Operation:0,UUIDMost:182275,UUIDLeast:120607,Slot:\"mainhand\"},{AttributeName:\"generic.movementSpeed\",Name:\"generic.movementSpeed\",Amount:0.1,Operation:1,UUIDMost:145681,UUIDLeast:754218,Slot:\"mainhand\"}]}"
					}
				  ]
				},
				{
				  "type": "item",
				  "name": "minecraft:stone_sword",
				  "weight": 1,
				  "functions": [
					{
					  "function": "set_nbt",
					  "tag": "{display:{Name:\"{\\\"translate\\\":\\\"item.minecraft.stone_sword\\\",\\\"color\\\":\\\"blue\\\",\\\"italic\\\":\\\"false\\\"}\"},AttributeModifiers:[{AttributeName:\"generic.attackDamage\",Name:\"generic.attackDamage\",Amount:6,Operation:0,UUIDMost:198945,UUIDLeast:681682,Slot:\"mainhand\"},{AttributeName:\"generic.attackSpeed\",Name:\"generic.attackSpeed\",Amount:-0.8,Operation:0,UUIDMost:182276,UUIDLeast:120607,Slot:\"mainhand\"}]}"
					}
				  ]
				},
				{
				  "type": "item",
				  "name": "minecraft:stone_sword",
				  "weight": 1,
				  "functions": [
					{
					  "function": "set_nbt",
					  "tag": "{display:{Name:\"{\\\"translate\\\":\\\"item.minecraft.stone_sword\\\",\\\"color\\\":\\\"blue\\\",\\\"italic\\\":\\\"false\\\"}\"},AttributeModifiers:[{AttributeName:\"generic.attackDamage\",Name:\"generic.attackDamage\",Amount:5,Operation:0,UUIDMost:198946,UUIDLeast:681682,Slot:\"mainhand\"},{AttributeName:\"generic.attackSpeed\",Name:\"generic.attackSpeed\",Amount:-2.4,Operation:0,UUIDMost:182277,UUIDLeast:120607,Slot:\"mainhand\"},{AttributeName:\"generic.armor\",Name:\"generic.armor\",Amount:4,Operation:0,UUIDMost:145682,UUIDLeast:754218,Slot:\"mainhand\"}]}"
					}
				  ]
				},
				{
				  "type": "item",
				  "name": "minecraft:stone_sword",
				  "weight": 1,
				  "functions": [
					{
					  "function": "set_nbt",
					  "tag": "{display:{Name:\"{\\\"translate\\\":\\\"item.minecraft.stone_sword\\\",\\\"color\\\":\\\"blue\\\",\\\"italic\\\":\\\"false\\\"}\"},AttributeModifiers:[{AttributeName:\"generic.attackDamage\",Name:\"generic.attackDamage\",Amount:5,Operation:0,UUIDMost:198947,UUIDLeast:681682,Slot:\"mainhand\"},{AttributeName:\"generic.attackSpeed\",Name:\"generic.attackSpeed\",Amount:-2.4,Operation:0,UUIDMost:182278,UUIDLeast:120607,Slot:\"mainhand\"},{AttributeName:\"generic.knockbackResistance\",Name:\"generic.knockbackResistance\",Amount:0.5,Operation:0,UUIDMost:145683,UUIDLeast:754218,Slot:\"mainhand\"}]}"
					}
				  ]
				},
				{
				  "type": "item",
				  "name": "minecraft:stone_sword",
				  "weight": 1,
				  "functions": [
					{
					  "function": "set_nbt",
					  "tag": "{display:{Name:\"{\\\"translate\\\":\\\"item.minecraft.stone_sword\\\",\\\"color\\\":\\\"blue\\\",\\\"italic\\\":\\\"false\\\"}\"},AttributeModifiers:[{AttributeName:\"generic.attackDamage\",Name:\"generic.attackDamage\",Amount:5,Operation:0,UUIDMost:198948,UUIDLeast:681682,Slot:\"mainhand\"},{AttributeName:\"generic.attackSpeed\",Name:\"generic.attackSpeed\",Amount:-2.4,Operation:0,UUIDMost:182279,UUIDLeast:120607,Slot:\"mainhand\"},{AttributeName:\"generic.movementSpeed\",Name:\"generic.movementSpeed\",Amount:0.2,Operation:1,UUIDMost:145684,UUIDLeast:754218,Slot:\"mainhand\"}]}"
					}
				  ]
				},
				{
				  "type": "item",
				  "name": "minecraft:stone_sword",
				  "weight": 1,
				  "functions": [
					{
					  "function": "set_nbt",
					  "tag": "{display:{Name:\"{\\\"translate\\\":\\\"item.minecraft.stone_sword\\\",\\\"color\\\":\\\"blue\\\",\\\"italic\\\":\\\"false\\\"}\"},AttributeModifiers:[{AttributeName:\"generic.attackDamage\",Name:\"generic.attackDamage\",Amount:5,Operation:0,UUIDMost:198949,UUIDLeast:681682,Slot:\"mainhand\"},{AttributeName:\"generic.attackSpeed\",Name:\"generic.attackSpeed\",Amount:2.4,Operation:0,UUIDMost:182280,UUIDLeast:120607,Slot:\"mainhand\"}]}"
					}
				  ]
				},
				{
				  "type": "item",
				  "name": "minecraft:stone_sword",
				  "weight": 1,
				  "functions": [
					{
					  "function": "set_nbt",
					  "tag": "{display:{Name:\"{\\\"translate\\\":\\\"item.minecraft.stone_sword\\\",\\\"color\\\":\\\"blue\\\",\\\"italic\\\":\\\"false\\\"}\"},AttributeModifiers:[{AttributeName:\"generic.attackDamage\",Name:\"generic.attackDamage\",Amount:7,Operation:0,UUIDMost:198950,UUIDLeast:681682,Slot:\"mainhand\"},{AttributeName:\"generic.attackSpeed\",Name:\"generic.attackSpeed\",Amount:-2.4,Operation:0,UUIDMost:182281,UUIDLeast:120607,Slot:\"mainhand\"}]}"
					}
				  ]
				},
				{
				  "type": "item",
				  "name": "minecraft:stone_axe",
				  "weight": 1,
				  "functions": [
					{
					  "function": "set_nbt",
					  "tag": "{display:{Name:\"{\\\"translate\\\":\\\"item.minecraft.stone_axe\\\",\\\"color\\\":\\\"blue\\\",\\\"italic\\\":\\\"false\\\"}\"},AttributeModifiers:[{AttributeName:\"generic.attackDamage\",Name:\"generic.attackDamage\",Amount:9,Operation:0,UUIDMost:198936,UUIDLeast:681683,Slot:\"mainhand\"},{AttributeName:\"generic.attackSpeed\",Name:\"generic.attackSpeed\",Amount:-3.2,Operation:0,UUIDMost:182267,UUIDLeast:120608,Slot:\"mainhand\"},{AttributeName:\"generic.armor\",Name:\"generic.armor\",Amount:2,Operation:0,UUIDMost:145673,UUIDLeast:754219,Slot:\"mainhand\"},{AttributeName:\"generic.knockbackResistance\",Name:\"generic.knockbackResistance\",Amount:0.25,Operation:0,UUIDMost:135458,UUIDLeast:566742,Slot:\"mainhand\"}]}"
					}
				  ]
				},
				{
				  "type": "item",
				  "name": "minecraft:stone_axe",
				  "weight": 1,
				  "functions": [
					{
					  "function": "set_nbt",
					  "tag": "{display:{Name:\"{\\\"translate\\\":\\\"item.minecraft.stone_axe\\\",\\\"color\\\":\\\"blue\\\",\\\"italic\\\":\\\"false\\\"}\"},AttributeModifiers:[{AttributeName:\"generic.attackDamage\",Name:\"generic.attackDamage\",Amount:9,Operation:0,UUIDMost:198937,UUIDLeast:681683,Slot:\"mainhand\"},{AttributeName:\"generic.attackSpeed\",Name:\"generic.attackSpeed\",Amount:-3.2,Operation:0,UUIDMost:182268,UUIDLeast:120608,Slot:\"mainhand\"},{AttributeName:\"generic.armor\",Name:\"generic.armor\",Amount:2,Operation:0,UUIDMost:145674,UUIDLeast:754219,Slot:\"mainhand\"},{AttributeName:\"generic.movementSpeed\",Name:\"generic.movementSpeed\",Amount:0.1,Operation:1,UUIDMost:135459,UUIDLeast:566742,Slot:\"mainhand\"}]}"
					}
				  ]
				},
				{
				  "type": "item",
				  "name": "minecraft:stone_axe",
				  "weight": 1,
				  "functions": [
					{
					  "function": "set_nbt",
					  "tag": "{display:{Name:\"{\\\"translate\\\":\\\"item.minecraft.stone_axe\\\",\\\"color\\\":\\\"blue\\\",\\\"italic\\\":\\\"false\\\"}\"},AttributeModifiers:[{AttributeName:\"generic.attackDamage\",Name:\"generic.attackDamage\",Amount:9,Operation:0,UUIDMost:198938,UUIDLeast:681683,Slot:\"mainhand\"},{AttributeName:\"generic.attackSpeed\",Name:\"generic.attackSpeed\",Amount:-2.4,Operation:0,UUIDMost:182269,UUIDLeast:120608,Slot:\"mainhand\"},{AttributeName:\"generic.armor\",Name:\"generic.armor\",Amount:2,Operation:0,UUIDMost:145675,UUIDLeast:754219,Slot:\"mainhand\"}]}"
					}
				  ]
				},
				{
				  "type": "item",
				  "name": "minecraft:stone_axe",
				  "weight": 1,
				  "functions": [
					{
					  "function": "set_nbt",
					  "tag": "{display:{Name:\"{\\\"translate\\\":\\\"item.minecraft.stone_axe\\\",\\\"color\\\":\\\"blue\\\",\\\"italic\\\":\\\"false\\\"}\"},AttributeModifiers:[{AttributeName:\"generic.attackDamage\",Name:\"generic.attackDamage\",Amount:10,Operation:0,UUIDMost:198939,UUIDLeast:681683,Slot:\"mainhand\"},{AttributeName:\"generic.attackSpeed\",Name:\"generic.attackSpeed\",Amount:-3.2,Operation:0,UUIDMost:182270,UUIDLeast:120608,Slot:\"mainhand\"},{AttributeName:\"generic.armor\",Name:\"generic.armor\",Amount:2,Operation:0,UUIDMost:145676,UUIDLeast:754219,Slot:\"mainhand\"}]}"
					}
				  ]
				},
				{
				  "type": "item",
				  "name": "minecraft:stone_axe",
				  "weight": 1,
				  "functions": [
					{
					  "function": "set_nbt",
					  "tag": "{display:{Name:\"{\\\"translate\\\":\\\"item.minecraft.stone_axe\\\",\\\"color\\\":\\\"blue\\\",\\\"italic\\\":\\\"false\\\"}\"},AttributeModifiers:[{AttributeName:\"generic.attackDamage\",Name:\"generic.attackDamage\",Amount:9,Operation:0,UUIDMost:198940,UUIDLeast:681683,Slot:\"mainhand\"},{AttributeName:\"generic.attackSpeed\",Name:\"generic.attackSpeed\",Amount:-3.2,Operation:0,UUIDMost:182271,UUIDLeast:120608,Slot:\"mainhand\"},{AttributeName:\"generic.movementSpeed\",Name:\"generic.movementSpeed\",Amount:0.1,Operation:1,UUIDMost:145677,UUIDLeast:754219,Slot:\"mainhand\"},{AttributeName:\"generic.knockbackResistance\",Name:\"generic.knockbackResistance\",Amount:0.25,Operation:0,UUIDMost:135450,UUIDLeast:566742,Slot:\"mainhand\"}]}"
					}
				  ]
				},
				{
				  "type": "item",
				  "name": "minecraft:stone_axe",
				  "weight": 1,
				  "functions": [
					{
					  "function": "set_nbt",
					  "tag": "{display:{Name:\"{\\\"translate\\\":\\\"item.minecraft.stone_axe\\\",\\\"color\\\":\\\"blue\\\",\\\"italic\\\":\\\"false\\\"}\"},AttributeModifiers:[{AttributeName:\"generic.attackDamage\",Name:\"generic.attackDamage\",Amount:9,Operation:0,UUIDMost:198941,UUIDLeast:681683,Slot:\"mainhand\"},{AttributeName:\"generic.attackSpeed\",Name:\"generic.attackSpeed\",Amount:-2.4,Operation:0,UUIDMost:182272,UUIDLeast:120608,Slot:\"mainhand\"},{AttributeName:\"generic.knockbackResistance\",Name:\"generic.knockbackResistance\",Amount:0.25,Operation:0,UUIDMost:145678,UUIDLeast:754219,Slot:\"mainhand\"}]}"
					}
				  ]
				},
				{
				  "type": "item",
				  "name": "minecraft:stone_axe",
				  "weight": 1,
				  "functions": [
					{
					  "function": "set_nbt",
					  "tag": "{display:{Name:\"{\\\"translate\\\":\\\"item.minecraft.stone_axe\\\",\\\"color\\\":\\\"blue\\\",\\\"italic\\\":\\\"false\\\"}\"},AttributeModifiers:[{AttributeName:\"generic.attackDamage\",Name:\"generic.attackDamage\",Amount:10,Operation:0,UUIDMost:198942,UUIDLeast:681683,Slot:\"mainhand\"},{AttributeName:\"generic.attackSpeed\",Name:\"generic.attackSpeed\",Amount:-3.2,Operation:0,UUIDMost:182273,UUIDLeast:120608,Slot:\"mainhand\"},{AttributeName:\"generic.knockbackResistance\",Name:\"generic.knockbackResistance\",Amount:0.25,Operation:0,UUIDMost:145679,UUIDLeast:754219,Slot:\"mainhand\"}]}"
					}
				  ]
				},
				{
				  "type": "item",
				  "name": "minecraft:stone_axe",
				  "weight": 1,
				  "functions": [
					{
					  "function": "set_nbt",
					  "tag": "{display:{Name:\"{\\\"translate\\\":\\\"item.minecraft.stone_axe\\\",\\\"color\\\":\\\"blue\\\",\\\"italic\\\":\\\"false\\\"}\"},AttributeModifiers:[{AttributeName:\"generic.attackDamage\",Name:\"generic.attackDamage\",Amount:9,Operation:0,UUIDMost:198943,UUIDLeast:681683,Slot:\"mainhand\"},{AttributeName:\"generic.attackSpeed\",Name:\"generic.attackSpeed\",Amount:-2.4,Operation:0,UUIDMost:182274,UUIDLeast:120608,Slot:\"mainhand\"},{AttributeName:\"generic.movementSpeed\",Name:\"generic.movementSpeed\",Amount:0.1,Operation:1,UUIDMost:145680,UUIDLeast:754219,Slot:\"mainhand\"}]}"
					}
				  ]
				},
				{
				  "type": "item",
				  "name": "minecraft:stone_axe",
				  "weight": 1,
				  "functions": [
					{
					  "function": "set_nbt",
					  "tag": "{display:{Name:\"{\\\"translate\\\":\\\"item.minecraft.stone_axe\\\",\\\"color\\\":\\\"blue\\\",\\\"italic\\\":\\\"false\\\"}\"},AttributeModifiers:[{AttributeName:\"generic.attackDamage\",Name:\"generic.attackDamage\",Amount:10,Operation:0,UUIDMost:198944,UUIDLeast:681683,Slot:\"mainhand\"},{AttributeName:\"generic.attackSpeed\",Name:\"generic.attackSpeed\",Amount:-3.2,Operation:0,UUIDMost:182275,UUIDLeast:120608,Slot:\"mainhand\"},{AttributeName:\"generic.movementSpeed\",Name:\"generic.movementSpeed\",Amount:0.1,Operation:1,UUIDMost:145681,UUIDLeast:754219,Slot:\"mainhand\"}]}"
					}
				  ]
				},
				{
				  "type": "item",
				  "name": "minecraft:stone_axe",
				  "weight": 1,
				  "functions": [
					{
					  "function": "set_nbt",
					  "tag": "{display:{Name:\"{\\\"translate\\\":\\\"item.minecraft.stone_axe\\\",\\\"color\\\":\\\"blue\\\",\\\"italic\\\":\\\"false\\\"}\"},AttributeModifiers:[{AttributeName:\"generic.attackDamage\",Name:\"generic.attackDamage\",Amount:10,Operation:0,UUIDMost:198945,UUIDLeast:681683,Slot:\"mainhand\"},{AttributeName:\"generic.attackSpeed\",Name:\"generic.attackSpeed\",Amount:-2.4,Operation:0,UUIDMost:182276,UUIDLeast:120608,Slot:\"mainhand\"}]}"
					}
				  ]
				},
				{
				  "type": "item",
				  "name": "minecraft:stone_axe",
				  "weight": 1,
				  "functions": [
					{
					  "function": "set_nbt",
					  "tag": "{display:{Name:\"{\\\"translate\\\":\\\"item.minecraft.stone_axe\\\",\\\"color\\\":\\\"blue\\\",\\\"italic\\\":\\\"false\\\"}\"},AttributeModifiers:[{AttributeName:\"generic.attackDamage\",Name:\"generic.attackDamage\",Amount:9,Operation:0,UUIDMost:198946,UUIDLeast:681683,Slot:\"mainhand\"},{AttributeName:\"generic.attackSpeed\",Name:\"generic.attackSpeed\",Amount:-3.2,Operation:0,UUIDMost:182277,UUIDLeast:120608,Slot:\"mainhand\"},{AttributeName:\"generic.armor\",Name:\"generic.armor\",Amount:4,Operation:0,UUIDMost:145682,UUIDLeast:754219,Slot:\"mainhand\"}]}"
					}
				  ]
				},
				{
				  "type": "item",
				  "name": "minecraft:stone_axe",
				  "weight": 1,
				  "functions": [
					{
					  "function": "set_nbt",
					  "tag": "{display:{Name:\"{\\\"translate\\\":\\\"item.minecraft.stone_axe\\\",\\\"color\\\":\\\"blue\\\",\\\"italic\\\":\\\"false\\\"}\"},AttributeModifiers:[{AttributeName:\"generic.attackDamage\",Name:\"generic.attackDamage\",Amount:9,Operation:0,UUIDMost:198947,UUIDLeast:681683,Slot:\"mainhand\"},{AttributeName:\"generic.attackSpeed\",Name:\"generic.attackSpeed\",Amount:-3.2,Operation:0,UUIDMost:182278,UUIDLeast:120608,Slot:\"mainhand\"},{AttributeName:\"generic.knockbackResistance\",Name:\"generic.knockbackResistance\",Amount:0.5,Operation:0,UUIDMost:145683,UUIDLeast:754219,Slot:\"mainhand\"}]}"
					}
				  ]
				},
				{
				  "type": "item",
				  "name": "minecraft:stone_axe",
				  "weight": 1,
				  "functions": [
					{
					  "function": "set_nbt",
					  "tag": "{display:{Name:\"{\\\"translate\\\":\\\"item.minecraft.stone_axe\\\",\\\"color\\\":\\\"blue\\\",\\\"italic\\\":\\\"false\\\"}\"},AttributeModifiers:[{AttributeName:\"generic.attackDamage\",Name:\"generic.attackDamage\",Amount:9,Operation:0,UUIDMost:198948,UUIDLeast:681683,Slot:\"mainhand\"},{AttributeName:\"generic.attackSpeed\",Name:\"generic.attackSpeed\",Amount:-3.2,Operation:0,UUIDMost:182279,UUIDLeast:120608,Slot:\"mainhand\"},{AttributeName:\"generic.movementSpeed\",Name:\"generic.movementSpeed\",Amount:0.2,Operation:1,UUIDMost:145684,UUIDLeast:754219,Slot:\"mainhand\"}]}"
					}
				  ]
				},
				{
				  "type": "item",
				  "name": "minecraft:stone_axe",
				  "weight": 1,
				  "functions": [
					{
					  "function": "set_nbt",
					  "tag": "{display:{Name:\"{\\\"translate\\\":\\\"item.minecraft.stone_axe\\\",\\\"color\\\":\\\"blue\\\",\\\"italic\\\":\\\"false\\\"}\"},AttributeModifiers:[{AttributeName:\"generic.attackDamage\",Name:\"generic.attackDamage\",Amount:9,Operation:0,UUIDMost:198949,UUIDLeast:681683,Slot:\"mainhand\"},{AttributeName:\"generic.attackSpeed\",Name:\"generic.attackSpeed\",Amount:-0.8,Operation:0,UUIDMost:182280,UUIDLeast:120608,Slot:\"mainhand\"}]}"
					}
				  ]
				},
				{
				  "type": "item",
				  "name": "minecraft:stone_axe",
				  "weight": 1,
				  "functions": [
					{
					  "function": "set_nbt",
					  "tag": "{display:{Name:\"{\\\"translate\\\":\\\"item.minecraft.stone_axe\\\",\\\"color\\\":\\\"blue\\\",\\\"italic\\\":\\\"false\\\"}\"},AttributeModifiers:[{AttributeName:\"generic.attackDamage\",Name:\"generic.attackDamage\",Amount:11,Operation:0,UUIDMost:198950,UUIDLeast:681683,Slot:\"mainhand\"},{AttributeName:\"generic.attackSpeed\",Name:\"generic.attackSpeed\",Amount:-3.2,Operation:0,UUIDMost:182281,UUIDLeast:120608,Slot:\"mainhand\"}]}"
					}
				  ]
				},
				{
				  "type": "item",
				  "name": "minecraft:shield",
				  "weight": 6,
				  "functions": [
					{
					  "function": "set_nbt",
					  "tag": "{display:{Name:\"{\\\"text\\\":\\\"Aspis\\\",\\\"color\\\":\\\"blue\\\",\\\"italic\\\":\\\"false\\\"}\"},Enchantments:[{id:\"minecraft:thorns\",lvl:12}]}"
					}
				  ]
				},
				{
				  "type": "item",
				  "name": "minecraft:shield",
				  "weight": 4,
				  "functions": [
					{
					  "function": "set_nbt",
					  "tag": "{display:{Name:\"{\\\"text\\\":\\\"Targe\\\",\\\"color\\\":\\\"dark_purple\\\",\\\"italic\\\":\\\"false\\\"}\"},Enchantments:[{id:\"minecraft:thorns\",lvl:14}]}"
					}
				  ]
				},
				{
				  "type": "item",
				  "name": "minecraft:shield",
				  "weight": 1,
				  "functions": [
					{
					  "function": "set_nbt",
					  "tag": "{display:{Name:\"{\\\"text\\\":\\\"Pavois\\\",\\\"color\\\":\\\"gold\\\",\\\"italic\\\":\\\"false\\\",\\\"bold\\\":\\\"true\\\"}\"},Enchantments:[{id:\"minecraft:thorns\",lvl:16}]}"
					}
				  ]
				},
				{
				  "type": "item",
				  "name": "minecraft:stone_sword",
				  "weight": 4,
				  "functions": [
					{
					  "function": "set_nbt",
					  "tag": "{display:{Name:\"{\\\"text\\\":\\\"Claymore\\\",\\\"color\\\":\\\"dark_purple\\\",\\\"italic\\\":\\\"false\\\"}\",Lore:[\"Frénésie\"]},RepairCost:20}"
					}
				  ]
				}
            ]
        }
    ]
}