{
  "pools": [
    {
      "rolls": 1,
      "bonus_rolls": {
        "min": 0,
        "max": 1
      },
      "entries": [
	    {
          "type": "item",
          "name": "minecraft:wooden_axe",
          "weight": 1,
          "functions": [
            {
              "function": "set_nbt",
              "tag": "{display:{Name:\"{\\\"translate\\\":\\\"item.minecraft.wooden_axe\\\",\\\"color\\\":\\\"gray\\\"}\"},AttributeModifiers:[{AttributeName:\"generic.attackSpeed\",Name:\"generic.attackSpeed\",Amount:-3.8,Operation:0,UUIDMost:23280,UUIDLeast:537115,Slot:\"mainhand\"},{AttributeName:\"generic.attackDamage\",Name:\"generic.attackDamage\",Amount:7,Operation:0,UUIDMost:60879,UUIDLeast:844765,Slot:\"mainhand\"}]}"
            }
          ]
        },
		{
          "type": "item",
          "name": "minecraft:wooden_axe",
          "weight": 1,
          "functions": [
            {
              "function": "set_nbt",
              "tag": "{display:{Name:\"{\\\"translate\\\":\\\"item.minecraft.wooden_axe\\\",\\\"color\\\":\\\"gray\\\"}\"},AttributeModifiers:[{AttributeName:\"generic.attackSpeed\",Name:\"generic.attackSpeed\",Amount:-3.6,Operation:0,UUIDMost:23281,UUIDLeast:537115,Slot:\"mainhand\"},{AttributeName:\"generic.attackDamage\",Name:\"generic.attackDamage\",Amount:7,Operation:0,UUIDMost:60870,UUIDLeast:844765,Slot:\"mainhand\"}]}"
            }
          ]
        },
		{
          "type": "item",
          "name": "minecraft:wooden_axe",
          "weight": 1,
          "functions": [
            {
              "function": "set_nbt",
              "tag": "{display:{Name:\"{\\\"translate\\\":\\\"item.minecraft.wooden_axe\\\",\\\"color\\\":\\\"gray\\\"}\"},AttributeModifiers:[{AttributeName:\"generic.attackSpeed\",Name:\"generic.attackSpeed\",Amount:-3.4,Operation:0,UUIDMost:23282,UUIDLeast:537115,Slot:\"mainhand\"},{AttributeName:\"generic.attackDamage\",Name:\"generic.attackDamage\",Amount:7,Operation:0,UUIDMost:60871,UUIDLeast:844765,Slot:\"mainhand\"}]}"
            }
          ]
        },
		{
          "type": "item",
          "name": "minecraft:stone_axe",
          "weight": 1,
          "functions": [
            {
              "function": "set_nbt",
              "tag": "{display:{Name:\"{\\\"translate\\\":\\\"item.minecraft.stone_axe\\\",\\\"color\\\":\\\"gray\\\"}\"},AttributeModifiers:[{AttributeName:\"generic.attackSpeed\",Name:\"generic.attackSpeed\",Amount:-3.8,Operation:0,UUIDMost:23280,UUIDLeast:537116,Slot:\"mainhand\"},{AttributeName:\"generic.attackDamage\",Name:\"generic.attackDamage\",Amount:9,Operation:0,UUIDMost:60879,UUIDLeast:844766,Slot:\"mainhand\"}]}"
            }
          ]
        },
		{
          "type": "item",
          "name": "minecraft:stone_axe",
          "weight": 1,
          "functions": [
            {
              "function": "set_nbt",
              "tag": "{display:{Name:\"{\\\"translate\\\":\\\"item.minecraft.stone_axe\\\",\\\"color\\\":\\\"gray\\\"}\"},AttributeModifiers:[{AttributeName:\"generic.attackSpeed\",Name:\"generic.attackSpeed\",Amount:-3.6,Operation:0,UUIDMost:23281,UUIDLeast:537116,Slot:\"mainhand\"},{AttributeName:\"generic.attackDamage\",Name:\"generic.attackDamage\",Amount:9,Operation:0,UUIDMost:60870,UUIDLeast:844766,Slot:\"mainhand\"}]}"
            }
          ]
        },
		{
          "type": "item",
          "name": "minecraft:stone_axe",
          "weight": 1,
          "functions": [
            {
              "function": "set_nbt",
              "tag": "{display:{Name:\"{\\\"translate\\\":\\\"item.minecraft.stone_axe\\\",\\\"color\\\":\\\"gray\\\"}\"},AttributeModifiers:[{AttributeName:\"generic.attackSpeed\",Name:\"generic.attackSpeed\",Amount:-3.4,Operation:0,UUIDMost:23282,UUIDLeast:537116,Slot:\"mainhand\"},{AttributeName:\"generic.attackDamage\",Name:\"generic.attackDamage\",Amount:9,Operation:0,UUIDMost:60871,UUIDLeast:844766,Slot:\"mainhand\"}]}"
            }
          ]
        },
		{
          "type": "item",
          "name": "minecraft:iron_axe",
          "weight": 1,
          "functions": [
            {
              "function": "set_nbt",
              "tag": "{display:{Name:\"{\\\"translate\\\":\\\"item.minecraft.iron_axe\\\",\\\"color\\\":\\\"gray\\\"}\"},AttributeModifiers:[{AttributeName:\"generic.attackSpeed\",Name:\"generic.attackSpeed\",Amount:-3.8,Operation:0,UUIDMost:23280,UUIDLeast:537117,Slot:\"mainhand\"},{AttributeName:\"generic.attackDamage\",Name:\"generic.attackDamage\",Amount:9,Operation:0,UUIDMost:60879,UUIDLeast:844767,Slot:\"mainhand\"}]}"
            }
          ]
        },
		{
          "type": "item",
          "name": "minecraft:iron_axe",
          "weight": 1,
          "functions": [
            {
              "function": "set_nbt",
              "tag": "{display:{Name:\"{\\\"translate\\\":\\\"item.minecraft.iron_axe\\\",\\\"color\\\":\\\"gray\\\"}\"},AttributeModifiers:[{AttributeName:\"generic.attackSpeed\",Name:\"generic.attackSpeed\",Amount:-3.6,Operation:0,UUIDMost:23281,UUIDLeast:537117,Slot:\"mainhand\"},{AttributeName:\"generic.attackDamage\",Name:\"generic.attackDamage\",Amount:9,Operation:0,UUIDMost:60870,UUIDLeast:844767,Slot:\"mainhand\"}]}"
            }
          ]
        },
		{
          "type": "item",
          "name": "minecraft:iron_axe",
          "weight": 1,
          "functions": [
            {
              "function": "set_nbt",
              "tag": "{display:{Name:\"{\\\"translate\\\":\\\"item.minecraft.iron_axe\\\",\\\"color\\\":\\\"gray\\\"}\"},AttributeModifiers:[{AttributeName:\"generic.attackSpeed\",Name:\"generic.attackSpeed\",Amount:-3.4,Operation:0,UUIDMost:23282,UUIDLeast:537117,Slot:\"mainhand\"},{AttributeName:\"generic.attackDamage\",Name:\"generic.attackDamage\",Amount:9,Operation:0,UUIDMost:60871,UUIDLeast:844767,Slot:\"mainhand\"}]}"
            }
          ]
        },
		{
          "type": "item",
          "name": "minecraft:golden_axe",
          "weight": 1,
          "functions": [
            {
              "function": "set_nbt",
              "tag": "{display:{Name:\"{\\\"translate\\\":\\\"item.minecraft.golden_axe\\\",\\\"color\\\":\\\"gray\\\"}\"},AttributeModifiers:[{AttributeName:\"generic.attackSpeed\",Name:\"generic.attackSpeed\",Amount:-3.8,Operation:0,UUIDMost:23280,UUIDLeast:537119,Slot:\"mainhand\"},{AttributeName:\"generic.attackDamage\",Name:\"generic.attackDamage\",Amount:7,Operation:0,UUIDMost:60879,UUIDLeast:844769,Slot:\"mainhand\"}]}"
            }
          ]
        },
		{
          "type": "item",
          "name": "minecraft:golden_axe",
          "weight": 1,
          "functions": [
            {
              "function": "set_nbt",
              "tag": "{display:{Name:\"{\\\"translate\\\":\\\"item.minecraft.golden_axe\\\",\\\"color\\\":\\\"gray\\\"}\"},AttributeModifiers:[{AttributeName:\"generic.attackSpeed\",Name:\"generic.attackSpeed\",Amount:-3.6,Operation:0,UUIDMost:23281,UUIDLeast:537119,Slot:\"mainhand\"},{AttributeName:\"generic.attackDamage\",Name:\"generic.attackDamage\",Amount:7,Operation:0,UUIDMost:60870,UUIDLeast:844769,Slot:\"mainhand\"}]}"
            }
          ]
        },
		{
          "type": "item",
          "name": "minecraft:golden_axe",
          "weight": 1,
          "functions": [
            {
              "function": "set_nbt",
              "tag": "{display:{Name:\"{\\\"translate\\\":\\\"item.minecraft.golden_axe\\\",\\\"color\\\":\\\"gray\\\"}\"},AttributeModifiers:[{AttributeName:\"generic.attackSpeed\",Name:\"generic.attackSpeed\",Amount:-3.4,Operation:0,UUIDMost:23282,UUIDLeast:537119,Slot:\"mainhand\"},{AttributeName:\"generic.attackDamage\",Name:\"generic.attackDamage\",Amount:7,Operation:0,UUIDMost:60871,UUIDLeast:844769,Slot:\"mainhand\"}]}"
            }
          ]
        },
		{
          "type": "item",
          "name": "minecraft:diamond_axe",
          "weight": 1,
          "functions": [
            {
              "function": "set_nbt",
              "tag": "{display:{Name:\"{\\\"translate\\\":\\\"item.minecraft.diamond_axe\\\",\\\"color\\\":\\\"gray\\\"}\"},AttributeModifiers:[{AttributeName:\"generic.attackSpeed\",Name:\"generic.attackSpeed\",Amount:-3.8,Operation:0,UUIDMost:23280,UUIDLeast:537118,Slot:\"mainhand\"},{AttributeName:\"generic.attackDamage\",Name:\"generic.attackDamage\",Amount:9,Operation:0,UUIDMost:60879,UUIDLeast:844768,Slot:\"mainhand\"}]}"
            }
          ]
        },
		{
          "type": "item",
          "name": "minecraft:diamond_axe",
          "weight": 1,
          "functions": [
            {
              "function": "set_nbt",
              "tag": "{display:{Name:\"{\\\"translate\\\":\\\"item.minecraft.diamond_axe\\\",\\\"color\\\":\\\"gray\\\"}\"},AttributeModifiers:[{AttributeName:\"generic.attackSpeed\",Name:\"generic.attackSpeed\",Amount:-3.6,Operation:0,UUIDMost:23281,UUIDLeast:537118,Slot:\"mainhand\"},{AttributeName:\"generic.attackDamage\",Name:\"generic.attackDamage\",Amount:9,Operation:0,UUIDMost:60870,UUIDLeast:844768,Slot:\"mainhand\"}]}"
            }
          ]
        },
		{
          "type": "item",
          "name": "minecraft:diamond_axe",
          "weight": 1,
          "functions": [
            {
              "function": "set_nbt",
              "tag": "{display:{Name:\"{\\\"translate\\\":\\\"item.minecraft.diamond_axe\\\",\\\"color\\\":\\\"gray\\\"}\"},AttributeModifiers:[{AttributeName:\"generic.attackSpeed\",Name:\"generic.attackSpeed\",Amount:-3.4,Operation:0,UUIDMost:23282,UUIDLeast:537118,Slot:\"mainhand\"},{AttributeName:\"generic.attackDamage\",Name:\"generic.attackDamage\",Amount:9,Operation:0,UUIDMost:60871,UUIDLeast:844768,Slot:\"mainhand\"}]}"
            }
          ]
        },
        {
          "type": "item",
          "name": "minecraft:wooden_sword",
          "weight": 1,
          "functions": [
            {
              "function": "set_nbt",
              "tag": "{display:{Name:\"{\\\"translate\\\":\\\"item.minecraft.wooden_sword\\\",\\\"color\\\":\\\"gray\\\"}\"},AttributeModifiers:[{AttributeName:\"generic.attackSpeed\",Name:\"generic.attackSpeed\",Amount:-3.75,Operation:0,UUIDMost:56882,UUIDLeast:365740,Slot:\"mainhand\"},{AttributeName:\"generic.attackDamage\",Name:\"generic.attackDamage\",Amount:4,Operation:0,UUIDMost:895,UUIDLeast:526340,Slot:\"mainhand\"}]}"
            }
          ]
        },
		{
          "type": "item",
          "name": "minecraft:wooden_sword",
          "weight": 1,
          "functions": [
            {
              "function": "set_nbt",
              "tag": "{display:{Name:\"{\\\"translate\\\":\\\"item.minecraft.wooden_sword\\\",\\\"color\\\":\\\"gray\\\"}\"},AttributeModifiers:[{AttributeName:\"generic.attackSpeed\",Name:\"generic.attackSpeed\",Amount:-3.5,Operation:0,UUIDMost:56882,UUIDLeast:365741,Slot:\"mainhand\"},{AttributeName:\"generic.attackDamage\",Name:\"generic.attackDamage\",Amount:4,Operation:0,UUIDMost:895,UUIDLeast:526341,Slot:\"mainhand\"}]}"
            }
          ]
        },
		{
          "type": "item",
          "name": "minecraft:wooden_sword",
          "weight": 1,
          "functions": [
            {
              "function": "set_nbt",
              "tag": "{display:{Name:\"{\\\"translate\\\":\\\"item.minecraft.wooden_sword\\\",\\\"color\\\":\\\"gray\\\"}\"},AttributeModifiers:[{AttributeName:\"generic.attackSpeed\",Name:\"generic.attackSpeed\",Amount:-3,Operation:0,UUIDMost:56882,UUIDLeast:365742,Slot:\"mainhand\"},{AttributeName:\"generic.attackDamage\",Name:\"generic.attackDamage\",Amount:4,Operation:0,UUIDMost:895,UUIDLeast:526342,Slot:\"mainhand\"}]}"
            }
          ]
        },
		{
          "type": "item",
          "name": "minecraft:stone_sword",
          "weight": 1,
          "functions": [
            {
              "function": "set_nbt",
              "tag": "{display:{Name:\"{\\\"translate\\\":\\\"item.minecraft.stone_sword\\\",\\\"color\\\":\\\"gray\\\"}\"},AttributeModifiers:[{AttributeName:\"generic.attackSpeed\",Name:\"generic.attackSpeed\",Amount:-3.75,Operation:0,UUIDMost:66882,UUIDLeast:365742,Slot:\"mainhand\"},{AttributeName:\"generic.attackDamage\",Name:\"generic.attackDamage\",Amount:5,Operation:0,UUIDMost:1895,UUIDLeast:526342,Slot:\"mainhand\"}]}"
            }
          ]
        },
		{
          "type": "item",
          "name": "minecraft:stone_sword",
          "weight": 1,
          "functions": [
            {
              "function": "set_nbt",
              "tag": "{display:{Name:\"{\\\"translate\\\":\\\"item.minecraft.stone_sword\\\",\\\"color\\\":\\\"gray\\\"}\"},AttributeModifiers:[{AttributeName:\"generic.attackSpeed\",Name:\"generic.attackSpeed\",Amount:-3.5,Operation:0,UUIDMost:66883,UUIDLeast:365742,Slot:\"mainhand\"},{AttributeName:\"generic.attackDamage\",Name:\"generic.attackDamage\",Amount:5,Operation:0,UUIDMost:1896,UUIDLeast:526342,Slot:\"mainhand\"}]}"
            }
          ]
        },
		{
          "type": "item",
          "name": "minecraft:stone_sword",
          "weight": 1,
          "functions": [
            {
              "function": "set_nbt",
              "tag": "{display:{Name:\"{\\\"translate\\\":\\\"item.minecraft.stone_sword\\\",\\\"color\\\":\\\"gray\\\"}\"},AttributeModifiers:[{AttributeName:\"generic.attackSpeed\",Name:\"generic.attackSpeed\",Amount:-3,Operation:0,UUIDMost:66884,UUIDLeast:365742,Slot:\"mainhand\"},{AttributeName:\"generic.attackDamage\",Name:\"generic.attackDamage\",Amount:5,Operation:0,UUIDMost:1897,UUIDLeast:526342,Slot:\"mainhand\"}]}"
            }
          ]
        },
		{
          "type": "item",
          "name": "minecraft:iron_sword",
          "weight": 1,
          "functions": [
            {
              "function": "set_nbt",
              "tag": "{display:{Name:\"{\\\"translate\\\":\\\"item.minecraft.iron_sword\\\",\\\"color\\\":\\\"gray\\\"}\"},AttributeModifiers:[{AttributeName:\"generic.attackSpeed\",Name:\"generic.attackSpeed\",Amount:-3.75,Operation:0,UUIDMost:76882,UUIDLeast:365742,Slot:\"mainhand\"},{AttributeName:\"generic.attackDamage\",Name:\"generic.attackDamage\",Amount:6,Operation:0,UUIDMost:2895,UUIDLeast:526342,Slot:\"mainhand\"}]}"
            }
          ]
        },
		{
          "type": "item",
          "name": "minecraft:iron_sword",
          "weight": 1,
          "functions": [
            {
              "function": "set_nbt",
              "tag": "{display:{Name:\"{\\\"translate\\\":\\\"item.minecraft.iron_sword\\\",\\\"color\\\":\\\"gray\\\"}\"},AttributeModifiers:[{AttributeName:\"generic.attackSpeed\",Name:\"generic.attackSpeed\",Amount:-3.5,Operation:0,UUIDMost:76883,UUIDLeast:365742,Slot:\"mainhand\"},{AttributeName:\"generic.attackDamage\",Name:\"generic.attackDamage\",Amount:6,Operation:0,UUIDMost:2896,UUIDLeast:526342,Slot:\"mainhand\"}]}"
            }
          ]
        },
		{
          "type": "item",
          "name": "minecraft:iron_sword",
          "weight": 1,
          "functions": [
            {
              "function": "set_nbt",
              "tag": "{display:{Name:\"{\\\"translate\\\":\\\"item.minecraft.iron_sword\\\",\\\"color\\\":\\\"gray\\\"}\"},AttributeModifiers:[{AttributeName:\"generic.attackSpeed\",Name:\"generic.attackSpeed\",Amount:-3,Operation:0,UUIDMost:76884,UUIDLeast:365742,Slot:\"mainhand\"},{AttributeName:\"generic.attackDamage\",Name:\"generic.attackDamage\",Amount:6,Operation:0,UUIDMost:2897,UUIDLeast:526342,Slot:\"mainhand\"}]}"
            }
          ]
        },
		{
          "type": "item",
          "name": "minecraft:golden_sword",
          "weight": 1,
          "functions": [
            {
              "function": "set_nbt",
              "tag": "{display:{Name:\"{\\\"translate\\\":\\\"item.minecraft.golden_sword\\\",\\\"color\\\":\\\"gray\\\"}\"},AttributeModifiers:[{AttributeName:\"generic.attackSpeed\",Name:\"generic.attackSpeed\",Amount:-3.75,Operation:0,UUIDMost:86882,UUIDLeast:365742,Slot:\"mainhand\"},{AttributeName:\"generic.attackDamage\",Name:\"generic.attackDamage\",Amount:4,Operation:0,UUIDMost:3895,UUIDLeast:526342,Slot:\"mainhand\"}]}"
            }
          ]
        },
		{
          "type": "item",
          "name": "minecraft:golden_sword",
          "weight": 1,
          "functions": [
            {
              "function": "set_nbt",
              "tag": "{display:{Name:\"{\\\"translate\\\":\\\"item.minecraft.golden_sword\\\",\\\"color\\\":\\\"gray\\\"}\"},AttributeModifiers:[{AttributeName:\"generic.attackSpeed\",Name:\"generic.attackSpeed\",Amount:-3.5,Operation:0,UUIDMost:86883,UUIDLeast:365742,Slot:\"mainhand\"},{AttributeName:\"generic.attackDamage\",Name:\"generic.attackDamage\",Amount:4,Operation:0,UUIDMost:3896,UUIDLeast:526342,Slot:\"mainhand\"}]}"
            }
          ]
        },
		{
          "type": "item",
          "name": "minecraft:golden_sword",
          "weight": 1,
          "functions": [
            {
              "function": "set_nbt",
              "tag": "{display:{Name:\"{\\\"translate\\\":\\\"item.minecraft.golden_sword\\\",\\\"color\\\":\\\"gray\\\"}\"},AttributeModifiers:[{AttributeName:\"generic.attackSpeed\",Name:\"generic.attackSpeed\",Amount:-3,Operation:0,UUIDMost:86884,UUIDLeast:365742,Slot:\"mainhand\"},{AttributeName:\"generic.attackDamage\",Name:\"generic.attackDamage\",Amount:4,Operation:0,UUIDMost:3897,UUIDLeast:526342,Slot:\"mainhand\"}]}"
            }
          ]
        },
		{
          "type": "item",
          "name": "minecraft:diamond_sword",
          "weight": 1,
          "functions": [
            {
              "function": "set_nbt",
              "tag": "{display:{Name:\"{\\\"translate\\\":\\\"item.minecraft.diamond_sword\\\",\\\"color\\\":\\\"gray\\\"}\"},AttributeModifiers:[{AttributeName:\"generic.attackSpeed\",Name:\"generic.attackSpeed\",Amount:-3.75,Operation:0,UUIDMost:96882,UUIDLeast:365742,Slot:\"mainhand\"},{AttributeName:\"generic.attackDamage\",Name:\"generic.attackDamage\",Amount:7,Operation:0,UUIDMost:4895,UUIDLeast:526342,Slot:\"mainhand\"}]}"
            }
          ]
        },
		{
          "type": "item",
          "name": "minecraft:diamond_sword",
          "weight": 1,
          "functions": [
            {
              "function": "set_nbt",
              "tag": "{display:{Name:\"{\\\"translate\\\":\\\"item.minecraft.diamond_sword\\\",\\\"color\\\":\\\"gray\\\"}\"},AttributeModifiers:[{AttributeName:\"generic.attackSpeed\",Name:\"generic.attackSpeed\",Amount:-3.5,Operation:0,UUIDMost:96883,UUIDLeast:365742,Slot:\"mainhand\"},{AttributeName:\"generic.attackDamage\",Name:\"generic.attackDamage\",Amount:7,Operation:0,UUIDMost:4896,UUIDLeast:526342,Slot:\"mainhand\"}]}"
            }
          ]
        },
		{
          "type": "item",
          "name": "minecraft:diamond_sword",
          "weight": 1,
          "functions": [
            {
              "function": "set_nbt",
              "tag": "{display:{Name:\"{\\\"translate\\\":\\\"item.minecraft.diamond_sword\\\",\\\"color\\\":\\\"gray\\\"}\"},AttributeModifiers:[{AttributeName:\"generic.attackSpeed\",Name:\"generic.attackSpeed\",Amount:-3,Operation:0,UUIDMost:96884,UUIDLeast:365742,Slot:\"mainhand\"},{AttributeName:\"generic.attackDamage\",Name:\"generic.attackDamage\",Amount:7,Operation:0,UUIDMost:4897,UUIDLeast:526342,Slot:\"mainhand\"}]}"
            }
          ]
        },
		{
          "type": "item",
          "name": "minecraft:leather_helmet",
          "weight": 1,
          "functions": [
            {
              "function": "set_nbt",
              "tag": "{display:{Name:\"{\\\"translate\\\":\\\"item.minecraft.leather_helmet\\\",\\\"color\\\":\\\"gray\\\"}\"},AttributeModifiers:[{AttributeName:\"generic.movementSpeed\",Name:\"generic.movementSpeed\",Amount:-0.15,Operation:1,UUIDMost:38058,UUIDLeast:9393,Slot:\"head\"},{AttributeName:\"generic.armor\",Name:\"generic.armor\",Amount:1,Operation:0,UUIDMost:73809,UUIDLeast:927759,Slot:\"head\"}]}"
            }
          ]
        },
		{
          "type": "item",
          "name": "minecraft:leather_chestplate",
          "weight": 1,
          "functions": [
            {
              "function": "set_nbt",
              "tag": "{display:{Name:\"{\\\"translate\\\":\\\"item.minecraft.leather_chestplate\\\",\\\"color\\\":\\\"gray\\\"}\"},AttributeModifiers:[{AttributeName:\"generic.movementSpeed\",Name:\"generic.movementSpeed\",Amount:-0.15,Operation:1,UUIDMost:38058,UUIDLeast:9394,Slot:\"chest\"},{AttributeName:\"generic.armor\",Name:\"generic.armor\",Amount:3,Operation:0,UUIDMost:73809,UUIDLeast:927750,Slot:\"chest\"}]}"
            }
          ]
        },
		{
          "type": "item",
          "name": "minecraft:leather_leggings",
          "weight": 1,
          "functions": [
            {
              "function": "set_nbt",
              "tag": "{display:{Name:\"{\\\"translate\\\":\\\"item.minecraft.leather_leggings\\\",\\\"color\\\":\\\"gray\\\"}\"},AttributeModifiers:[{AttributeName:\"generic.movementSpeed\",Name:\"generic.movementSpeed\",Amount:-0.15,Operation:1,UUIDMost:38058,UUIDLeast:9395,Slot:\"legs\"},{AttributeName:\"generic.armor\",Name:\"generic.armor\",Amount:2,Operation:0,UUIDMost:73809,UUIDLeast:927751,Slot:\"legs\"}]}"
            }
          ]
        },
		{
          "type": "item",
          "name": "minecraft:leather_boots",
          "weight": 1,
          "functions": [
            {
              "function": "set_nbt",
              "tag": "{display:{Name:\"{\\\"translate\\\":\\\"item.minecraft.leather_boots\\\",\\\"color\\\":\\\"gray\\\"}\"},AttributeModifiers:[{AttributeName:\"generic.movementSpeed\",Name:\"generic.movementSpeed\",Amount:-0.15,Operation:1,UUIDMost:38058,UUIDLeast:9396,Slot:\"feet\"},{AttributeName:\"generic.armor\",Name:\"generic.armor\",Amount:1,Operation:0,UUIDMost:73809,UUIDLeast:927752,Slot:\"feet\"}]}"
            }
          ]
        },
		{
          "type": "item",
          "name": "minecraft:leather_helmet",
          "weight": 1,
          "functions": [
            {
              "function": "set_nbt",
              "tag": "{display:{Name:\"{\\\"translate\\\":\\\"item.minecraft.leather_helmet\\\",\\\"color\\\":\\\"gray\\\"}\"},AttributeModifiers:[{AttributeName:\"generic.movementSpeed\",Name:\"generic.movementSpeed\",Amount:-0.1,Operation:1,UUIDMost:38059,UUIDLeast:9393,Slot:\"head\"},{AttributeName:\"generic.armor\",Name:\"generic.armor\",Amount:1,Operation:0,UUIDMost:73800,UUIDLeast:927759,Slot:\"head\"}]}"
            }
          ]
        },
		{
          "type": "item",
          "name": "minecraft:leather_chestplate",
          "weight": 1,
          "functions": [
            {
              "function": "set_nbt",
              "tag": "{display:{Name:\"{\\\"translate\\\":\\\"item.minecraft.leather_chestplate\\\",\\\"color\\\":\\\"gray\\\"}\"},AttributeModifiers:[{AttributeName:\"generic.movementSpeed\",Name:\"generic.movementSpeed\",Amount:-0.1,Operation:1,UUIDMost:38059,UUIDLeast:9394,Slot:\"chest\"},{AttributeName:\"generic.armor\",Name:\"generic.armor\",Amount:3,Operation:0,UUIDMost:73800,UUIDLeast:927750,Slot:\"chest\"}]}"
            }
          ]
        },
		{
          "type": "item",
          "name": "minecraft:leather_leggings",
          "weight": 1,
          "functions": [
            {
              "function": "set_nbt",
              "tag": "{display:{Name:\"{\\\"translate\\\":\\\"item.minecraft.leather_leggings\\\",\\\"color\\\":\\\"gray\\\"}\"},AttributeModifiers:[{AttributeName:\"generic.movementSpeed\",Name:\"generic.movementSpeed\",Amount:-0.1,Operation:1,UUIDMost:38059,UUIDLeast:9395,Slot:\"legs\"},{AttributeName:\"generic.armor\",Name:\"generic.armor\",Amount:2,Operation:0,UUIDMost:73800,UUIDLeast:927751,Slot:\"legs\"}]}"
            }
          ]
        },
		{
          "type": "item",
          "name": "minecraft:leather_boots",
          "weight": 1,
          "functions": [
            {
              "function": "set_nbt",
              "tag": "{display:{Name:\"{\\\"translate\\\":\\\"item.minecraft.leather_boots\\\",\\\"color\\\":\\\"gray\\\"}\"},AttributeModifiers:[{AttributeName:\"generic.movementSpeed\",Name:\"generic.movementSpeed\",Amount:-0.1,Operation:1,UUIDMost:38059,UUIDLeast:9396,Slot:\"feet\"},{AttributeName:\"generic.armor\",Name:\"generic.armor\",Amount:1,Operation:0,UUIDMost:73800,UUIDLeast:927752,Slot:\"feet\"}]}"
            }
          ]
        },
		{
          "type": "item",
          "name": "minecraft:leather_helmet",
          "weight": 1,
          "functions": [
            {
              "function": "set_nbt",
              "tag": "{display:{Name:\"{\\\"translate\\\":\\\"item.minecraft.leather_helmet\\\",\\\"color\\\":\\\"gray\\\"}\"},AttributeModifiers:[{AttributeName:\"generic.movementSpeed\",Name:\"generic.movementSpeed\",Amount:-0.05,Operation:1,UUIDMost:38050,UUIDLeast:9393,Slot:\"head\"},{AttributeName:\"generic.armor\",Name:\"generic.armor\",Amount:1,Operation:0,UUIDMost:73801,UUIDLeast:927759,Slot:\"head\"}]}"
            }
          ]
        },
		{
          "type": "item",
          "name": "minecraft:leather_chestplate",
          "weight": 1,
          "functions": [
            {
              "function": "set_nbt",
              "tag": "{display:{Name:\"{\\\"translate\\\":\\\"item.minecraft.leather_chestplate\\\",\\\"color\\\":\\\"gray\\\"}\"},AttributeModifiers:[{AttributeName:\"generic.movementSpeed\",Name:\"generic.movementSpeed\",Amount:-0.05,Operation:1,UUIDMost:38050,UUIDLeast:9394,Slot:\"chest\"},{AttributeName:\"generic.armor\",Name:\"generic.armor\",Amount:3,Operation:0,UUIDMost:73801,UUIDLeast:927750,Slot:\"chest\"}]}"
            }
          ]
        },
		{
          "type": "item",
          "name": "minecraft:leather_leggings",
          "weight": 1,
          "functions": [
            {
              "function": "set_nbt",
              "tag": "{display:{Name:\"{\\\"translate\\\":\\\"item.minecraft.leather_leggings\\\",\\\"color\\\":\\\"gray\\\"}\"},AttributeModifiers:[{AttributeName:\"generic.movementSpeed\",Name:\"generic.movementSpeed\",Amount:-0.05,Operation:1,UUIDMost:38050,UUIDLeast:9395,Slot:\"legs\"},{AttributeName:\"generic.armor\",Name:\"generic.armor\",Amount:2,Operation:0,UUIDMost:73801,UUIDLeast:927751,Slot:\"legs\"}]}"
            }
          ]
        },
		{
          "type": "item",
          "name": "minecraft:leather_boots",
          "weight": 1,
          "functions": [
            {
              "function": "set_nbt",
              "tag": "{display:{Name:\"{\\\"translate\\\":\\\"item.minecraft.leather_boots\\\",\\\"color\\\":\\\"gray\\\"}\"},AttributeModifiers:[{AttributeName:\"generic.movementSpeed\",Name:\"generic.movementSpeed\",Amount:-0.05,Operation:1,UUIDMost:38050,UUIDLeast:9396,Slot:\"feet\"},{AttributeName:\"generic.armor\",Name:\"generic.armor\",Amount:1,Operation:0,UUIDMost:73801,UUIDLeast:927752,Slot:\"feet\"}]}"
            }
          ]
        },
		{
          "type": "item",
          "name": "minecraft:chainmail_helmet",
          "weight": 1,
          "functions": [
            {
              "function": "set_nbt",
              "tag": "{display:{Name:\"{\\\"translate\\\":\\\"item.minecraft.chainmail_helmet\\\",\\\"color\\\":\\\"gray\\\"}\"},AttributeModifiers:[{AttributeName:\"generic.movementSpeed\",Name:\"generic.movementSpeed\",Amount:-0.15,Operation:1,UUIDMost:48058,UUIDLeast:9393,Slot:\"head\"},{AttributeName:\"generic.armor\",Name:\"generic.armor\",Amount:2,Operation:0,UUIDMost:83809,UUIDLeast:927759,Slot:\"head\"}]}"
            }
          ]
        },
		{
          "type": "item",
          "name": "minecraft:chainmail_chestplate",
          "weight": 1,
          "functions": [
            {
              "function": "set_nbt",
              "tag": "{display:{Name:\"{\\\"translate\\\":\\\"item.minecraft.chainmail_chestplate\\\",\\\"color\\\":\\\"gray\\\"}\"},AttributeModifiers:[{AttributeName:\"generic.movementSpeed\",Name:\"generic.movementSpeed\",Amount:-0.15,Operation:1,UUIDMost:48058,UUIDLeast:9394,Slot:\"chest\"},{AttributeName:\"generic.armor\",Name:\"generic.armor\",Amount:5,Operation:0,UUIDMost:83809,UUIDLeast:927750,Slot:\"chest\"}]}"
            }
          ]
        },
		{
          "type": "item",
          "name": "minecraft:chainmail_leggings",
          "weight": 1,
          "functions": [
            {
              "function": "set_nbt",
              "tag": "{display:{Name:\"{\\\"translate\\\":\\\"item.minecraft.chainmail_leggings\\\",\\\"color\\\":\\\"gray\\\"}\"},AttributeModifiers:[{AttributeName:\"generic.movementSpeed\",Name:\"generic.movementSpeed\",Amount:-0.15,Operation:1,UUIDMost:48058,UUIDLeast:9395,Slot:\"legs\"},{AttributeName:\"generic.armor\",Name:\"generic.armor\",Amount:4,Operation:0,UUIDMost:83809,UUIDLeast:927751,Slot:\"legs\"}]}"
            }
          ]
        },
		{
          "type": "item",
          "name": "minecraft:chainmail_boots",
          "weight": 1,
          "functions": [
            {
              "function": "set_nbt",
              "tag": "{display:{Name:\"{\\\"translate\\\":\\\"item.minecraft.chainmail_boots\\\",\\\"color\\\":\\\"gray\\\"}\"},AttributeModifiers:[{AttributeName:\"generic.movementSpeed\",Name:\"generic.movementSpeed\",Amount:-0.15,Operation:1,UUIDMost:48058,UUIDLeast:9396,Slot:\"feet\"},{AttributeName:\"generic.armor\",Name:\"generic.armor\",Amount:1,Operation:0,UUIDMost:83809,UUIDLeast:927752,Slot:\"feet\"}]}"
            }
          ]
        },
		{
          "type": "item",
          "name": "minecraft:chainmail_helmet",
          "weight": 1,
          "functions": [
            {
              "function": "set_nbt",
              "tag": "{display:{Name:\"{\\\"translate\\\":\\\"item.minecraft.chainmail_helmet\\\",\\\"color\\\":\\\"gray\\\"}\"},AttributeModifiers:[{AttributeName:\"generic.movementSpeed\",Name:\"generic.movementSpeed\",Amount:-0.1,Operation:1,UUIDMost:48059,UUIDLeast:9393,Slot:\"head\"},{AttributeName:\"generic.armor\",Name:\"generic.armor\",Amount:2,Operation:0,UUIDMost:83800,UUIDLeast:927759,Slot:\"head\"}]}"
            }
          ]
        },
		{
          "type": "item",
          "name": "minecraft:chainmail_chestplate",
          "weight": 1,
          "functions": [
            {
              "function": "set_nbt",
              "tag": "{display:{Name:\"{\\\"translate\\\":\\\"item.minecraft.chainmail_chestplate\\\",\\\"color\\\":\\\"gray\\\"}\"},AttributeModifiers:[{AttributeName:\"generic.movementSpeed\",Name:\"generic.movementSpeed\",Amount:-0.1,Operation:1,UUIDMost:48059,UUIDLeast:9394,Slot:\"chest\"},{AttributeName:\"generic.armor\",Name:\"generic.armor\",Amount:5,Operation:0,UUIDMost:83800,UUIDLeast:927750,Slot:\"chest\"}]}"
            }
          ]
        },
		{
          "type": "item",
          "name": "minecraft:chainmail_leggings",
          "weight": 1,
          "functions": [
            {
              "function": "set_nbt",
              "tag": "{display:{Name:\"{\\\"translate\\\":\\\"item.minecraft.chainmail_leggings\\\",\\\"color\\\":\\\"gray\\\"}\"},AttributeModifiers:[{AttributeName:\"generic.movementSpeed\",Name:\"generic.movementSpeed\",Amount:-0.1,Operation:1,UUIDMost:48059,UUIDLeast:9395,Slot:\"legs\"},{AttributeName:\"generic.armor\",Name:\"generic.armor\",Amount:4,Operation:0,UUIDMost:83800,UUIDLeast:927751,Slot:\"legs\"}]}"
            }
          ]
        },
		{
          "type": "item",
          "name": "minecraft:chainmail_boots",
          "weight": 1,
          "functions": [
            {
              "function": "set_nbt",
              "tag": "{display:{Name:\"{\\\"translate\\\":\\\"item.minecraft.chainmail_boots\\\",\\\"color\\\":\\\"gray\\\"}\"},AttributeModifiers:[{AttributeName:\"generic.movementSpeed\",Name:\"generic.movementSpeed\",Amount:-0.1,Operation:1,UUIDMost:48059,UUIDLeast:9396,Slot:\"feet\"},{AttributeName:\"generic.armor\",Name:\"generic.armor\",Amount:1,Operation:0,UUIDMost:83800,UUIDLeast:927752,Slot:\"feet\"}]}"
            }
          ]
        },
		{
          "type": "item",
          "name": "minecraft:chainmail_helmet",
          "weight": 1,
          "functions": [
            {
              "function": "set_nbt",
              "tag": "{display:{Name:\"{\\\"translate\\\":\\\"item.minecraft.chainmail_helmet\\\",\\\"color\\\":\\\"gray\\\"}\"},AttributeModifiers:[{AttributeName:\"generic.movementSpeed\",Name:\"generic.movementSpeed\",Amount:-0.05,Operation:1,UUIDMost:48050,UUIDLeast:9393,Slot:\"head\"},{AttributeName:\"generic.armor\",Name:\"generic.armor\",Amount:2,Operation:0,UUIDMost:83801,UUIDLeast:927759,Slot:\"head\"}]}"
            }
          ]
        },
		{
          "type": "item",
          "name": "minecraft:chainmail_chestplate",
          "weight": 1,
          "functions": [
            {
              "function": "set_nbt",
              "tag": "{display:{Name:\"{\\\"translate\\\":\\\"item.minecraft.chainmail_chestplate\\\",\\\"color\\\":\\\"gray\\\"}\"},AttributeModifiers:[{AttributeName:\"generic.movementSpeed\",Name:\"generic.movementSpeed\",Amount:-0.05,Operation:1,UUIDMost:48050,UUIDLeast:9394,Slot:\"chest\"},{AttributeName:\"generic.armor\",Name:\"generic.armor\",Amount:5,Operation:0,UUIDMost:83801,UUIDLeast:927750,Slot:\"chest\"}]}"
            }
          ]
        },
		{
          "type": "item",
          "name": "minecraft:chainmail_leggings",
          "weight": 1,
          "functions": [
            {
              "function": "set_nbt",
              "tag": "{display:{Name:\"{\\\"translate\\\":\\\"item.minecraft.chainmail_leggings\\\",\\\"color\\\":\\\"gray\\\"}\"},AttributeModifiers:[{AttributeName:\"generic.movementSpeed\",Name:\"generic.movementSpeed\",Amount:-0.05,Operation:1,UUIDMost:48050,UUIDLeast:9395,Slot:\"legs\"},{AttributeName:\"generic.armor\",Name:\"generic.armor\",Amount:4,Operation:0,UUIDMost:83801,UUIDLeast:927751,Slot:\"legs\"}]}"
            }
          ]
        },
		{
          "type": "item",
          "name": "minecraft:chainmail_boots",
          "weight": 1,
          "functions": [
            {
              "function": "set_nbt",
              "tag": "{display:{Name:\"{\\\"translate\\\":\\\"item.minecraft.chainmail_boots\\\",\\\"color\\\":\\\"gray\\\"}\"},AttributeModifiers:[{AttributeName:\"generic.movementSpeed\",Name:\"generic.movementSpeed\",Amount:-0.05,Operation:1,UUIDMost:48050,UUIDLeast:9396,Slot:\"feet\"},{AttributeName:\"generic.armor\",Name:\"generic.armor\",Amount:1,Operation:0,UUIDMost:83801,UUIDLeast:927752,Slot:\"feet\"}]}"
            }
          ]
        },
		{
          "type": "item",
          "name": "minecraft:iron_helmet",
          "weight": 1,
          "functions": [
            {
              "function": "set_nbt",
              "tag": "{display:{Name:\"{\\\"translate\\\":\\\"item.minecraft.iron_helmet\\\",\\\"color\\\":\\\"gray\\\"}\"},AttributeModifiers:[{AttributeName:\"generic.movementSpeed\",Name:\"generic.movementSpeed\",Amount:-0.15,Operation:1,UUIDMost:58058,UUIDLeast:9393,Slot:\"head\"},{AttributeName:\"generic.armor\",Name:\"generic.armor\",Amount:2,Operation:0,UUIDMost:93809,UUIDLeast:927759,Slot:\"head\"}]}"
            }
          ]
        },
		{
          "type": "item",
          "name": "minecraft:iron_chestplate",
          "weight": 1,
          "functions": [
            {
              "function": "set_nbt",
              "tag": "{display:{Name:\"{\\\"translate\\\":\\\"item.minecraft.iron_chestplate\\\",\\\"color\\\":\\\"gray\\\"}\"},AttributeModifiers:[{AttributeName:\"generic.movementSpeed\",Name:\"generic.movementSpeed\",Amount:-0.15,Operation:1,UUIDMost:58058,UUIDLeast:9394,Slot:\"chest\"},{AttributeName:\"generic.armor\",Name:\"generic.armor\",Amount:6,Operation:0,UUIDMost:93809,UUIDLeast:927750,Slot:\"chest\"}]}"
            }
          ]
        },
		{
          "type": "item",
          "name": "minecraft:iron_leggings",
          "weight": 1,
          "functions": [
            {
              "function": "set_nbt",
              "tag": "{display:{Name:\"{\\\"translate\\\":\\\"item.minecraft.iron_leggings\\\",\\\"color\\\":\\\"gray\\\"}\"},AttributeModifiers:[{AttributeName:\"generic.movementSpeed\",Name:\"generic.movementSpeed\",Amount:-0.15,Operation:1,UUIDMost:58058,UUIDLeast:9395,Slot:\"legs\"},{AttributeName:\"generic.armor\",Name:\"generic.armor\",Amount:5,Operation:0,UUIDMost:93809,UUIDLeast:927751,Slot:\"legs\"}]}"
            }
          ]
        },
		{
          "type": "item",
          "name": "minecraft:iron_boots",
          "weight": 1,
          "functions": [
            {
              "function": "set_nbt",
              "tag": "{display:{Name:\"{\\\"translate\\\":\\\"item.minecraft.iron_boots\\\",\\\"color\\\":\\\"gray\\\"}\"},AttributeModifiers:[{AttributeName:\"generic.movementSpeed\",Name:\"generic.movementSpeed\",Amount:-0.15,Operation:1,UUIDMost:58058,UUIDLeast:9396,Slot:\"feet\"},{AttributeName:\"generic.armor\",Name:\"generic.armor\",Amount:2,Operation:0,UUIDMost:93809,UUIDLeast:927752,Slot:\"feet\"}]}"
            }
          ]
        },
		{
          "type": "item",
          "name": "minecraft:iron_helmet",
          "weight": 1,
          "functions": [
            {
              "function": "set_nbt",
              "tag": "{display:{Name:\"{\\\"translate\\\":\\\"item.minecraft.iron_helmet\\\",\\\"color\\\":\\\"gray\\\"}\"},AttributeModifiers:[{AttributeName:\"generic.movementSpeed\",Name:\"generic.movementSpeed\",Amount:-0.1,Operation:1,UUIDMost:58059,UUIDLeast:9393,Slot:\"head\"},{AttributeName:\"generic.armor\",Name:\"generic.armor\",Amount:2,Operation:0,UUIDMost:93800,UUIDLeast:927759,Slot:\"head\"}]}"
            }
          ]
        },
		{
          "type": "item",
          "name": "minecraft:iron_chestplate",
          "weight": 1,
          "functions": [
            {
              "function": "set_nbt",
              "tag": "{display:{Name:\"{\\\"translate\\\":\\\"item.minecraft.iron_chestplate\\\",\\\"color\\\":\\\"gray\\\"}\"},AttributeModifiers:[{AttributeName:\"generic.movementSpeed\",Name:\"generic.movementSpeed\",Amount:-0.1,Operation:1,UUIDMost:58059,UUIDLeast:9394,Slot:\"chest\"},{AttributeName:\"generic.armor\",Name:\"generic.armor\",Amount:6,Operation:0,UUIDMost:93800,UUIDLeast:927750,Slot:\"chest\"}]}"
            }
          ]
        },
		{
          "type": "item",
          "name": "minecraft:iron_leggings",
          "weight": 1,
          "functions": [
            {
              "function": "set_nbt",
              "tag": "{display:{Name:\"{\\\"translate\\\":\\\"item.minecraft.iron_leggings\\\",\\\"color\\\":\\\"gray\\\"}\"},AttributeModifiers:[{AttributeName:\"generic.movementSpeed\",Name:\"generic.movementSpeed\",Amount:-0.1,Operation:1,UUIDMost:58059,UUIDLeast:9395,Slot:\"legs\"},{AttributeName:\"generic.armor\",Name:\"generic.armor\",Amount:5,Operation:0,UUIDMost:93800,UUIDLeast:927751,Slot:\"legs\"}]}"
            }
          ]
        },
		{
          "type": "item",
          "name": "minecraft:iron_boots",
          "weight": 1,
          "functions": [
            {
              "function": "set_nbt",
              "tag": "{display:{Name:\"{\\\"translate\\\":\\\"item.minecraft.iron_boots\\\",\\\"color\\\":\\\"gray\\\"}\"},AttributeModifiers:[{AttributeName:\"generic.movementSpeed\",Name:\"generic.movementSpeed\",Amount:-0.1,Operation:1,UUIDMost:58059,UUIDLeast:9396,Slot:\"feet\"},{AttributeName:\"generic.armor\",Name:\"generic.armor\",Amount:2,Operation:0,UUIDMost:93800,UUIDLeast:927752,Slot:\"feet\"}]}"
            }
          ]
        },
		{
          "type": "item",
          "name": "minecraft:iron_helmet",
          "weight": 1,
          "functions": [
            {
              "function": "set_nbt",
              "tag": "{display:{Name:\"{\\\"translate\\\":\\\"item.minecraft.iron_helmet\\\",\\\"color\\\":\\\"gray\\\"}\"},AttributeModifiers:[{AttributeName:\"generic.movementSpeed\",Name:\"generic.movementSpeed\",Amount:-0.05,Operation:1,UUIDMost:58050,UUIDLeast:9393,Slot:\"head\"},{AttributeName:\"generic.armor\",Name:\"generic.armor\",Amount:2,Operation:0,UUIDMost:93801,UUIDLeast:927759,Slot:\"head\"}]}"
            }
          ]
        },
		{
          "type": "item",
          "name": "minecraft:iron_chestplate",
          "weight": 1,
          "functions": [
            {
              "function": "set_nbt",
              "tag": "{display:{Name:\"{\\\"translate\\\":\\\"item.minecraft.iron_chestplate\\\",\\\"color\\\":\\\"gray\\\"}\"},AttributeModifiers:[{AttributeName:\"generic.movementSpeed\",Name:\"generic.movementSpeed\",Amount:-0.05,Operation:1,UUIDMost:58050,UUIDLeast:9394,Slot:\"chest\"},{AttributeName:\"generic.armor\",Name:\"generic.armor\",Amount:6,Operation:0,UUIDMost:93801,UUIDLeast:927750,Slot:\"chest\"}]}"
            }
          ]
        },
		{
          "type": "item",
          "name": "minecraft:iron_leggings",
          "weight": 1,
          "functions": [
            {
              "function": "set_nbt",
              "tag": "{display:{Name:\"{\\\"translate\\\":\\\"item.minecraft.iron_leggings\\\",\\\"color\\\":\\\"gray\\\"}\"},AttributeModifiers:[{AttributeName:\"generic.movementSpeed\",Name:\"generic.movementSpeed\",Amount:-0.05,Operation:1,UUIDMost:58050,UUIDLeast:9395,Slot:\"legs\"},{AttributeName:\"generic.armor\",Name:\"generic.armor\",Amount:5,Operation:0,UUIDMost:93801,UUIDLeast:927751,Slot:\"legs\"}]}"
            }
          ]
        },
		{
          "type": "item",
          "name": "minecraft:iron_boots",
          "weight": 1,
          "functions": [
            {
              "function": "set_nbt",
              "tag": "{display:{Name:\"{\\\"translate\\\":\\\"item.minecraft.iron_boots\\\",\\\"color\\\":\\\"gray\\\"}\"},AttributeModifiers:[{AttributeName:\"generic.movementSpeed\",Name:\"generic.movementSpeed\",Amount:-0.05,Operation:1,UUIDMost:58050,UUIDLeast:9396,Slot:\"feet\"},{AttributeName:\"generic.armor\",Name:\"generic.armor\",Amount:2,Operation:0,UUIDMost:93801,UUIDLeast:927752,Slot:\"feet\"}]}"
            }
          ]
        },
		{
          "type": "item",
          "name": "minecraft:golden_helmet",
          "weight": 1,
          "functions": [
            {
              "function": "set_nbt",
              "tag": "{display:{Name:\"{\\\"translate\\\":\\\"item.minecraft.golden_helmet\\\",\\\"color\\\":\\\"gray\\\"}\"},AttributeModifiers:[{AttributeName:\"generic.movementSpeed\",Name:\"generic.movementSpeed\",Amount:-0.15,Operation:1,UUIDMost:68058,UUIDLeast:9393,Slot:\"head\"},{AttributeName:\"generic.armor\",Name:\"generic.armor\",Amount:2,Operation:0,UUIDMost:103809,UUIDLeast:927759,Slot:\"head\"}]}"
            }
          ]
        },
		{
          "type": "item",
          "name": "minecraft:golden_chestplate",
          "weight": 1,
          "functions": [
            {
              "function": "set_nbt",
              "tag": "{display:{Name:\"{\\\"translate\\\":\\\"item.minecraft.golden_chestplate\\\",\\\"color\\\":\\\"gray\\\"}\"},AttributeModifiers:[{AttributeName:\"generic.movementSpeed\",Name:\"generic.movementSpeed\",Amount:-0.15,Operation:1,UUIDMost:68058,UUIDLeast:9394,Slot:\"chest\"},{AttributeName:\"generic.armor\",Name:\"generic.armor\",Amount:5,Operation:0,UUIDMost:103809,UUIDLeast:927750,Slot:\"chest\"}]}"
            }
          ]
        },
		{
          "type": "item",
          "name": "minecraft:golden_leggings",
          "weight": 1,
          "functions": [
            {
              "function": "set_nbt",
              "tag": "{display:{Name:\"{\\\"translate\\\":\\\"item.minecraft.golden_leggings\\\",\\\"color\\\":\\\"gray\\\"}\"},AttributeModifiers:[{AttributeName:\"generic.movementSpeed\",Name:\"generic.movementSpeed\",Amount:-0.15,Operation:1,UUIDMost:68058,UUIDLeast:9395,Slot:\"legs\"},{AttributeName:\"generic.armor\",Name:\"generic.armor\",Amount:3,Operation:0,UUIDMost:103809,UUIDLeast:927751,Slot:\"legs\"}]}"
            }
          ]
        },
		{
          "type": "item",
          "name": "minecraft:golden_boots",
          "weight": 1,
          "functions": [
            {
              "function": "set_nbt",
              "tag": "{display:{Name:\"{\\\"translate\\\":\\\"item.minecraft.golden_boots\\\",\\\"color\\\":\\\"gray\\\"}\"},AttributeModifiers:[{AttributeName:\"generic.movementSpeed\",Name:\"generic.movementSpeed\",Amount:-0.15,Operation:1,UUIDMost:68058,UUIDLeast:9396,Slot:\"feet\"},{AttributeName:\"generic.armor\",Name:\"generic.armor\",Amount:1,Operation:0,UUIDMost:103809,UUIDLeast:927752,Slot:\"feet\"}]}"
            }
          ]
        },
		{
          "type": "item",
          "name": "minecraft:golden_helmet",
          "weight": 1,
          "functions": [
            {
              "function": "set_nbt",
              "tag": "{display:{Name:\"{\\\"translate\\\":\\\"item.minecraft.golden_helmet\\\",\\\"color\\\":\\\"gray\\\"}\"},AttributeModifiers:[{AttributeName:\"generic.movementSpeed\",Name:\"generic.movementSpeed\",Amount:-0.1,Operation:1,UUIDMost:68059,UUIDLeast:9393,Slot:\"head\"},{AttributeName:\"generic.armor\",Name:\"generic.armor\",Amount:2,Operation:0,UUIDMost:103800,UUIDLeast:927759,Slot:\"head\"}]}"
            }
          ]
        },
		{
          "type": "item",
          "name": "minecraft:golden_chestplate",
          "weight": 1,
          "functions": [
            {
              "function": "set_nbt",
              "tag": "{display:{Name:\"{\\\"translate\\\":\\\"item.minecraft.golden_chestplate\\\",\\\"color\\\":\\\"gray\\\"}\"},AttributeModifiers:[{AttributeName:\"generic.movementSpeed\",Name:\"generic.movementSpeed\",Amount:-0.1,Operation:1,UUIDMost:68059,UUIDLeast:9394,Slot:\"chest\"},{AttributeName:\"generic.armor\",Name:\"generic.armor\",Amount:5,Operation:0,UUIDMost:103800,UUIDLeast:927750,Slot:\"chest\"}]}"
            }
          ]
        },
		{
          "type": "item",
          "name": "minecraft:golden_leggings",
          "weight": 1,
          "functions": [
            {
              "function": "set_nbt",
              "tag": "{display:{Name:\"{\\\"translate\\\":\\\"item.minecraft.golden_leggings\\\",\\\"color\\\":\\\"gray\\\"}\"},AttributeModifiers:[{AttributeName:\"generic.movementSpeed\",Name:\"generic.movementSpeed\",Amount:-0.1,Operation:1,UUIDMost:68059,UUIDLeast:9395,Slot:\"legs\"},{AttributeName:\"generic.armor\",Name:\"generic.armor\",Amount:3,Operation:0,UUIDMost:103800,UUIDLeast:927751,Slot:\"legs\"}]}"
            }
          ]
        },
		{
          "type": "item",
          "name": "minecraft:golden_boots",
          "weight": 1,
          "functions": [
            {
              "function": "set_nbt",
              "tag": "{display:{Name:\"{\\\"translate\\\":\\\"item.minecraft.golden_boots\\\",\\\"color\\\":\\\"gray\\\"}\"},AttributeModifiers:[{AttributeName:\"generic.movementSpeed\",Name:\"generic.movementSpeed\",Amount:-0.1,Operation:1,UUIDMost:68059,UUIDLeast:9396,Slot:\"feet\"},{AttributeName:\"generic.armor\",Name:\"generic.armor\",Amount:1,Operation:0,UUIDMost:103800,UUIDLeast:927752,Slot:\"feet\"}]}"
            }
          ]
        },
		{
          "type": "item",
          "name": "minecraft:golden_helmet",
          "weight": 1,
          "functions": [
            {
              "function": "set_nbt",
              "tag": "{display:{Name:\"{\\\"translate\\\":\\\"item.minecraft.golden_helmet\\\",\\\"color\\\":\\\"gray\\\"}\"},AttributeModifiers:[{AttributeName:\"generic.movementSpeed\",Name:\"generic.movementSpeed\",Amount:-0.05,Operation:1,UUIDMost:68050,UUIDLeast:9393,Slot:\"head\"},{AttributeName:\"generic.armor\",Name:\"generic.armor\",Amount:2,Operation:0,UUIDMost:103801,UUIDLeast:927759,Slot:\"head\"}]}"
            }
          ]
        },
		{
          "type": "item",
          "name": "minecraft:golden_chestplate",
          "weight": 1,
          "functions": [
            {
              "function": "set_nbt",
              "tag": "{display:{Name:\"{\\\"translate\\\":\\\"item.minecraft.golden_chestplate\\\",\\\"color\\\":\\\"gray\\\"}\"},AttributeModifiers:[{AttributeName:\"generic.movementSpeed\",Name:\"generic.movementSpeed\",Amount:-0.05,Operation:1,UUIDMost:68050,UUIDLeast:9394,Slot:\"chest\"},{AttributeName:\"generic.armor\",Name:\"generic.armor\",Amount:5,Operation:0,UUIDMost:103801,UUIDLeast:927750,Slot:\"chest\"}]}"
            }
          ]
        },
		{
          "type": "item",
          "name": "minecraft:golden_leggings",
          "weight": 1,
          "functions": [
            {
              "function": "set_nbt",
              "tag": "{display:{Name:\"{\\\"translate\\\":\\\"item.minecraft.golden_leggings\\\",\\\"color\\\":\\\"gray\\\"}\"},AttributeModifiers:[{AttributeName:\"generic.movementSpeed\",Name:\"generic.movementSpeed\",Amount:-0.05,Operation:1,UUIDMost:68050,UUIDLeast:9395,Slot:\"legs\"},{AttributeName:\"generic.armor\",Name:\"generic.armor\",Amount:3,Operation:0,UUIDMost:103801,UUIDLeast:927751,Slot:\"legs\"}]}"
            }
          ]
        },
		{
          "type": "item",
          "name": "minecraft:golden_boots",
          "weight": 1,
          "functions": [
            {
              "function": "set_nbt",
              "tag": "{display:{Name:\"{\\\"translate\\\":\\\"item.minecraft.golden_boots\\\",\\\"color\\\":\\\"gray\\\"}\"},AttributeModifiers:[{AttributeName:\"generic.movementSpeed\",Name:\"generic.movementSpeed\",Amount:-0.05,Operation:1,UUIDMost:68050,UUIDLeast:9396,Slot:\"feet\"},{AttributeName:\"generic.armor\",Name:\"generic.armor\",Amount:1,Operation:0,UUIDMost:103801,UUIDLeast:927752,Slot:\"feet\"}]}"
            }
          ]
        },
		{
          "type": "item",
          "name": "minecraft:diamond_helmet",
          "weight": 1,
          "functions": [
            {
              "function": "set_nbt",
              "tag": "{display:{Name:\"{\\\"translate\\\":\\\"item.minecraft.diamond_helmet\\\",\\\"color\\\":\\\"gray\\\"}\"},AttributeModifiers:[{AttributeName:\"generic.movementSpeed\",Name:\"generic.movementSpeed\",Amount:-0.15,Operation:1,UUIDMost:78058,UUIDLeast:9393,Slot:\"head\"},{AttributeName:\"generic.armor\",Name:\"generic.armor\",Amount:3,Operation:0,UUIDMost:113809,UUIDLeast:927759,Slot:\"head\"},{AttributeName:\"generic.armorToughness\",Name:\"generic.armorToughness\",Amount:2,Operation:0,UUIDMost:42569,UUIDLeast:417508,Slot:\"head\"}]}"
            }
          ]
        },
		{
          "type": "item",
          "name": "minecraft:diamond_chestplate",
          "weight": 1,
          "functions": [
            {
              "function": "set_nbt",
              "tag": "{display:{Name:\"{\\\"translate\\\":\\\"item.minecraft.diamond_chestplate\\\",\\\"color\\\":\\\"gray\\\"}\"},AttributeModifiers:[{AttributeName:\"generic.movementSpeed\",Name:\"generic.movementSpeed\",Amount:-0.15,Operation:1,UUIDMost:78058,UUIDLeast:9394,Slot:\"chest\"},{AttributeName:\"generic.armor\",Name:\"generic.armor\",Amount:8,Operation:0,UUIDMost:113809,UUIDLeast:927750,Slot:\"chest\"},{AttributeName:\"generic.armorToughness\",Name:\"generic.armorToughness\",Amount:2,Operation:0,UUIDMost:42569,UUIDLeast:417509,Slot:\"chest\"}]}"
            }
          ]
        },
		{
          "type": "item",
          "name": "minecraft:diamond_leggings",
          "weight": 1,
          "functions": [
            {
              "function": "set_nbt",
              "tag": "{display:{Name:\"{\\\"translate\\\":\\\"item.minecraft.diamond_leggings\\\",\\\"color\\\":\\\"gray\\\"}\"},AttributeModifiers:[{AttributeName:\"generic.movementSpeed\",Name:\"generic.movementSpeed\",Amount:-0.15,Operation:1,UUIDMost:78058,UUIDLeast:9395,Slot:\"legs\"},{AttributeName:\"generic.armor\",Name:\"generic.armor\",Amount:6,Operation:0,UUIDMost:113809,UUIDLeast:927751,Slot:\"legs\"},{AttributeName:\"generic.armorToughness\",Name:\"generic.armorToughness\",Amount:2,Operation:0,UUIDMost:42569,UUIDLeast:417500,Slot:\"legs\"}]}"
            }
          ]
        },
		{
          "type": "item",
          "name": "minecraft:diamond_boots",
          "weight": 1,
          "functions": [
            {
              "function": "set_nbt",
              "tag": "{display:{Name:\"{\\\"translate\\\":\\\"item.minecraft.diamond_boots\\\",\\\"color\\\":\\\"gray\\\"}\"},AttributeModifiers:[{AttributeName:\"generic.movementSpeed\",Name:\"generic.movementSpeed\",Amount:-0.15,Operation:1,UUIDMost:78058,UUIDLeast:9396,Slot:\"feet\"},{AttributeName:\"generic.armor\",Name:\"generic.armor\",Amount:3,Operation:0,UUIDMost:113809,UUIDLeast:927752,Slot:\"feet\"},{AttributeName:\"generic.armorToughness\",Name:\"generic.armorToughness\",Amount:2,Operation:0,UUIDMost:42569,UUIDLeast:417501,Slot:\"feet\"}]}"
            }
          ]
        },
		{
          "type": "item",
          "name": "minecraft:diamond_helmet",
          "weight": 1,
          "functions": [
            {
              "function": "set_nbt",
              "tag": "{display:{Name:\"{\\\"translate\\\":\\\"item.minecraft.diamond_helmet\\\",\\\"color\\\":\\\"gray\\\"}\"},AttributeModifiers:[{AttributeName:\"generic.movementSpeed\",Name:\"generic.movementSpeed\",Amount:-0.1,Operation:1,UUIDMost:78059,UUIDLeast:9393,Slot:\"head\"},{AttributeName:\"generic.armor\",Name:\"generic.armor\",Amount:3,Operation:0,UUIDMost:113800,UUIDLeast:927759,Slot:\"head\"},{AttributeName:\"generic.armorToughness\",Name:\"generic.armorToughness\",Amount:2,Operation:0,UUIDMost:42560,UUIDLeast:417508,Slot:\"head\"}]}"
            }
          ]
        },
		{
          "type": "item",
          "name": "minecraft:diamond_chestplate",
          "weight": 1,
          "functions": [
            {
              "function": "set_nbt",
              "tag": "{display:{Name:\"{\\\"translate\\\":\\\"item.minecraft.diamond_chestplate\\\",\\\"color\\\":\\\"gray\\\"}\"},AttributeModifiers:[{AttributeName:\"generic.movementSpeed\",Name:\"generic.movementSpeed\",Amount:-0.1,Operation:1,UUIDMost:78059,UUIDLeast:9394,Slot:\"chest\"},{AttributeName:\"generic.armor\",Name:\"generic.armor\",Amount:8,Operation:0,UUIDMost:113800,UUIDLeast:927750,Slot:\"chest\"},{AttributeName:\"generic.armorToughness\",Name:\"generic.armorToughness\",Amount:2,Operation:0,UUIDMost:42561,UUIDLeast:417508,Slot:\"chest\"}]}"
            }
          ]
        },
		{
          "type": "item",
          "name": "minecraft:diamond_leggings",
          "weight": 1,
          "functions": [
            {
              "function": "set_nbt",
              "tag": "{display:{Name:\"{\\\"translate\\\":\\\"item.minecraft.diamond_leggings\\\",\\\"color\\\":\\\"gray\\\"}\"},AttributeModifiers:[{AttributeName:\"generic.movementSpeed\",Name:\"generic.movementSpeed\",Amount:-0.1,Operation:1,UUIDMost:78059,UUIDLeast:9395,Slot:\"legs\"},{AttributeName:\"generic.armor\",Name:\"generic.armor\",Amount:6,Operation:0,UUIDMost:113800,UUIDLeast:927751,Slot:\"legs\"},{AttributeName:\"generic.armorToughness\",Name:\"generic.armorToughness\",Amount:2,Operation:0,UUIDMost:42562,UUIDLeast:417508,Slot:\"legs\"}]}"
            }
          ]
        },
		{
          "type": "item",
          "name": "minecraft:diamond_boots",
          "weight": 1,
          "functions": [
            {
              "function": "set_nbt",
              "tag": "{display:{Name:\"{\\\"translate\\\":\\\"item.minecraft.diamond_boots\\\",\\\"color\\\":\\\"gray\\\"}\"},AttributeModifiers:[{AttributeName:\"generic.movementSpeed\",Name:\"generic.movementSpeed\",Amount:-0.1,Operation:1,UUIDMost:78059,UUIDLeast:9396,Slot:\"feet\"},{AttributeName:\"generic.armor\",Name:\"generic.armor\",Amount:3,Operation:0,UUIDMost:113800,UUIDLeast:927752,Slot:\"feet\"},{AttributeName:\"generic.armorToughness\",Name:\"generic.armorToughness\",Amount:2,Operation:0,UUIDMost:42563,UUIDLeast:417508,Slot:\"feet\"}]}"
            }
          ]
        },
		{
          "type": "item",
          "name": "minecraft:diamond_helmet",
          "weight": 1,
          "functions": [
            {
              "function": "set_nbt",
              "tag": "{display:{Name:\"{\\\"translate\\\":\\\"item.minecraft.diamond_helmet\\\",\\\"color\\\":\\\"gray\\\"}\"},AttributeModifiers:[{AttributeName:\"generic.movementSpeed\",Name:\"generic.movementSpeed\",Amount:-0.05,Operation:1,UUIDMost:78050,UUIDLeast:9393,Slot:\"head\"},{AttributeName:\"generic.armor\",Name:\"generic.armor\",Amount:3,Operation:0,UUIDMost:113801,UUIDLeast:927759,Slot:\"head\"},{AttributeName:\"generic.armorToughness\",Name:\"generic.armorToughness\",Amount:2,Operation:0,UUIDMost:52569,UUIDLeast:417508,Slot:\"head\"}]}"
            }
          ]
        },
		{
          "type": "item",
          "name": "minecraft:diamond_chestplate",
          "weight": 1,
          "functions": [
            {
              "function": "set_nbt",
              "tag": "{display:{Name:\"{\\\"translate\\\":\\\"item.minecraft.diamond_chestplate\\\",\\\"color\\\":\\\"gray\\\"}\"},AttributeModifiers:[{AttributeName:\"generic.movementSpeed\",Name:\"generic.movementSpeed\",Amount:-0.05,Operation:1,UUIDMost:78050,UUIDLeast:9394,Slot:\"chest\"},{AttributeName:\"generic.armor\",Name:\"generic.armor\",Amount:8,Operation:0,UUIDMost:113801,UUIDLeast:927750,Slot:\"chest\"},{AttributeName:\"generic.armorToughness\",Name:\"generic.armorToughness\",Amount:2,Operation:0,UUIDMost:62569,UUIDLeast:417508,Slot:\"chest\"}]}"
            }
          ]
        },
		{
          "type": "item",
          "name": "minecraft:diamond_leggings",
          "weight": 1,
          "functions": [
            {
              "function": "set_nbt",
              "tag": "{display:{Name:\"{\\\"translate\\\":\\\"item.minecraft.diamond_leggings\\\",\\\"color\\\":\\\"gray\\\"}\"},AttributeModifiers:[{AttributeName:\"generic.movementSpeed\",Name:\"generic.movementSpeed\",Amount:-0.05,Operation:1,UUIDMost:78050,UUIDLeast:9395,Slot:\"legs\"},{AttributeName:\"generic.armor\",Name:\"generic.armor\",Amount:6,Operation:0,UUIDMost:113801,UUIDLeast:927751,Slot:\"legs\"},{AttributeName:\"generic.armorToughness\",Name:\"generic.armorToughness\",Amount:2,Operation:0,UUIDMost:72569,UUIDLeast:417508,Slot:\"legs\"}]}"
            }
          ]
        },
		{
          "type": "item",
          "name": "minecraft:diamond_boots",
          "weight": 1,
          "functions": [
            {
              "function": "set_nbt",
              "tag": "{display:{Name:\"{\\\"translate\\\":\\\"item.minecraft.diamond_boots\\\",\\\"color\\\":\\\"gray\\\"}\"},AttributeModifiers:[{AttributeName:\"generic.movementSpeed\",Name:\"generic.movementSpeed\",Amount:-0.05,Operation:1,UUIDMost:78050,UUIDLeast:9396,Slot:\"feet\"},{AttributeName:\"generic.armor\",Name:\"generic.armor\",Amount:3,Operation:0,UUIDMost:113801,UUIDLeast:927752,Slot:\"feet\"},{AttributeName:\"generic.armorToughness\",Name:\"generic.armorToughness\",Amount:2,Operation:0,UUIDMost:82569,UUIDLeast:417508,Slot:\"feet\"}]}"
            }
          ]
        }
      ]
    }
  ]
}