{
  "pools": [
    {
      "rolls": 1,
      "entries": [
        {
          "type": "item",
          "name": "minecraft:leather_helmet",
          "weight": 1,
          "functions": [
            {
              "function": "set_nbt",
              "tag": "{display:{Name:\"{\\\"text\\\":\\\"Casque d'Ouranos\\\",\\\"color\\\":\\\"blue\\\",\\\"italic\\\":\\\"false\\\"}\",Lore:[\"{\\\"text\\\":\\\"Ensemble légendaire : Essence de l'air\\\",\\\"color\\\":\\\"green\\\",\\\"italic\\\":\\\"false\\\"}\"]},AttributeModifiers:[{AttributeName:\"generic.maxHealth\",Name:\"generic.maxHealth\",Amount:-1,Operation:0,UUIDMost:83408,UUIDLeast:220056,Slot:\"head\"},{AttributeName:\"generic.movementSpeed\",Name:\"generic.movementSpeed\",Amount:0.075,Operation:1,UUIDMost:51426,UUIDLeast:943967,Slot:\"head\"},{AttributeName:\"generic.armor\",Name:\"generic.armor\",Amount:3,Operation:0,UUIDMost:33663,UUIDLeast:207217,Slot:\"head\"}]}"
            }
          ]
        },
        {
          "type": "item",
          "name": "minecraft:leather_chestplate",
          "weight": 1,
          "functions": [
            {
              "function": "set_nbt",
              "tag": "{display:{Name:\"{\\\"text\\\":\\\"Tunique d'Ouranos\\\",\\\"color\\\":\\\"blue\\\",\\\"italic\\\":\\\"false\\\"}\",Lore:[\"{\\\"text\\\":\\\"Ensemble légendaire : Essence de l'air\\\",\\\"color\\\":\\\"green\\\",\\\"italic\\\":\\\"false\\\"}\"]},AttributeModifiers:[{AttributeName:\"generic.maxHealth\",Name:\"generic.maxHealth\",Amount:-1,Operation:0,UUIDMost:83407,UUIDLeast:220055,Slot:\"chest\"},{AttributeName:\"generic.movementSpeed\",Name:\"generic.movementSpeed\",Amount:0.075,Operation:1,UUIDMost:51425,UUIDLeast:943957,Slot:\"chest\"},{AttributeName:\"generic.armor\",Name:\"generic.armor\",Amount:5,Operation:0,UUIDMost:33662,UUIDLeast:207216,Slot:\"chest\"}]}"
            }
          ]
        },
        {
          "type": "item",
          "name": "minecraft:leather_leggings",
          "weight": 1,
          "functions": [
            {
              "function": "set_nbt",
              "tag": "{display:{Name:\"{\\\"text\\\":\\\"Pantalon d'Ouranos\\\",\\\"color\\\":\\\"blue\\\",\\\"italic\\\":\\\"false\\\"}\",Lore:[\"{\\\"text\\\":\\\"Ensemble légendaire : Essence de l'air\\\",\\\"color\\\":\\\"green\\\",\\\"italic\\\":\\\"false\\\"}\"]},AttributeModifiers:[{AttributeName:\"generic.maxHealth\",Name:\"generic.maxHealth\",Amount:-1,Operation:0,UUIDMost:83406,UUIDLeast:220054,Slot:\"legs\"},{AttributeName:\"generic.movementSpeed\",Name:\"generic.movementSpeed\",Amount:0.075,Operation:1,UUIDMost:51424,UUIDLeast:943963,Slot:\"legs\"},{AttributeName:\"generic.armor\",Name:\"generic.armor\",Amount:4,Operation:0,UUIDMost:33661,UUIDLeast:207215,Slot:\"legs\"}]}"
            }
          ]
        },
        {
          "type": "item",
          "name": "minecraft:leather_boots",
          "weight": 1,
          "functions": [
            {
              "function": "set_nbt",
              "tag": "{display:{Name:\"{\\\"text\\\":\\\"Bottes d'Ouranos\\\",\\\"color\\\":\\\"blue\\\",\\\"italic\\\":\\\"false\\\"}\",Lore:[\"{\\\"text\\\":\\\"Ensemble légendaire : Essence de l'air\\\",\\\"color\\\":\\\"green\\\",\\\"italic\\\":\\\"false\\\"}\"]},AttributeModifiers:[{AttributeName:\"generic.maxHealth\",Name:\"generic.maxHealth\",Amount:-1,Operation:0,UUIDMost:83418,UUIDLeast:220046,Slot:\"feet\"},{AttributeName:\"generic.movementSpeed\",Name:\"generic.movementSpeed\",Amount:0.075,Operation:1,UUIDMost:51426,UUIDLeast:942977,Slot:\"feet\"},{AttributeName:\"generic.armor\",Name:\"generic.armor\",Amount:3,Operation:0,UUIDMost:33660,UUIDLeast:207214,Slot:\"feet\"}]}"
            }
          ]
        },
        {
          "type": "item",
          "name": "minecraft:iron_helmet",
          "weight": 1,
          "functions": [
            {
              "function": "set_nbt",
              "tag": "{display:{Name:\"{\\\"text\\\":\\\"Casque de Ga\u00efa\\\",\\\"color\\\":\\\"blue\\\",\\\"italic\\\":\\\"false\\\"}\",Lore:[\"{\\\"text\\\":\\\"Ensemble légendaire : Essence de la terre\\\",\\\"color\\\":\\\"green\\\",\\\"italic\\\":\\\"false\\\"}\"]},AttributeModifiers:[{AttributeName:\"generic.armorToughness\",Name:\"generic.armorToughness\",Amount:2,Operation:0,UUIDMost:55915,UUIDLeast:227221,Slot:\"head\"},{AttributeName:\"generic.armor\",Name:\"generic.armor\",Amount:3,Operation:0,UUIDMost:44530,UUIDLeast:981394,Slot:\"head\"}]}"
            }
          ]
        },
        {
          "type": "item",
          "name": "minecraft:iron_chestplate",
          "weight": 1,
          "functions": [
            {
              "function": "set_nbt",
              "tag": "{display:{Name:\"{\\\"text\\\":\\\"Plastron de Ga\u00efa\\\",\\\"color\\\":\\\"blue\\\",\\\"italic\\\":\\\"false\\\"}\",Lore:[\"{\\\"text\\\":\\\"Ensemble légendaire : Essence de la terre\\\",\\\"color\\\":\\\"green\\\",\\\"italic\\\":\\\"false\\\"}\"]},AttributeModifiers:[{AttributeName:\"generic.armorToughness\",Name:\"generic.armorToughness\",Amount:2,Operation:0,UUIDMost:55914,UUIDLeast:227220,Slot:\"chest\"},{AttributeName:\"generic.armor\",Name:\"generic.armor\",Amount:8,Operation:0,UUIDMost:44539,UUIDLeast:981393,Slot:\"chest\"}]}"
            }
          ]
        },
        {
          "type": "item",
          "name": "minecraft:iron_leggings",
          "weight": 1,
          "functions": [
            {
              "function": "set_nbt",
              "tag": "{display:{Name:\"{\\\"text\\\":\\\"Jambi\u00e8res de Ga\u00efa\\\",\\\"color\\\":\\\"blue\\\",\\\"italic\\\":\\\"false\\\"}\",Lore:[\"{\\\"text\\\":\\\"Ensemble légendaire : Essence de la terre\\\",\\\"color\\\":\\\"green\\\",\\\"italic\\\":\\\"false\\\"}\"]},AttributeModifiers:[{AttributeName:\"generic.armorToughness\",Name:\"generic.armorToughness\",Amount:2,Operation:0,UUIDMost:55912,UUIDLeast:227229,Slot:\"legs\"},{AttributeName:\"generic.armor\",Name:\"generic.armor\",Amount:6,Operation:0,UUIDMost:44538,UUIDLeast:981392,Slot:\"legs\"}]}"
            }
          ]
        },
        {
          "type": "item",
          "name": "minecraft:iron_boots",
          "weight": 1,
          "functions": [
            {
              "function": "set_nbt",
              "tag": "{display:{Name:\"{\\\"text\\\":\\\"Bottes de Ga\u00efa\\\",\\\"color\\\":\\\"blue\\\",\\\"italic\\\":\\\"false\\\"}\",Lore:[\"{\\\"text\\\":\\\"Ensemble légendaire : Essence de la terre\\\",\\\"color\\\":\\\"green\\\",\\\"italic\\\":\\\"false\\\"}\"]},AttributeModifiers:[{AttributeName:\"generic.armorToughness\",Name:\"generic.armorToughness\",Amount:2,Operation:0,UUIDMost:55919,UUIDLeast:227227,Slot:\"feet\"},{AttributeName:\"generic.armor\",Name:\"generic.armor\",Amount:3,Operation:0,UUIDMost:44537,UUIDLeast:981391,Slot:\"feet\"}]}"
            }
          ]
        },
        {
          "type": "item",
          "name": "minecraft:chainmail_helmet",
          "weight": 1,
          "functions": [
            {
              "function": "set_nbt",
              "tag": "{display:{Name:\"{\\\"text\\\":\\\"Casque du Tartare\\\",\\\"color\\\":\\\"blue\\\",\\\"italic\\\":\\\"false\\\"}\",Lore:[\"{\\\"text\\\":\\\"Ensemble légendaire : Essence du feu\\\",\\\"color\\\":\\\"green\\\",\\\"italic\\\":\\\"false\\\"}\"]},AttributeModifiers:[{AttributeName:\"generic.attackDamage\",Name:\"generic.attackDamage\",Amount:0.075,Operation:1,UUIDMost:13618,UUIDLeast:828287,Slot:\"head\"},{AttributeName:\"generic.armor\",Name:\"generic.armor\",Amount:3,Operation:0,UUIDMost:65,UUIDLeast:228708,Slot:\"head\"}]}"
            }
          ]
        },
        {
          "type": "item",
          "name": "minecraft:chainmail_chestplate",
          "weight": 1,
          "functions": [
            {
              "function": "set_nbt",
              "tag": "{display:{Name:\"{\\\"text\\\":\\\"Plastron du Tartare\\\",\\\"color\\\":\\\"blue\\\",\\\"italic\\\":\\\"false\\\"}\",Lore:[\"{\\\"text\\\":\\\"Ensemble légendaire : Essence du feu\\\",\\\"color\\\":\\\"green\\\",\\\"italic\\\":\\\"false\\\"}\"]},AttributeModifiers:[{AttributeName:\"generic.attackDamage\",Name:\"generic.attackDamage\",Amount:0.075,Operation:1,UUIDMost:13617,UUIDLeast:828286,Slot:\"chest\"},{AttributeName:\"generic.armor\",Name:\"generic.armor\",Amount:7,Operation:0,UUIDMost:64,UUIDLeast:228707,Slot:\"chest\"}]}"
            }
          ]
        },
        {
          "type": "item",
          "name": "minecraft:chainmail_leggings",
          "weight": 1,
          "functions": [
            {
              "function": "set_nbt",
              "tag": "{display:{Name:\"{\\\"text\\\":\\\"Jambi\u00e8res du Tartare\\\",\\\"color\\\":\\\"blue\\\",\\\"italic\\\":\\\"false\\\"}\",Lore:[\"{\\\"text\\\":\\\"Ensemble légendaire : Essence du feu\\\",\\\"color\\\":\\\"green\\\",\\\"italic\\\":\\\"false\\\"}\"]},AttributeModifiers:[{AttributeName:\"generic.attackDamage\",Name:\"generic.attackDamage\",Amount:0.075,Operation:1,UUIDMost:13616,UUIDLeast:828285,Slot:\"legs\"},{AttributeName:\"generic.armor\",Name:\"generic.armor\",Amount:6,Operation:0,UUIDMost:63,UUIDLeast:228706,Slot:\"legs\"}]}"
            }
          ]
        },
        {
          "type": "item",
          "name": "minecraft:chainmail_boots",
          "weight": 1,
          "functions": [
            {
              "function": "set_nbt",
              "tag": "{display:{Name:\"{\\\"text\\\":\\\"Bottes du Tartare\\\",\\\"color\\\":\\\"blue\\\",\\\"italic\\\":\\\"false\\\"}\",Lore:[\"{\\\"text\\\":\\\"Ensemble légendaire : Essence du feu\\\",\\\"color\\\":\\\"green\\\",\\\"italic\\\":\\\"false\\\"}\"]},AttributeModifiers:[{AttributeName:\"generic.attackDamage\",Name:\"generic.attackDamage\",Amount:0.075,Operation:1,UUIDMost:13614,UUIDLeast:828283,Slot:\"feet\"},{AttributeName:\"generic.armor\",Name:\"generic.armor\",Amount:3,Operation:0,UUIDMost:62,UUIDLeast:228705,Slot:\"feet\"}]}"
            }
          ]
        },
        {
          "type": "item",
          "name": "minecraft:golden_helmet",
          "weight": 1,
          "functions": [
            {
              "function": "set_nbt",
              "tag": "{display:{Name:\"{\\\"text\\\":\\\"Casque de Th\u00e9tys\\\",\\\"color\\\":\\\"blue\\\",\\\"italic\\\":\\\"false\\\"}\",Lore:[\"{\\\"text\\\":\\\"Ensemble légendaire : Essence de l'eau\\\",\\\"color\\\":\\\"green\\\",\\\"italic\\\":\\\"false\\\"}\"]},AttributeModifiers:[{AttributeName:\"generic.attackSpeed\",Name:\"generic.attackSpeed\",Amount:0.075,Operation:1,UUIDMost:89832,UUIDLeast:897033,Slot:\"head\"},{AttributeName:\"generic.armor\",Name:\"generic.armor\",Amount:3,Operation:0,UUIDMost:47555,UUIDLeast:288509,Slot:\"head\"}]}"
            }
          ]
        },
        {
          "type": "item",
          "name": "minecraft:golden_chestplate",
          "weight": 1,
          "functions": [
            {
              "function": "set_nbt",
              "tag": "{display:{Name:\"{\\\"text\\\":\\\"Plastron de Th\u00e9tys\\\",\\\"color\\\":\\\"blue\\\",\\\"italic\\\":\\\"false\\\"}\",Lore:[\"{\\\"text\\\":\\\"Ensemble légendaire : Essence de l'eau\\\",\\\"color\\\":\\\"green\\\",\\\"italic\\\":\\\"false\\\"}\"]},AttributeModifiers:[{AttributeName:\"generic.attackSpeed\",Name:\"generic.attackSpeed\",Amount:0.075,Operation:1,UUIDMost:89831,UUIDLeast:897032,Slot:\"chest\"},{AttributeName:\"generic.armor\",Name:\"generic.armor\",Amount:7,Operation:0,UUIDMost:47554,UUIDLeast:288508,Slot:\"chest\"}]}"
            }
          ]
        },
        {
          "type": "item",
          "name": "minecraft:golden_leggings",
          "weight": 1,
          "functions": [
            {
              "function": "set_nbt",
              "tag": "{display:{Name:\"{\\\"text\\\":\\\"Jambi\u00e8res de Th\u00e9tys\\\",\\\"color\\\":\\\"blue\\\",\\\"italic\\\":\\\"false\\\"}\",Lore:[\"{\\\"text\\\":\\\"Ensemble légendaire : Essence de l'eau\\\",\\\"color\\\":\\\"green\\\",\\\"italic\\\":\\\"false\\\"}\"]},AttributeModifiers:[{AttributeName:\"generic.attackSpeed\",Name:\"generic.attackSpeed\",Amount:0.075,Operation:1,UUIDMost:89839,UUIDLeast:897048,Slot:\"legs\"},{AttributeName:\"generic.armor\",Name:\"generic.armor\",Amount:5,Operation:0,UUIDMost:47553,UUIDLeast:288507,Slot:\"legs\"}]}"
            }
          ]
        },
        {
          "type": "item",
          "name": "minecraft:golden_boots",
          "weight": 1,
          "functions": [
            {
              "function": "set_nbt",
              "tag": "{display:{Name:\"{\\\"text\\\":\\\"Bottes de Th\u00e9tys\\\",\\\"color\\\":\\\"blue\\\",\\\"italic\\\":\\\"false\\\"}\",Lore:[\"{\\\"text\\\":\\\"Ensemble légendaire : Essence de l'eau\\\",\\\"color\\\":\\\"green\\\",\\\"italic\\\":\\\"false\\\"}\"]},AttributeModifiers:[{AttributeName:\"generic.attackSpeed\",Name:\"generic.attackSpeed\",Amount:0.075,Operation:1,UUIDMost:89835,UUIDLeast:897044,Slot:\"feet\"},{AttributeName:\"generic.armor\",Name:\"generic.armor\",Amount:3,Operation:0,UUIDMost:47552,UUIDLeast:288506,Slot:\"feet\"}]}"
            }
          ]
        },
        {
          "type": "item",
          "name": "minecraft:diamond_helmet",
          "weight": 1,
          "functions": [
            {
              "function": "set_nbt",
              "tag": "{display:{Name:\"{\\\"text\\\":\\\"Casque d'Ether\\\",\\\"color\\\":\\\"blue\\\",\\\"italic\\\":\\\"false\\\"}\",Lore:[\"{\\\"text\\\":\\\"Ensemble légendaire : Essence du vide\\\",\\\"color\\\":\\\"green\\\",\\\"italic\\\":\\\"false\\\"}\"]},AttributeModifiers:[{AttributeName:\"generic.maxHealth\",Name:\"generic.maxHealth\",Amount:2,Operation:0,UUIDMost:83791,UUIDLeast:162253,Slot:\"head\"},{AttributeName:\"generic.armor\",Name:\"generic.armor\",Amount:3,Operation:0,UUIDMost:38777,UUIDLeast:394656,Slot:\"head\"},{AttributeName:\"generic.armorToughness\",Name:\"generic.armorToughness\",Amount:2,Operation:0,UUIDMost:42828,UUIDLeast:116628,Slot:\"head\"}]}"
            }
          ]
        },
        {
          "type": "item",
          "name": "minecraft:diamond_chestplate",
          "weight": 1,
          "functions": [
            {
              "function": "set_nbt",
              "tag": "{display:{Name:\"{\\\"text\\\":\\\"Plastron d'Ether\\\",\\\"color\\\":\\\"blue\\\",\\\"italic\\\":\\\"false\\\"}\",Lore:[\"{\\\"text\\\":\\\"Ensemble légendaire : Essence du vide\\\",\\\"color\\\":\\\"green\\\",\\\"italic\\\":\\\"false\\\"}\"]},AttributeModifiers:[{AttributeName:\"generic.maxHealth\",Name:\"generic.maxHealth\",Amount:2,Operation:0,UUIDMost:83790,UUIDLeast:162252,Slot:\"chest\"},{AttributeName:\"generic.armor\",Name:\"generic.armor\",Amount:8,Operation:0,UUIDMost:38776,UUIDLeast:394655,Slot:\"chest\"},{AttributeName:\"generic.armorToughness\",Name:\"generic.armorToughness\",Amount:2,Operation:0,UUIDMost:42827,UUIDLeast:116627,Slot:\"chest\"}]}"
            }
          ]
        },
        {
          "type": "item",
          "name": "minecraft:diamond_leggings",
          "weight": 1,
          "functions": [
            {
              "function": "set_nbt",
              "tag": "{display:{Name:\"{\\\"text\\\":\\\"Jambi\u00e8res d'Ether\\\",\\\"color\\\":\\\"blue\\\",\\\"italic\\\":\\\"false\\\"}\",Lore:[\"{\\\"text\\\":\\\"Ensemble légendaire : Essence du vide\\\",\\\"color\\\":\\\"green\\\",\\\"italic\\\":\\\"false\\\"}\"]},AttributeModifiers:[{AttributeName:\"generic.maxHealth\",Name:\"generic.maxHealth\",Amount:2,Operation:0,UUIDMost:83799,UUIDLeast:162251,Slot:\"legs\"},{AttributeName:\"generic.armor\",Name:\"generic.armor\",Amount:6,Operation:0,UUIDMost:38775,UUIDLeast:394654,Slot:\"legs\"},{AttributeName:\"generic.armorToughness\",Name:\"generic.armorToughness\",Amount:2,Operation:0,UUIDMost:42826,UUIDLeast:116626,Slot:\"legs\"}]}"
            }
          ]
        },
        {
          "type": "item",
          "name": "minecraft:diamond_boots",
          "weight": 1,
          "functions": [
            {
              "function": "set_nbt",
              "tag": "{display:{Name:\"{\\\"text\\\":\\\"Bottes d'Ether\\\",\\\"color\\\":\\\"blue\\\",\\\"italic\\\":\\\"false\\\"}\",Lore:[\"{\\\"text\\\":\\\"Ensemble légendaire : Essence du vide\\\",\\\"color\\\":\\\"green\\\",\\\"italic\\\":\\\"false\\\"}\"]},AttributeModifiers:[{AttributeName:\"generic.maxHealth\",Name:\"generic.maxHealth\",Amount:2,Operation:0,UUIDMost:83787,UUIDLeast:162256,Slot:\"feet\"},{AttributeName:\"generic.armor\",Name:\"generic.armor\",Amount:3,Operation:0,UUIDMost:38774,UUIDLeast:394653,Slot:\"feet\"},{AttributeName:\"generic.armorToughness\",Name:\"generic.armorToughness\",Amount:2,Operation:0,UUIDMost:42825,UUIDLeast:116625,Slot:\"feet\"}]}"
            }
          ]
        }
      ]
    }
  ]
}