{
  "pools": [
    {
      "rolls": 1,
      "entries": [
        {
          "type": "item",
          "name": "minecraft:leather_helmet",
          "weight": 1,
          "functions": [
            {
              "function": "set_nbt",
              "tag": "{display:{Name:\"{\\\"text\\\":\\\"Casque du charbonnier\\\",\\\"color\\\":\\\"gray\\\",\\\"italic\\\":\\\"false\\\"}\",Lore:[\"{\\\"text\\\":\\\"Ensemble légendaire : Chercheur de charbon\\\",\\\"color\\\":\\\"green\\\",\\\"italic\\\":\\\"false\\\"}\"],color:0}}"
            }
          ]
        },
		{
          "type": "item",
          "name": "minecraft:leather_chestplate",
          "weight": 1,
          "functions": [
            {
              "function": "set_nbt",
              "tag": "{display:{Name:\"{\\\"text\\\":\\\"Plastron du charbonnier\\\",\\\"color\\\":\\\"gray\\\",\\\"italic\\\":\\\"false\\\"}\",Lore:[\"{\\\"text\\\":\\\"Ensemble légendaire : Chercheur de charbon\\\",\\\"color\\\":\\\"green\\\",\\\"italic\\\":\\\"false\\\"}\"],color:0}}"
            }
          ]
        },
		{
          "type": "item",
          "name": "minecraft:leather_leggings",
          "weight": 1,
          "functions": [
            {
              "function": "set_nbt",
              "tag": "{display:{Name:\"{\\\"text\\\":\\\"Cuissardes du charbonnier\\\",\\\"color\\\":\\\"gray\\\",\\\"italic\\\":\\\"false\\\"}\",Lore:[\"{\\\"text\\\":\\\"Ensemble légendaire : Chercheur de charbon\\\",\\\"color\\\":\\\"green\\\",\\\"italic\\\":\\\"false\\\"}\"],color:0}}"
            }
          ]
        },
		{
          "type": "item",
          "name": "minecraft:leather_boots",
          "weight": 1,
          "functions": [
            {
              "function": "set_nbt",
              "tag": "{display:{Name:\"{\\\"text\\\":\\\"Bottes du charbonnier\\\",\\\"color\\\":\\\"gray\\\",\\\"italic\\\":\\\"false\\\"}\",Lore:[\"{\\\"text\\\":\\\"Ensemble légendaire : Chercheur de charbon\\\",\\\"color\\\":\\\"green\\\",\\\"italic\\\":\\\"false\\\"}\"],color:0}}"
            }
          ]
        },
		{
          "type": "item",
          "name": "minecraft:leather_helmet",
          "weight": 1,
          "functions": [
            {
              "function": "set_nbt",
              "tag": "{display:{Name:\"{\\\"text\\\":\\\"Casque du diamantaire\\\",\\\"color\\\":\\\"gray\\\",\\\"italic\\\":\\\"false\\\"}\",Lore:[\"{\\\"text\\\":\\\"Ensemble légendaire : Chercheur de diamant\\\",\\\"color\\\":\\\"green\\\",\\\"italic\\\":\\\"false\\\"}\"],color:64767}}"
            }
          ]
        },
		{
          "type": "item",
          "name": "minecraft:leather_chestplate",
          "weight": 1,
          "functions": [
            {
              "function": "set_nbt",
              "tag": "{display:{Name:\"{\\\"text\\\":\\\"Plastron du diamantaire\\\",\\\"color\\\":\\\"gray\\\",\\\"italic\\\":\\\"false\\\"}\",Lore:[\"{\\\"text\\\":\\\"Ensemble légendaire : Chercheur de diamant\\\",\\\"color\\\":\\\"green\\\",\\\"italic\\\":\\\"false\\\"}\"],color:64767}}"
            }
          ]
        },
		{
          "type": "item",
          "name": "minecraft:leather_leggings",
          "weight": 1,
          "functions": [
            {
              "function": "set_nbt",
              "tag": "{display:{Name:\"{\\\"text\\\":\\\"Cuissardes du diamantaire\\\",\\\"color\\\":\\\"gray\\\",\\\"italic\\\":\\\"false\\\"}\",Lore:[\"{\\\"text\\\":\\\"Ensemble légendaire : Chercheur de diamant\\\",\\\"color\\\":\\\"green\\\",\\\"italic\\\":\\\"false\\\"}\"],color:64767}}"
            }
          ]
        },
		{
          "type": "item",
          "name": "minecraft:leather_boots",
          "weight": 1,
          "functions": [
            {
              "function": "set_nbt",
              "tag": "{display:{Name:\"{\\\"text\\\":\\\"Bottes du diamantaire\\\",\\\"color\\\":\\\"gray\\\",\\\"italic\\\":\\\"false\\\"}\",Lore:[\"{\\\"text\\\":\\\"Ensemble légendaire : Chercheur de diamant\\\",\\\"color\\\":\\\"green\\\",\\\"italic\\\":\\\"false\\\"}\"],color:64767}}"
            }
          ]
        },
		{
          "type": "item",
          "name": "minecraft:leather_helmet",
          "weight": 1,
          "functions": [
            {
              "function": "set_nbt",
              "tag": "{display:{Name:\"{\\\"text\\\":\\\"Casque du gemmologue\\\",\\\"color\\\":\\\"gray\\\",\\\"italic\\\":\\\"false\\\"}\",Lore:[\"{\\\"text\\\":\\\"Ensemble légendaire : Chercheur d'émeraude\\\",\\\"color\\\":\\\"green\\\",\\\"italic\\\":\\\"false\\\"}\"],color:52540}}"
            }
          ]
        },
		{
          "type": "item",
          "name": "minecraft:leather_chestplate",
          "weight": 1,
          "functions": [
            {
              "function": "set_nbt",
              "tag": "{display:{Name:\"{\\\"text\\\":\\\"Plastron du gemmologue\\\",\\\"color\\\":\\\"gray\\\",\\\"italic\\\":\\\"false\\\"}\",Lore:[\"{\\\"text\\\":\\\"Ensemble légendaire : Chercheur d'émeraude\\\",\\\"color\\\":\\\"green\\\",\\\"italic\\\":\\\"false\\\"}\"],color:52540}}"
            }
          ]
        },
		{
          "type": "item",
          "name": "minecraft:leather_leggings",
          "weight": 1,
          "functions": [
            {
              "function": "set_nbt",
              "tag": "{display:{Name:\"{\\\"text\\\":\\\"Cuissardes du gemmologue\\\",\\\"color\\\":\\\"gray\\\",\\\"italic\\\":\\\"false\\\"}\",Lore:[\"{\\\"text\\\":\\\"Ensemble légendaire : Chercheur d'émeraude\\\",\\\"color\\\":\\\"green\\\",\\\"italic\\\":\\\"false\\\"}\"],color:52540}}"
            }
          ]
        },
		{
          "type": "item",
          "name": "minecraft:leather_boots",
          "weight": 1,
          "functions": [
            {
              "function": "set_nbt",
              "tag": "{display:{Name:\"{\\\"text\\\":\\\"Bottes du gemmologue\\\",\\\"color\\\":\\\"gray\\\",\\\"italic\\\":\\\"false\\\"}\",Lore:[\"{\\\"text\\\":\\\"Ensemble légendaire : Chercheur d'émeraude\\\",\\\"color\\\":\\\"green\\\",\\\"italic\\\":\\\"false\\\"}\"],color:52540}}"
            }
          ]
        },
		{
          "type": "item",
          "name": "minecraft:leather_helmet",
          "weight": 1,
          "functions": [
            {
              "function": "set_nbt",
              "tag": "{display:{Name:\"{\\\"text\\\":\\\"Casque d'orpailleur\\\",\\\"color\\\":\\\"gray\\\",\\\"italic\\\":\\\"false\\\"}\",Lore:[\"{\\\"text\\\":\\\"Ensemble légendaire : Chercheur d'or\\\",\\\"color\\\":\\\"green\\\",\\\"italic\\\":\\\"false\\\"}\"],color:13028608}}"
            }
          ]
        },
		{
          "type": "item",
          "name": "minecraft:leather_chestplate",
          "weight": 1,
          "functions": [
            {
              "function": "set_nbt",
              "tag": "{display:{Name:\"{\\\"text\\\":\\\"Plastron d'orpailleur\\\",\\\"color\\\":\\\"gray\\\",\\\"italic\\\":\\\"false\\\"}\",Lore:[\"{\\\"text\\\":\\\"Ensemble légendaire : Chercheur d'or\\\",\\\"color\\\":\\\"green\\\",\\\"italic\\\":\\\"false\\\"}\"],color:13028608}}"
            }
          ]
        },
		{
          "type": "item",
          "name": "minecraft:leather_leggings",
          "weight": 1,
          "functions": [
            {
              "function": "set_nbt",
              "tag": "{display:{Name:\"{\\\"text\\\":\\\"Cuissardes d'orpailleur\\\",\\\"color\\\":\\\"gray\\\",\\\"italic\\\":\\\"false\\\"}\",Lore:[\"{\\\"text\\\":\\\"Ensemble légendaire : Chercheur d'or\\\",\\\"color\\\":\\\"green\\\",\\\"italic\\\":\\\"false\\\"}\"],color:13028608}}"
            }
          ]
        },
		{
          "type": "item",
          "name": "minecraft:leather_boots",
          "weight": 1,
          "functions": [
            {
              "function": "set_nbt",
              "tag": "{display:{Name:\"{\\\"text\\\":\\\"Bottes d'orpailleur\\\",\\\"color\\\":\\\"gray\\\",\\\"italic\\\":\\\"false\\\"}\",Lore:[\"{\\\"text\\\":\\\"Ensemble légendaire : Chercheur d'or\\\",\\\"color\\\":\\\"green\\\",\\\"italic\\\":\\\"false\\\"}\"],color:13028608}}"
            }
          ]
        },
		{
          "type": "item",
          "name": "minecraft:leather_helmet",
          "weight": 1,
          "functions": [
            {
              "function": "set_nbt",
              "tag": "{display:{Name:\"{\\\"text\\\":\\\"Casque du métallurgiste\\\",\\\"color\\\":\\\"gray\\\",\\\"italic\\\":\\\"false\\\"}\",Lore:[\"{\\\"text\\\":\\\"Ensemble légendaire : Chercheur de fer\\\",\\\"color\\\":\\\"green\\\",\\\"italic\\\":\\\"false\\\"}\"],color:13290186}}"
            }
          ]
        },
		{
          "type": "item",
          "name": "minecraft:leather_chestplate",
          "weight": 1,
          "functions": [
            {
              "function": "set_nbt",
              "tag": "{display:{Name:\"{\\\"text\\\":\\\"Plastron du métallurgiste\\\",\\\"color\\\":\\\"gray\\\",\\\"italic\\\":\\\"false\\\"}\",Lore:[\"{\\\"text\\\":\\\"Ensemble légendaire : Chercheur de fer\\\",\\\"color\\\":\\\"green\\\",\\\"italic\\\":\\\"false\\\"}\"],color:13290186}}"
            }
          ]
        },
		{
          "type": "item",
          "name": "minecraft:leather_leggings",
          "weight": 1,
          "functions": [
            {
              "function": "set_nbt",
              "tag": "{display:{Name:\"{\\\"text\\\":\\\"Cuissardes du métallurgiste\\\",\\\"color\\\":\\\"gray\\\",\\\"italic\\\":\\\"false\\\"}\",Lore:[\"{\\\"text\\\":\\\"Ensemble légendaire : Chercheur de fer\\\",\\\"color\\\":\\\"green\\\",\\\"italic\\\":\\\"false\\\"}\"],color:13290186}}"
            }
          ]
        },
		{
          "type": "item",
          "name": "minecraft:leather_boots",
          "weight": 1,
          "functions": [
            {
              "function": "set_nbt",
              "tag": "{display:{Name:\"{\\\"text\\\":\\\"Bottes du métallurgiste\\\",\\\"color\\\":\\\"gray\\\",\\\"italic\\\":\\\"false\\\"}\",Lore:[\"{\\\"text\\\":\\\"Ensemble légendaire : Chercheur de fer\\\",\\\"color\\\":\\\"green\\\",\\\"italic\\\":\\\"false\\\"}\"],color:13290186}}"
            }
          ]
        },
		{
          "type": "item",
          "name": "minecraft:leather_helmet",
          "weight": 1,
          "functions": [
            {
              "function": "set_nbt",
              "tag": "{display:{Name:\"{\\\"text\\\":\\\"Casque du géologue\\\",\\\"color\\\":\\\"gray\\\",\\\"italic\\\":\\\"false\\\"}\",Lore:[\"{\\\"text\\\":\\\"Ensemble légendaire : Chercheur de lapis\\\",\\\"color\\\":\\\"green\\\",\\\"italic\\\":\\\"false\\\"}\"],color:5887}}"
            }
          ]
        },
		{
          "type": "item",
          "name": "minecraft:leather_chestplate",
          "weight": 1,
          "functions": [
            {
              "function": "set_nbt",
              "tag": "{display:{Name:\"{\\\"text\\\":\\\"Plastron du géologue\\\",\\\"color\\\":\\\"gray\\\",\\\"italic\\\":\\\"false\\\"}\",Lore:[\"{\\\"text\\\":\\\"Ensemble légendaire : Chercheur de lapis\\\",\\\"color\\\":\\\"green\\\",\\\"italic\\\":\\\"false\\\"}\"],color:5887}}"
            }
          ]
        },
		{
          "type": "item",
          "name": "minecraft:leather_leggings",
          "weight": 1,
          "functions": [
            {
              "function": "set_nbt",
              "tag": "{display:{Name:\"{\\\"text\\\":\\\"Cuissardes du géologue\\\",\\\"color\\\":\\\"gray\\\",\\\"italic\\\":\\\"false\\\"}\",Lore:[\"{\\\"text\\\":\\\"Ensemble légendaire : Chercheur de lapis\\\",\\\"color\\\":\\\"green\\\",\\\"italic\\\":\\\"false\\\"}\"],color:5887}}"
            }
          ]
        },
		{
          "type": "item",
          "name": "minecraft:leather_boots",
          "weight": 1,
          "functions": [
            {
              "function": "set_nbt",
              "tag": "{display:{Name:\"{\\\"text\\\":\\\"Bottes du géologue\\\",\\\"color\\\":\\\"gray\\\",\\\"italic\\\":\\\"false\\\"}\",Lore:[\"{\\\"text\\\":\\\"Ensemble légendaire : Chercheur de lapis\\\",\\\"color\\\":\\\"green\\\",\\\"italic\\\":\\\"false\\\"}\"],color:5887}}"
            }
          ]
        },
		{
          "type": "item",
          "name": "minecraft:leather_helmet",
          "weight": 1,
          "functions": [
            {
              "function": "set_nbt",
              "tag": "{display:{Name:\"{\\\"text\\\":\\\"Casque du rougeologue\\\",\\\"color\\\":\\\"gray\\\",\\\"italic\\\":\\\"false\\\"}\",Lore:[\"{\\\"text\\\":\\\"Ensemble légendaire : Chercheur de redstone\\\",\\\"color\\\":\\\"green\\\",\\\"italic\\\":\\\"false\\\"}\"],color:16711680}}"
            }
          ]
        },
		{
          "type": "item",
          "name": "minecraft:leather_chestplate",
          "weight": 1,
          "functions": [
            {
              "function": "set_nbt",
              "tag": "{display:{Name:\"{\\\"text\\\":\\\"Plastron du rougeologue\\\",\\\"color\\\":\\\"gray\\\",\\\"italic\\\":\\\"false\\\"}\",Lore:[\"{\\\"text\\\":\\\"Ensemble légendaire : Chercheur de redstone\\\",\\\"color\\\":\\\"green\\\",\\\"italic\\\":\\\"false\\\"}\"],color:16711680}}"
            }
          ]
        },
		{
          "type": "item",
          "name": "minecraft:leather_leggings",
          "weight": 1,
          "functions": [
            {
              "function": "set_nbt",
              "tag": "{display:{Name:\"{\\\"text\\\":\\\"Cuissardes du rougeologue\\\",\\\"color\\\":\\\"gray\\\",\\\"italic\\\":\\\"false\\\"}\",Lore:[\"{\\\"text\\\":\\\"Ensemble légendaire : Chercheur de redstone\\\",\\\"color\\\":\\\"green\\\",\\\"italic\\\":\\\"false\\\"}\"],color:16711680}}"
            }
          ]
        },
		{
          "type": "item",
          "name": "minecraft:leather_boots",
          "weight": 1,
          "functions": [
            {
              "function": "set_nbt",
              "tag": "{display:{Name:\"{\\\"text\\\":\\\"Bottes du rougeologue\\\",\\\"color\\\":\\\"gray\\\",\\\"italic\\\":\\\"false\\\"}\",Lore:[\"{\\\"text\\\":\\\"Ensemble légendaire : Chercheur de redstone\\\",\\\"color\\\":\\\"green\\\",\\\"italic\\\":\\\"false\\\"}\"],color:16711680}}"
            }
          ]
        }
      ]
    }
  ]
}