{
  "parent": "inferentiel:demiurge/root",
  "display": {
    "icon": {
      "item": "minecraft:leather_helmet"
    },
    "title": {
      "translate": "subtitles.entity.snow_golem.hurt"
    },
	"description": "",
    "frame": "task",
    "show_toast": true,
    "announce_to_chat": true,
    "hidden": false
  },
  "rewards": {
    "recipes": [
      "minecraft:leather_helmet"
    ]
  },
  "criteria": {
    "low_damage": {
      "trigger": "minecraft:impossible"
    }
  },
  "requirements": [
    [
      "low_damage"
    ]
  ]
}