{
  "parent": "inferentiel:demiurge/damage_low",
  "display": {
    "icon": {
      "item": "minecraft:leather_boots"
    },
    "title": {
      "translate": "subtitles.entity.cat.hurt"
    },
	"description": "",
    "frame": "task",
    "show_toast": true,
    "announce_to_chat": true,
    "hidden": true
  },
  "rewards": {
    "recipes": [
      "minecraft:leather_boots"
    ]
  },
  "criteria": {
    "medium_damage": {
      "trigger": "minecraft:impossible"
    }
  },
  "requirements": [
    [
      "medium_damage"
    ]
  ]
}