{
  "parent": "inferentiel:demiurge/damage_high",
  "display": {
    "icon": {
      "item": "minecraft:leather_chestplate"
    },
    "title": {
      "translate": "subtitles.entity.player.hurt"
    },
	"description": "",
    "frame": "task",
    "show_toast": true,
    "announce_to_chat": true,
    "hidden": false
  },
  "rewards": {
    "recipes": [
      "minecraft:leather_chestplate"
    ]
  },
  "criteria": {
    "too_much_damage": {
      "trigger": "minecraft:impossible"
    }
  },
  "requirements": [
    [
      "too_much_damage"
    ]
  ]
}