{
  "parent": "inferentiel:demiurge/root",
  "display": {
    "icon": {
      "item": "minecraft:player_head"
    },
    "title": {
      "translate": "subtitles.entity.generic.hurt"
    },
	"description": "",
    "frame": "task",
    "show_toast": true,
    "announce_to_chat": true,
    "hidden": false
  },
  "rewards": {
    "recipes": [
      "minecraft:stone_sword"
    ]
  },
  "criteria": {
    "killed_low": {
      "trigger": "minecraft:impossible"
    }
  },
  "requirements": [
    [
      "killed_low"
    ]
  ]
}