{
  "parent": "inferentiel:demiurge/mined_high",
  "display": {
    "icon": {
      "item": "minecraft:bedrock"
    },
    "title": {
      "translate": "item.unbreakable"
    },
	"description": "",
    "frame": "task",
    "show_toast": true,
    "announce_to_chat": true,
    "hidden": true
  },
  "rewards": {
    "recipes": [
	  "inferentiel:sand_from_blasting",
	  "inferentiel:gravel_from_blasting"
    ]
  },
  "criteria": {
    "mined_medium": {
      "trigger": "minecraft:impossible"
    }
  },
  "requirements": [
    [
      "mined_medium"
    ]
  ]
}