{
  "parent": "inferentiel:demiurge/mined_medium",
  "display": {
    "icon": {
      "item": "minecraft:stone_bricks"
    },
    "title": {
      "translate": "enchantment.minecraft.unbreaking"
    },
	"description": "",
    "frame": "task",
    "show_toast": true,
    "announce_to_chat": true,
    "hidden": true
  },
  "rewards": {
    "recipes": [
	  "inferentiel:dirt_from_smoking"
    ]
  },
  "criteria": {
    "mined_medium": {
      "trigger": "minecraft:impossible"
    }
  },
  "requirements": [
    [
      "mined_medium"
    ]
  ]
}