{
  "parent": "inferentiel:demiurge/root",
  "display": {
    "icon": {
      "item": "minecraft:cobblestone"
    },
    "title": {
      "translate": "subtitles.block.generic.hit"
    },
	"description": "",
    "frame": "task",
    "show_toast": true,
    "announce_to_chat": true,
    "hidden": false
  },
  "rewards": {
    "recipes": [
      "minecraft:stone_pickaxe"
    ]
  },
  "criteria": {
    "mined_low": {
      "trigger": "minecraft:impossible"
    }
  },
  "requirements": [
    [
      "mined_low"
    ]
  ]
}