{
  "parent": "inferentiel:demiurge/root",
  "display": {
    "icon": {
      "item": "minecraft:egg"
    },
    "title": {
      "text": "Ab ovo usque ad mala"
    },
	"description": {
      "translate": "advancements.husbandry.tame_an_animal.title"
    },
    "frame": "task",
    "show_toast": true,
    "announce_to_chat": true,
    "hidden": true
  },
  "criteria": {
    "get_oeuf_revocation": {
      "trigger": "minecraft:inventory_changed",
      "conditions": {
        "items": [
                    {
                        "item": "minecraft:egg",
                        "count": {"min":1,"max":64},
                        "enchantments": [
                            {
                                "enchantment": "minecraft:loyalty",
                                "levels": 1
                            }
                        ]
                    }
        ]    
	  }
    }
  },
  "requirements": [
    [
      "get_oeuf_revocation"
    ]
  ]
}