{
  "parent": "inferentiel:demiurge/root",
  "display": {
    "icon": {
      "item": "minecraft:fishing_rod"
    },
    "title": {
      "text": "Magnus piscis"
    },
	"description": {
      "translate": "advancements.husbandry.fishy_business.description"
    },
    "frame": "task",
    "show_toast": true,
    "announce_to_chat": true,
    "hidden": false
  },
  "rewards": {
    "recipes": [
      "minecraft:fishing_rod"
    ]
  },
  "criteria": {
    "get_big_fish": {
      "trigger": "minecraft:fishing_rod_hooked",
      "conditions": {
        "item": {
          "item": "minecraft:cod",
		  "nbt": "{display:{Lore:[\"{\\\"text\\\":\\\"Gros Poisson\\\"}\"]}}"
        }
      }
    }
  },
  "requirements": [
    [
      "get_big_fish"
    ]
  ]
}