{
  "parent": "inferentiel:demiurge/oeuf_revocation",
  "display": {
    "icon": {
      "item": "minecraft:saddle"
    },
    "title": {
      "text": "Asinus equum spectat"
    },
	"description": "",
    "frame": "task",
    "show_toast": true,
    "announce_to_chat": true,
    "hidden": false
  },
  "rewards": {
    "recipes": [
	  "inferentiel:saddle"
    ]
  },
  "criteria": {
    "get_perfect_horse": {
      "trigger": "minecraft:inventory_changed",
      "conditions": {
        "items": [
                    {
                        "item": "minecraft:horse_spawn_egg",
                        "count": {"min":1,"max":64},
						"nbt": "{display:{Lore:[\"{\\\"text\\\":\\\"Saut V\\\",\\\"color\\\":\\\"gray\\\",\\\"italic\\\":\\\"false\\\"}\",\"{\\\"text\\\":\\\"Vitesse V\\\",\\\"color\\\":\\\"gray\\\",\\\"italic\\\":\\\"false\\\"}\",\"{\\\"text\\\":\\\"Vitalité V\\\",\\\"color\\\":\\\"gray\\\",\\\"italic\\\":\\\"false\\\"}\"]}}"
                    }
         ]
      }
    }
  },
  "requirements": [
    [
      "get_perfect_horse"
    ]
  ]
}