{
  "display": {
    "icon": {
      "item": "minecraft:lantern"
    },
    "title": "Demiurge",
    "description": "Ad augusta per angusta",
    "frame": "task",
    "show_toast": true,
    "announce_to_chat": false,
    "hidden": false,
    "background": "minecraft:textures/block/spawner.png"
  },
  "rewards": {
    "recipes": [
	  "minecraft:crafting_table"
    ]
  },
  "criteria": {
    "start": {
      "trigger": "minecraft:tick"
    }
  },
  "requirements": [
    [
      "start"
    ]
  ]
}