{
    "pools": [
        {
            "rolls": {
			    "min": 1,
				"max": 1
			},
            "entries": [
				{
                    "type": "item",
                    "name": "minecraft:string",
                    "weight": 500
                },
				{
                    "type": "item",
                    "name": "minecraft:cobweb",
                    "weight": 500
                },
				{
                    "type": "item",
                    "name": "minecraft:slime_ball",
                    "weight": 50
                },
				{
                    "type": "item",
                    "name": "minecraft:map",
                    "weight": 200
                },
				{
                    "type": "item",
                    "name": "minecraft:clock",
                    "weight": 200
                },
				{
                    "type": "item",
                    "name": "minecraft:bucket",
                    "weight": 200
                },
				{
                    "type": "item",
                    "name": "minecraft:cake",
                    "weight": 5
                },
				{
                    "type": "item",
                    "name": "minecraft:quartz",
                    "weight": 50
                },
				{
                    "type": "item",
                    "name": "minecraft:diamond",
                    "weight": 1
                },
				{
                    "type": "item",
                    "name": "minecraft:music_disc_13",
                    "weight": 2
                },
				{
                    "type": "item",
                    "name": "minecraft:music_disc_cat",
                    "weight": 2
                }
            ]
        }
    ]
}