{
    "pools": [
        {
            "rolls": {
			    "min": 1,
				"max": 1
			},
            "entries": [
				{
				  "type": "minecraft:alternatives",
				  "children": [
				    {
				      "type": "minecraft:item",
                      "functions": [
                        {
                          "function": "minecraft:exploration_map",
                          "destination": "stronghold",
                          "decoration": "target_point",
                          "zoom": 3,
                          "skip_existing_chunks": true
                        }
                      ],
                      "name": "minecraft:map",
					  "conditions": [
					    {
						  "condition": "minecraft:location_check",
						  "predicate": {
						    "dimension": "overworld"
						  }
						}
					  ]
				    },
					{
				      "type": "minecraft:item",
                      "functions": [
                        {
                          "function": "minecraft:exploration_map",
                          "destination": "fortress",
                          "decoration": "target_point",
                          "zoom": 3,
                          "skip_existing_chunks": true
                        }
                      ],
                      "name": "minecraft:map",
					  "conditions": [
					    {
						  "condition": "minecraft:location_check",
						  "predicate": {
						    "dimension": "the_nether"
						  }
						}
					  ]
				    },
					{
				      "type": "minecraft:item",
                      "functions": [
                        {
                          "function": "minecraft:exploration_map",
                          "destination": "endcity",
                          "decoration": "target_point",
                          "zoom": 3,
                          "skip_existing_chunks": true
                        }
                      ],
                      "name": "minecraft:map",
					  "conditions": [
					    {
						  "condition": "minecraft:location_check",
						  "predicate": {
						    "dimension": "the_end"
						  }
						}
					  ]
				    }
				  ]
				}
            ]
        }
    ]
}