{
    "pools": [
        {
            "rolls": {
			    "min": 1,
				"max": 2
			},
			"bonus_rolls":1,
            "entries": [
				{
                    "type": "item",
                    "name": "minecraft:coal",
                    "weight": 500,
					"functions": [
                      {
                        "function": "minecraft:apply_bonus",
                        "enchantment": "minecraft:fortune",
                        "formula": "minecraft:ore_drops"
                      },
                      {
                        "function": "minecraft:explosion_decay"
                      }
                    ]
                },
				{
                    "type": "item",
                    "name": "minecraft:iron_nugget",
                    "weight": 500,
					"functions": [
                      {
                        "function": "minecraft:apply_bonus",
                        "enchantment": "minecraft:fortune",
                        "formula": "minecraft:ore_drops"
                      },
                      {
                        "function": "minecraft:explosion_decay"
                      }
                    ]
                },
				{
                    "type": "item",
                    "name": "minecraft:gold_nugget",
                    "weight": 500,
					"functions": [
                      {
                        "function": "minecraft:apply_bonus",
                        "enchantment": "minecraft:fortune",
                        "formula": "minecraft:ore_drops"
                      },
                      {
                        "function": "minecraft:explosion_decay"
                      }
                    ]
                },
				{
                    "type": "item",
                    "name": "minecraft:redstone",
                    "weight": 200,
					"functions": [
                      {
                        "function": "minecraft:apply_bonus",
                        "enchantment": "minecraft:fortune",
                        "formula": "minecraft:ore_drops"
                      },
                      {
                        "function": "minecraft:explosion_decay"
                      }
                    ]
                },
				{
                    "type": "item",
                    "name": "minecraft:lapis_lazuli",
                    "weight": 100,
					"functions": [
                      {
                        "function": "minecraft:apply_bonus",
                        "enchantment": "minecraft:fortune",
                        "formula": "minecraft:ore_drops"
                      },
                      {
                        "function": "minecraft:explosion_decay"
                      }
                    ]
                },
				{
                    "type": "item",
                    "name": "minecraft:diamond",
                    "weight": 2,
					"functions": [
                      {
                        "function": "minecraft:apply_bonus",
                        "enchantment": "minecraft:fortune",
                        "formula": "minecraft:ore_drops"
                      },
                      {
                        "function": "minecraft:explosion_decay"
                      }
                    ]
                },
				{
                    "type": "item",
                    "name": "minecraft:emerald",
                    "weight": 1,
					"functions": [
                      {
                        "function": "minecraft:apply_bonus",
                        "enchantment": "minecraft:fortune",
                        "formula": "minecraft:ore_drops"
                      },
                      {
                        "function": "minecraft:explosion_decay"
                      }
                    ]
                }
            ]
        }
    ]
}