{
    "pools": [
        {
            "rolls": {
			    "min": 1,
				"max": 1
			},
            "entries": [
				{
				  "type": "minecraft:item",
                  "functions": [
                    {
                      "function": "minecraft:exploration_map",
                      "destination": "village",
                      "decoration": "target_point",
                      "zoom": 3,
                      "skip_existing_chunks": false
                    }
                  ],
                  "name": "minecraft:map"
				}
            ]
        }
    ]
}