{
    "pools": [
        {
            "rolls": {
			    "min": 1,
				"max": 1
			},
            "entries": [
				{
                    "type": "item",
                    "name": "minecraft:glowstone_dust",
                    "weight": 500
                },
				{
                    "type": "item",
                    "name": "minecraft:red_mushroom",
                    "weight": 25
                },
				{
                    "type": "item",
                    "name": "minecraft:brown_mushroom",
                    "weight": 25
                },
				{
                    "type": "item",
                    "name": "minecraft:apple",
                    "weight": 10
                },
				{
                    "type": "item",
                    "name": "minecraft:cake",
                    "weight": 5
                },
				{
                    "type": "item",
                    "name": "minecraft:quartz",
                    "weight": 50
                },
				{
                    "type": "item",
                    "name": "minecraft:diamond",
                    "weight": 1
                },
				{
                    "type": "item",
                    "name": "minecraft:music_disc_13",
                    "weight": 2
                },
				{
                    "type": "item",
                    "name": "minecraft:music_disc_cat",
                    "weight": 2
                }
            ]
        }
    ]
}