{
  "display": {
    "icon": {
      "item": "minecraft:apple"
    },
    "title": "Biome extreme_hills_with_trees",
    "description": "",
    "frame": "task",
    "show_toast": false,
    "announce_to_chat": false,
    "hidden": true
  },
  "criteria": {
    "clock": {
      "trigger": "minecraft:tick"
    },
	"extreme_hills_with_trees": {
      "trigger": "minecraft:location",
      "conditions": {
        "biome": "minecraft:extreme_hills_with_trees"
      }
    }
  },
  "rewards": {
      "function": "inferentiel:utils/biome/extreme_hills_with_trees"
  },
  "requirements": [
      ["clock"],["extreme_hills_with_trees"]
  ]
}