{
  "display": {
    "icon": {
      "item": "minecraft:apple"
    },
    "title": "Biome ice_flats",
    "description": "",
    "frame": "task",
    "show_toast": false,
    "announce_to_chat": false,
    "hidden": true
  },
  "criteria": {
    "clock": {
      "trigger": "minecraft:tick"
    },
	"ice_flats": {
      "trigger": "minecraft:location",
      "conditions": {
        "biome": "minecraft:ice_flats"
      }
    }
  },
  "rewards": {
      "function": "inferentiel:utils/biome/ice_flats"
  },
  "requirements": [
      ["clock"],["ice_flats"]
  ]
}