{
  "display": {
    "icon": {
      "item": "minecraft:apple"
    },
    "title": "Biome mesa_clear_rock",
    "description": "",
    "frame": "task",
    "show_toast": false,
    "announce_to_chat": false,
    "hidden": true
  },
  "criteria": {
    "clock": {
      "trigger": "minecraft:tick"
    },
	"mesa_clear_rock": {
      "trigger": "minecraft:location",
      "conditions": {
        "biome": "minecraft:mesa_clear_rock"
      }
    }
  },
  "rewards": {
      "function": "inferentiel:utils/biome/mesa_clear_rock"
  },
  "requirements": [
      ["clock"],["mesa_clear_rock"]
  ]
}