{
  "display": {
    "icon": {
      "item": "minecraft:apple"
    },
    "title": "Biome mushroom_island_shore",
    "description": "",
    "frame": "task",
    "show_toast": false,
    "announce_to_chat": false,
    "hidden": true
  },
  "criteria": {
    "clock": {
      "trigger": "minecraft:tick"
    },
	"mushroom_island_shore": {
      "trigger": "minecraft:location",
      "conditions": {
        "biome": "minecraft:mushroom_island_shore"
      }
    }
  },
  "rewards": {
      "function": "inferentiel:utils/biome/mushroom_island_shore"
  },
  "requirements": [
      ["clock"],["mushroom_island_shore"]
  ]
}