{
  "display": {
    "icon": {
      "item": "minecraft:apple"
    },
    "title": "Biome mutated_plains",
    "description": "",
    "frame": "task",
    "show_toast": false,
    "announce_to_chat": false,
    "hidden": true
  },
  "criteria": {
    "clock": {
      "trigger": "minecraft:tick"
    },
	"mutated_plains": {
      "trigger": "minecraft:location",
      "conditions": {
        "biome": "minecraft:mutated_plains"
      }
    }
  },
  "rewards": {
      "function": "inferentiel:utils/biome/mutated_plains"
  },
  "requirements": [
      ["clock"],["mutated_plains"]
  ]
}