{
  "display": {
    "icon": {
      "item": "minecraft:apple"
    },
    "title": "Biome sky_island_barren",
    "description": "",
    "frame": "task",
    "show_toast": false,
    "announce_to_chat": false,
    "hidden": true
  },
  "criteria": {
    "clock": {
      "trigger": "minecraft:tick"
    },
	"sky_island_barren": {
      "trigger": "minecraft:location",
      "conditions": {
        "biome": "minecraft:sky_island_barren"
      }
    }
  },
  "rewards": {
      "function": "inferentiel:utils/biome/sky_island_barren"
  },
  "requirements": [
      ["clock"],["sky_island_barren"]
  ]
}