{
  "display": {
    "icon": {
      "item": "minecraft:apple"
    },
    "title": "Biome smaller_extreme_hills",
    "description": "",
    "frame": "task",
    "show_toast": false,
    "announce_to_chat": false,
    "hidden": true
  },
  "criteria": {
    "clock": {
      "trigger": "minecraft:tick"
    },
	"smaller_extreme_hills": {
      "trigger": "minecraft:location",
      "conditions": {
        "biome": "minecraft:smaller_extreme_hills"
      }
    }
  },
  "rewards": {
      "function": "inferentiel:utils/biome/smaller_extreme_hills"
  },
  "requirements": [
      ["clock"],["smaller_extreme_hills"]
  ]
}