{
  "display": {
    "icon": {
      "item": "minecraft:apple"
    },
    "title": "Biome swamp",
    "description": "",
    "frame": "task",
    "show_toast": false,
    "announce_to_chat": false,
    "hidden": true
  },
  "criteria": {
    "clock": {
      "trigger": "minecraft:tick"
    },
	"swampland": {
      "trigger": "minecraft:location",
      "conditions": {
        "biome": "minecraft:swamp"
      }
    }
  },
  "rewards": {
      "function": "inferentiel:utils/biome/swamp"
  },
  "requirements": [
      ["clock"],["swamp"]
  ]
}