{
  "display": {
    "icon": {
      "item": "minecraft:apple"
    },
    "title": "Biome warm_deep_ocean",
    "description": "",
    "frame": "task",
    "show_toast": false,
    "announce_to_chat": false,
    "hidden": true
  },
  "criteria": {
    "clock": {
      "trigger": "minecraft:tick"
    },
	"warm_deep_ocean": {
      "trigger": "minecraft:location",
      "conditions": {
        "biome": "minecraft:warm_deep_ocean"
      }
    }
  },
  "rewards": {
      "function": "inferentiel:utils/biome/warm_deep_ocean"
  },
  "requirements": [
      ["clock"],["warm_deep_ocean"]
  ]
}