{
  "display": {
    "icon": {
      "item": "minecraft:map"
    },
    "title": {
      "translate": "advancements.adventure.root.title"
    },
    "description": {
      "translate": "advancements.adventure.root.description"
    },
    "frame": "task",
    "show_toast": false,
    "announce_to_chat": false,
    "hidden": false,
    "background": "minecraft:textures/gui/advancements/backgrounds/adventure.png"
  },
  "rewards": {
    "recipes": [
	  "minecraft:acacia_planks",
	  "minecraft:birch_planks",
	  "minecraft:oak_planks",
	  "minecraft:jungle_planks",
	  "minecraft:dark_oak_planks",
	  "minecraft:spruce_planks"
    ]
  },
  "criteria": {
    "killed_something": {
      "trigger": "minecraft:player_killed_entity",
      "conditions": {}
    },
    "killed_by_something": {
      "trigger": "minecraft:entity_killed_player",
      "conditions": {}
    }
  },
  "requirements": [
    [
      "killed_something",
      "killed_by_something"
    ]
  ]
}