{
  "parent": "minecraft:adventure/ol_betsy",
  "display": {
    "icon": {
      "item": "minecraft:crossbow"
    },
    "title": {
      "translate": "advancements.adventure.whos_the_pillager_now.title"
    },
    "description": {
      "translate": "advancements.adventure.whos_the_pillager_now.description"
    },
    "frame": "task",
    "show_toast": true,
    "announce_to_chat": true,
    "hidden": false
  },
  "criteria": {
    "kill_pillager": {
      "trigger": "minecraft:player_killed_entity",
      "conditions": {
        "entity": {
          "type": "minecraft:pillager"
        },
        "killing_blow": {
          "is_projectile": true,
          "direct_entity": {
            "type": "minecraft:arrow"
          }
        }
      }
    }
  },
  "requirements": [
    [
      "kill_pillager"
    ]
  ]
}