{
    "pools": [
        {
            "rolls": 1,
            "entries": [
                {
				  "type": "item",
				  "name": "minecraft:iron_helmet",
				  "weight": 2,
				  "functions": [
				    {
                      "function": "minecraft:set_damage",
                      "damage": {
                          "min": 0.25,
                          "max": 0.75
                      }
                    },
					{
                      "function": "minecraft:enchant_with_levels",
                      "levels": {
                          "min": 1,
                          "max": 40
                      },
					  "treasure": true
                    }
				  ]
				},
				{
				  "type": "item",
				  "name": "minecraft:iron_chestplate",
				  "weight": 2,
				  "functions": [
				    {
                      "function": "minecraft:set_damage",
                      "damage": {
                          "min": 0.25,
                          "max": 0.75
                      }
                    },
					{
                      "function": "minecraft:enchant_with_levels",
                      "levels": {
                          "min": 1,
                          "max": 40
                      },
					  "treasure": true
                    }
				  ]
				},
				{
				  "type": "item",
				  "name": "minecraft:iron_leggings",
				  "weight": 2,
				  "functions": [
				    {
                      "function": "minecraft:set_damage",
                      "damage": {
                          "min": 0.25,
                          "max": 0.75
                      }
                    },
					{
                      "function": "minecraft:enchant_with_levels",
                      "levels": {
                          "min": 1,
                          "max": 40
                      },
					  "treasure": true
                    }
				  ]
				},
				{
				  "type": "item",
				  "name": "minecraft:iron_boots",
				  "weight": 2,
				  "functions": [
				    {
                      "function": "minecraft:set_damage",
                      "damage": {
                          "min": 0.25,
                          "max": 0.75
                      }
                    },
					{
                      "function": "minecraft:enchant_with_levels",
                      "levels": {
                          "min": 1,
                          "max": 40
                      },
					  "treasure": true
                    }
				  ]
				},
				{
				  "type": "item",
				  "name": "minecraft:golden_helmet",
				  "weight": 1,
				  "functions": [
				    {
                      "function": "minecraft:set_damage",
                      "damage": {
                          "min": 0.25,
                          "max": 0.75
                      }
                    }
				  ]
				},
				{
				  "type": "item",
				  "name": "minecraft:golden_chestplate",
				  "weight": 1,
				  "functions": [
				    {
                      "function": "minecraft:set_damage",
                      "damage": {
                          "min": 0.25,
                          "max": 0.75
                      }
                    }
				  ]
				},
				{
				  "type": "item",
				  "name": "minecraft:golden_leggings",
				  "weight": 1,
				  "functions": [
				    {
                      "function": "minecraft:set_damage",
                      "damage": {
                          "min": 0.25,
                          "max": 0.75
                      }
                    }
				  ]
				},
				{
				  "type": "item",
				  "name": "minecraft:golden_boots",
				  "weight": 1,
				  "functions": [
				    {
                      "function": "minecraft:set_damage",
                      "damage": {
                          "min": 0.25,
                          "max": 0.75
                      }
                    }
				  ]
				},
				{
				  "type": "item",
				  "name": "minecraft:golden_helmet",
				  "weight": 20,
				  "functions": [
					{
					  "function": "set_nbt",
					  "tag": "{display:{Name:\"{\\\"translate\\\":\\\"item.minecraft.golden_helmet\\\",\\\"color\\\":\\\"gray\\\"}\"},AttributeModifiers:[{AttributeName:\"generic.movementSpeed\",Name:\"generic.movementSpeed\",Amount:-0.15,Operation:1,UUIDMost:68058,UUIDLeast:9393,Slot:\"head\"},{AttributeName:\"generic.armor\",Name:\"generic.armor\",Amount:2,Operation:0,UUIDMost:103809,UUIDLeast:927759,Slot:\"head\"}]}"
					},
					{
                      "function": "minecraft:set_damage",
                      "damage": {
                          "min": 0.25,
                          "max": 0.75
                      }
                    },
					{
                      "function": "minecraft:enchant_with_levels",
                      "levels": {
                          "min": 1,
                          "max": 40
                      },
					  "treasure": true
                    }
				  ]
				},
				{
				  "type": "item",
				  "name": "minecraft:golden_chestplate",
				  "weight": 20,
				  "functions": [
					{
					  "function": "set_nbt",
					  "tag": "{display:{Name:\"{\\\"translate\\\":\\\"item.minecraft.golden_chestplate\\\",\\\"color\\\":\\\"gray\\\"}\"},AttributeModifiers:[{AttributeName:\"generic.movementSpeed\",Name:\"generic.movementSpeed\",Amount:-0.15,Operation:1,UUIDMost:68058,UUIDLeast:9394,Slot:\"chest\"},{AttributeName:\"generic.armor\",Name:\"generic.armor\",Amount:5,Operation:0,UUIDMost:103809,UUIDLeast:927750,Slot:\"chest\"}]}"
					},
					{
                      "function": "minecraft:set_damage",
                      "damage": {
                          "min": 0.25,
                          "max": 0.75
                      }
                    },
					{
                      "function": "minecraft:enchant_with_levels",
                      "levels": {
                          "min": 1,
                          "max": 40
                      },
					  "treasure": true
                    }
				  ]
				},
				{
				  "type": "item",
				  "name": "minecraft:golden_leggings",
				  "weight": 20,
				  "functions": [
					{
					  "function": "set_nbt",
					  "tag": "{display:{Name:\"{\\\"translate\\\":\\\"item.minecraft.golden_leggings\\\",\\\"color\\\":\\\"gray\\\"}\"},AttributeModifiers:[{AttributeName:\"generic.movementSpeed\",Name:\"generic.movementSpeed\",Amount:-0.15,Operation:1,UUIDMost:68058,UUIDLeast:9395,Slot:\"legs\"},{AttributeName:\"generic.armor\",Name:\"generic.armor\",Amount:3,Operation:0,UUIDMost:103809,UUIDLeast:927751,Slot:\"legs\"}]}"
					},
					{
                      "function": "minecraft:set_damage",
                      "damage": {
                          "min": 0.25,
                          "max": 0.75
                      }
                    },
					{
                      "function": "minecraft:enchant_with_levels",
                      "levels": {
                          "min": 1,
                          "max": 40
                      },
					  "treasure": true
                    }
				  ]
				},
				{
				  "type": "item",
				  "name": "minecraft:golden_boots",
				  "weight": 20,
				  "functions": [
					{
					  "function": "set_nbt",
					  "tag": "{display:{Name:\"{\\\"translate\\\":\\\"item.minecraft.golden_boots\\\",\\\"color\\\":\\\"gray\\\"}\"},AttributeModifiers:[{AttributeName:\"generic.movementSpeed\",Name:\"generic.movementSpeed\",Amount:-0.15,Operation:1,UUIDMost:68058,UUIDLeast:9396,Slot:\"feet\"},{AttributeName:\"generic.armor\",Name:\"generic.armor\",Amount:1,Operation:0,UUIDMost:103809,UUIDLeast:927752,Slot:\"feet\"}]}"
					},
					{
                      "function": "minecraft:set_damage",
                      "damage": {
                          "min": 0.25,
                          "max": 0.75
                      }
                    },
					{
                      "function": "minecraft:enchant_with_levels",
                      "levels": {
                          "min": 1,
                          "max": 40
                      },
					  "treasure": true
                    }
				  ]
				},
				{
				  "type": "item",
				  "name": "minecraft:golden_helmet",
				  "weight": 10,
				  "functions": [
					{
					  "function": "set_nbt",
					  "tag": "{display:{Name:\"{\\\"translate\\\":\\\"item.minecraft.golden_helmet\\\",\\\"color\\\":\\\"gray\\\"}\"},AttributeModifiers:[{AttributeName:\"generic.movementSpeed\",Name:\"generic.movementSpeed\",Amount:-0.1,Operation:1,UUIDMost:68059,UUIDLeast:9393,Slot:\"head\"},{AttributeName:\"generic.armor\",Name:\"generic.armor\",Amount:2,Operation:0,UUIDMost:103800,UUIDLeast:927759,Slot:\"head\"}]}"
					},
					{
                      "function": "minecraft:set_damage",
                      "damage": {
                          "min": 0.25,
                          "max": 0.75
                      }
                    },
					{
                      "function": "minecraft:enchant_with_levels",
                      "levels": {
                          "min": 1,
                          "max": 40
                      },
					  "treasure": true
                    }
				  ]
				},
				{
				  "type": "item",
				  "name": "minecraft:golden_chestplate",
				  "weight": 10,
				  "functions": [
					{
					  "function": "set_nbt",
					  "tag": "{display:{Name:\"{\\\"translate\\\":\\\"item.minecraft.golden_chestplate\\\",\\\"color\\\":\\\"gray\\\"}\"},AttributeModifiers:[{AttributeName:\"generic.movementSpeed\",Name:\"generic.movementSpeed\",Amount:-0.1,Operation:1,UUIDMost:68059,UUIDLeast:9394,Slot:\"chest\"},{AttributeName:\"generic.armor\",Name:\"generic.armor\",Amount:5,Operation:0,UUIDMost:103800,UUIDLeast:927750,Slot:\"chest\"}]}"
					},
					{
                      "function": "minecraft:set_damage",
                      "damage": {
                          "min": 0.25,
                          "max": 0.75
                      }
                    },
					{
                      "function": "minecraft:enchant_with_levels",
                      "levels": {
                          "min": 1,
                          "max": 40
                      },
					  "treasure": true
                    }
				  ]
				},
				{
				  "type": "item",
				  "name": "minecraft:golden_leggings",
				  "weight": 10,
				  "functions": [
					{
					  "function": "set_nbt",
					  "tag": "{display:{Name:\"{\\\"translate\\\":\\\"item.minecraft.golden_leggings\\\",\\\"color\\\":\\\"gray\\\"}\"},AttributeModifiers:[{AttributeName:\"generic.movementSpeed\",Name:\"generic.movementSpeed\",Amount:-0.1,Operation:1,UUIDMost:68059,UUIDLeast:9395,Slot:\"legs\"},{AttributeName:\"generic.armor\",Name:\"generic.armor\",Amount:3,Operation:0,UUIDMost:103800,UUIDLeast:927751,Slot:\"legs\"}]}"
					},
					{
                      "function": "minecraft:set_damage",
                      "damage": {
                          "min": 0.25,
                          "max": 0.75
                      }
                    },
					{
                      "function": "minecraft:enchant_with_levels",
                      "levels": {
                          "min": 1,
                          "max": 40
                      },
					  "treasure": true
                    }
				  ]
				},
				{
				  "type": "item",
				  "name": "minecraft:golden_boots",
				  "weight": 10,
				  "functions": [
					{
					  "function": "set_nbt",
					  "tag": "{display:{Name:\"{\\\"translate\\\":\\\"item.minecraft.golden_boots\\\",\\\"color\\\":\\\"gray\\\"}\"},AttributeModifiers:[{AttributeName:\"generic.movementSpeed\",Name:\"generic.movementSpeed\",Amount:-0.1,Operation:1,UUIDMost:68059,UUIDLeast:9396,Slot:\"feet\"},{AttributeName:\"generic.armor\",Name:\"generic.armor\",Amount:1,Operation:0,UUIDMost:103800,UUIDLeast:927752,Slot:\"feet\"}]}"
					},
					{
                      "function": "minecraft:set_damage",
                      "damage": {
                          "min": 0.25,
                          "max": 0.75
                      }
                    },
					{
                      "function": "minecraft:enchant_with_levels",
                      "levels": {
                          "min": 1,
                          "max": 40
                      },
					  "treasure": true
                    }
				  ]
				},
				{
				  "type": "item",
				  "name": "minecraft:golden_helmet",
				  "weight": 5,
				  "functions": [
					{
					  "function": "set_nbt",
					  "tag": "{display:{Name:\"{\\\"translate\\\":\\\"item.minecraft.golden_helmet\\\",\\\"color\\\":\\\"gray\\\"}\"},AttributeModifiers:[{AttributeName:\"generic.movementSpeed\",Name:\"generic.movementSpeed\",Amount:-0.05,Operation:1,UUIDMost:68050,UUIDLeast:9393,Slot:\"head\"},{AttributeName:\"generic.armor\",Name:\"generic.armor\",Amount:2,Operation:0,UUIDMost:103801,UUIDLeast:927759,Slot:\"head\"}]}"
					},
					{
                      "function": "minecraft:set_damage",
                      "damage": {
                          "min": 0.25,
                          "max": 0.75
                      }
                    },
					{
                      "function": "minecraft:enchant_with_levels",
                      "levels": {
                          "min": 1,
                          "max": 40
                      },
					  "treasure": true
                    }
				  ]
				},
				{
				  "type": "item",
				  "name": "minecraft:golden_chestplate",
				  "weight": 5,
				  "functions": [
					{
					  "function": "set_nbt",
					  "tag": "{display:{Name:\"{\\\"translate\\\":\\\"item.minecraft.golden_chestplate\\\",\\\"color\\\":\\\"gray\\\"}\"},AttributeModifiers:[{AttributeName:\"generic.movementSpeed\",Name:\"generic.movementSpeed\",Amount:-0.05,Operation:1,UUIDMost:68050,UUIDLeast:9394,Slot:\"chest\"},{AttributeName:\"generic.armor\",Name:\"generic.armor\",Amount:5,Operation:0,UUIDMost:103801,UUIDLeast:927750,Slot:\"chest\"}]}"
					},
					{
                      "function": "minecraft:set_damage",
                      "damage": {
                          "min": 0.25,
                          "max": 0.75
                      }
                    },
					{
                      "function": "minecraft:enchant_with_levels",
                      "levels": {
                          "min": 1,
                          "max": 40
                      },
					  "treasure": true
                    }
				  ]
				},
				{
				  "type": "item",
				  "name": "minecraft:golden_leggings",
				  "weight": 5,
				  "functions": [
					{
					  "function": "set_nbt",
					  "tag": "{display:{Name:\"{\\\"translate\\\":\\\"item.minecraft.golden_leggings\\\",\\\"color\\\":\\\"gray\\\"}\"},AttributeModifiers:[{AttributeName:\"generic.movementSpeed\",Name:\"generic.movementSpeed\",Amount:-0.05,Operation:1,UUIDMost:68050,UUIDLeast:9395,Slot:\"legs\"},{AttributeName:\"generic.armor\",Name:\"generic.armor\",Amount:3,Operation:0,UUIDMost:103801,UUIDLeast:927751,Slot:\"legs\"}]}"
					},
					{
                      "function": "minecraft:set_damage",
                      "damage": {
                          "min": 0.25,
                          "max": 0.75
                      }
                    },
					{
                      "function": "minecraft:enchant_with_levels",
                      "levels": {
                          "min": 1,
                          "max": 40
                      },
					  "treasure": true
                    }
				  ]
				},
				{
				  "type": "item",
				  "name": "minecraft:golden_boots",
				  "weight": 5,
				  "functions": [
					{
					  "function": "set_nbt",
					  "tag": "{display:{Name:\"{\\\"translate\\\":\\\"item.minecraft.golden_boots\\\",\\\"color\\\":\\\"gray\\\"}\"},AttributeModifiers:[{AttributeName:\"generic.movementSpeed\",Name:\"generic.movementSpeed\",Amount:-0.05,Operation:1,UUIDMost:68050,UUIDLeast:9396,Slot:\"feet\"},{AttributeName:\"generic.armor\",Name:\"generic.armor\",Amount:1,Operation:0,UUIDMost:103801,UUIDLeast:927752,Slot:\"feet\"}]}"
					},
					{
                      "function": "minecraft:set_damage",
                      "damage": {
                          "min": 0.25,
                          "max": 0.75
                      }
                    },
					{
                      "function": "minecraft:enchant_with_levels",
                      "levels": {
                          "min": 1,
                          "max": 40
                      },
					  "treasure": true
                    }
				  ]
				},
				{
				  "type": "item",
				  "name": "minecraft:diamond_helmet",
				  "weight": 1,
				  "functions": [
					{
					  "function": "set_nbt",
					  "tag": "{display:{Name:\"{\\\"translate\\\":\\\"item.minecraft.diamond_helmet\\\",\\\"color\\\":\\\"gray\\\"}\"},AttributeModifiers:[{AttributeName:\"generic.movementSpeed\",Name:\"generic.movementSpeed\",Amount:-0.15,Operation:1,UUIDMost:78058,UUIDLeast:9393,Slot:\"head\"},{AttributeName:\"generic.armor\",Name:\"generic.armor\",Amount:3,Operation:0,UUIDMost:113809,UUIDLeast:927759,Slot:\"head\"},{AttributeName:\"generic.armorToughness\",Name:\"generic.armorToughness\",Amount:2,Operation:0,UUIDMost:42569,UUIDLeast:417508,Slot:\"head\"}]}"
					},
					{
                      "function": "minecraft:set_damage",
                      "damage": {
                          "min": 0.25,
                          "max": 0.75
                      }
                    }
				  ]
				},
				{
				  "type": "item",
				  "name": "minecraft:diamond_chestplate",
				  "weight": 1,
				  "functions": [
					{
					  "function": "set_nbt",
					  "tag": "{display:{Name:\"{\\\"translate\\\":\\\"item.minecraft.diamond_chestplate\\\",\\\"color\\\":\\\"gray\\\"}\"},AttributeModifiers:[{AttributeName:\"generic.movementSpeed\",Name:\"generic.movementSpeed\",Amount:-0.15,Operation:1,UUIDMost:78058,UUIDLeast:9394,Slot:\"chest\"},{AttributeName:\"generic.armor\",Name:\"generic.armor\",Amount:8,Operation:0,UUIDMost:113809,UUIDLeast:927750,Slot:\"chest\"},{AttributeName:\"generic.armorToughness\",Name:\"generic.armorToughness\",Amount:2,Operation:0,UUIDMost:42569,UUIDLeast:417509,Slot:\"chest\"}]}"
					},
					{
                      "function": "minecraft:set_damage",
                      "damage": {
                          "min": 0.25,
                          "max": 0.75
                      }
                    }
				  ]
				},
				{
				  "type": "item",
				  "name": "minecraft:diamond_leggings",
				  "weight": 1,
				  "functions": [
					{
					  "function": "set_nbt",
					  "tag": "{display:{Name:\"{\\\"translate\\\":\\\"item.minecraft.diamond_leggings\\\",\\\"color\\\":\\\"gray\\\"}\"},AttributeModifiers:[{AttributeName:\"generic.movementSpeed\",Name:\"generic.movementSpeed\",Amount:-0.15,Operation:1,UUIDMost:78058,UUIDLeast:9395,Slot:\"legs\"},{AttributeName:\"generic.armor\",Name:\"generic.armor\",Amount:6,Operation:0,UUIDMost:113809,UUIDLeast:927751,Slot:\"legs\"},{AttributeName:\"generic.armorToughness\",Name:\"generic.armorToughness\",Amount:2,Operation:0,UUIDMost:42569,UUIDLeast:417500,Slot:\"legs\"}]}"
					},
					{
                      "function": "minecraft:set_damage",
                      "damage": {
                          "min": 0.25,
                          "max": 0.75
                      }
                    }
				  ]
				},
				{
				  "type": "item",
				  "name": "minecraft:diamond_boots",
				  "weight": 1,
				  "functions": [
					{
					  "function": "set_nbt",
					  "tag": "{display:{Name:\"{\\\"translate\\\":\\\"item.minecraft.diamond_boots\\\",\\\"color\\\":\\\"gray\\\"}\"},AttributeModifiers:[{AttributeName:\"generic.movementSpeed\",Name:\"generic.movementSpeed\",Amount:-0.15,Operation:1,UUIDMost:78058,UUIDLeast:9396,Slot:\"feet\"},{AttributeName:\"generic.armor\",Name:\"generic.armor\",Amount:3,Operation:0,UUIDMost:113809,UUIDLeast:927752,Slot:\"feet\"},{AttributeName:\"generic.armorToughness\",Name:\"generic.armorToughness\",Amount:2,Operation:0,UUIDMost:42569,UUIDLeast:417501,Slot:\"feet\"}]}"
					},
					{
                      "function": "minecraft:set_damage",
                      "damage": {
                          "min": 0.25,
                          "max": 0.75
                      }
                    }
				  ]
				}
            ]
        }
    ]
}