{
    "pools": [
        {
            "rolls": {
			    "min": 3,
				"max": 6
			},
			"bonus_rolls": 2,
            "entries": [
                {
                    "type": "loot_table",
                    "name": "inferentiel:chests/tier_iv/armor_iv",
                    "weight": 10,
					"quality": -1
                },
				{
                    "type": "loot_table",
                    "name": "inferentiel:chests/old/butin_epique",
                    "weight": 5,
					"quality": 1
                },
				{
                    "type": "loot_table",
                    "name": "inferentiel:chests/tier_iv/weapon_iv",
                    "weight": 10,
					"quality": 1
                },
				{
                    "type": "loot_table",
                    "name": "inferentiel:chests/tier_iv/drops_iv",
                    "weight": 25
                },
				{
                    "type": "loot_table",
                    "name": "inferentiel:chests/tier_iv/economie_iv",
                    "weight": 30
                },
				{
                    "type": "loot_table",
                    "name": "inferentiel:chests/tier_iv/food_iv",
                    "weight": 30,
					"quality": -2
                },
				{
                    "type": "loot_table",
                    "name": "inferentiel:chests/tier_iv/potion_iv",
                    "weight": 15,
					"quality": -2
                },
				{
                    "type": "loot_table",
                    "name": "inferentiel:chests/tier_iv/ressources_iv",
                    "weight": 25
                },
				{
                    "type": "loot_table",
                    "name": "inferentiel:chests/tier_iv/recipes_iv",
                    "weight": 10
                }
            ]
        }
    ]
}