{
    "pools": [
        {
            "rolls": 1,
            "entries": [
			    {
				  "type": "item",
				  "name": "minecraft:golden_axe",
				  "weight": 60
				},
				{
				  "type": "item",
				  "name": "minecraft:golden_sword",
				  "weight": 60
				},
                {
				  "type": "item",
				  "name": "minecraft:golden_axe",
				  "weight": 40,
				  "functions": [
					{
					  "function": "set_nbt",
					  "tag": "{display:{Name:\"{\\\"translate\\\":\\\"item.minecraft.golden_axe\\\",\\\"color\\\":\\\"gray\\\"}\"},AttributeModifiers:[{AttributeName:\"generic.attackSpeed\",Name:\"generic.attackSpeed\",Amount:-3.8,Operation:0,UUIDMost:23280,UUIDLeast:537119,Slot:\"mainhand\"},{AttributeName:\"generic.attackDamage\",Name:\"generic.attackDamage\",Amount:7,Operation:0,UUIDMost:60879,UUIDLeast:844769,Slot:\"mainhand\"}]}"
					}
				  ]
				},
				{
				  "type": "item",
				  "name": "minecraft:golden_axe",
				  "weight": 40,
				  "functions": [
					{
					  "function": "set_nbt",
					  "tag": "{display:{Name:\"{\\\"translate\\\":\\\"item.minecraft.golden_axe\\\",\\\"color\\\":\\\"gray\\\"}\"},AttributeModifiers:[{AttributeName:\"generic.attackSpeed\",Name:\"generic.attackSpeed\",Amount:-3.6,Operation:0,UUIDMost:23281,UUIDLeast:537119,Slot:\"mainhand\"},{AttributeName:\"generic.attackDamage\",Name:\"generic.attackDamage\",Amount:7,Operation:0,UUIDMost:60870,UUIDLeast:844769,Slot:\"mainhand\"}]}"
					}
				  ]
				},
				{
				  "type": "item",
				  "name": "minecraft:golden_axe",
				  "weight": 40,
				  "functions": [
					{
					  "function": "set_nbt",
					  "tag": "{display:{Name:\"{\\\"translate\\\":\\\"item.minecraft.golden_axe\\\",\\\"color\\\":\\\"gray\\\"}\"},AttributeModifiers:[{AttributeName:\"generic.attackSpeed\",Name:\"generic.attackSpeed\",Amount:-3.4,Operation:0,UUIDMost:23282,UUIDLeast:537119,Slot:\"mainhand\"},{AttributeName:\"generic.attackDamage\",Name:\"generic.attackDamage\",Amount:7,Operation:0,UUIDMost:60871,UUIDLeast:844769,Slot:\"mainhand\"}]}"
					}
				  ]
				},
				{
				  "type": "item",
				  "name": "minecraft:golden_sword",
				  "weight": 40,
				  "functions": [
					{
					  "function": "set_nbt",
					  "tag": "{display:{Name:\"{\\\"translate\\\":\\\"item.minecraft.golden_sword\\\",\\\"color\\\":\\\"gray\\\"}\"},AttributeModifiers:[{AttributeName:\"generic.attackSpeed\",Name:\"generic.attackSpeed\",Amount:-3.75,Operation:0,UUIDMost:86882,UUIDLeast:365742,Slot:\"mainhand\"},{AttributeName:\"generic.attackDamage\",Name:\"generic.attackDamage\",Amount:4,Operation:0,UUIDMost:3895,UUIDLeast:526342,Slot:\"mainhand\"}]}"
					}
				  ]
				},
				{
				  "type": "item",
				  "name": "minecraft:golden_sword",
				  "weight": 40,
				  "functions": [
					{
					  "function": "set_nbt",
					  "tag": "{display:{Name:\"{\\\"translate\\\":\\\"item.minecraft.golden_sword\\\",\\\"color\\\":\\\"gray\\\"}\"},AttributeModifiers:[{AttributeName:\"generic.attackSpeed\",Name:\"generic.attackSpeed\",Amount:-3.5,Operation:0,UUIDMost:86883,UUIDLeast:365742,Slot:\"mainhand\"},{AttributeName:\"generic.attackDamage\",Name:\"generic.attackDamage\",Amount:4,Operation:0,UUIDMost:3896,UUIDLeast:526342,Slot:\"mainhand\"}]}"
					}
				  ]
				},
				{
				  "type": "item",
				  "name": "minecraft:golden_sword",
				  "weight": 40,
				  "functions": [
					{
					  "function": "set_nbt",
					  "tag": "{display:{Name:\"{\\\"translate\\\":\\\"item.minecraft.golden_sword\\\",\\\"color\\\":\\\"gray\\\"}\"},AttributeModifiers:[{AttributeName:\"generic.attackSpeed\",Name:\"generic.attackSpeed\",Amount:-3,Operation:0,UUIDMost:86884,UUIDLeast:365742,Slot:\"mainhand\"},{AttributeName:\"generic.attackDamage\",Name:\"generic.attackDamage\",Amount:4,Operation:0,UUIDMost:3897,UUIDLeast:526342,Slot:\"mainhand\"}]}"
					}
				  ]
				},
				{
				  "type": "item",
				  "name": "minecraft:golden_sword",
				  "weight": 6,
				  "functions": [
					{
					  "function": "set_nbt",
					  "tag": "{display:{Name:\"{\\\"translate\\\":\\\"item.minecraft.golden_sword\\\",\\\"color\\\":\\\"green\\\"}\"},AttributeModifiers:[{AttributeName:\"generic.attackDamage\",Name:\"generic.attackDamage\",Amount:4,Operation:0,UUIDMost:103312,UUIDLeast:741436,Slot:\"mainhand\"},{AttributeName:\"generic.attackSpeed\",Name:\"generic.attackSpeed\",Amount:-2.4,Operation:0,UUIDMost:70241,UUIDLeast:54872,Slot:\"mainhand\"},{AttributeName:\"generic.armor\",Name:\"generic.armor\",Amount:2,Operation:0,UUIDMost:71567,UUIDLeast:648338,Slot:\"mainhand\"}]}"
					}
				  ]
				},
				{
				  "type": "item",
				  "name": "minecraft:golden_sword",
				  "weight": 6,
				  "functions": [
					{
					  "function": "set_nbt",
					  "tag": "{display:{Name:\"{\\\"translate\\\":\\\"item.minecraft.golden_sword\\\",\\\"color\\\":\\\"green\\\"}\"},AttributeModifiers:[{AttributeName:\"generic.attackDamage\",Name:\"generic.attackDamage\",Amount:4,Operation:0,UUIDMost:103313,UUIDLeast:741436,Slot:\"mainhand\"},{AttributeName:\"generic.attackSpeed\",Name:\"generic.attackSpeed\",Amount:-2.4,Operation:0,UUIDMost:70242,UUIDLeast:54872,Slot:\"mainhand\"},{AttributeName:\"generic.knockbackResistance\",Name:\"generic.knockbackResistance\",Amount:0.25,Operation:0,UUIDMost:71568,UUIDLeast:648338,Slot:\"mainhand\"}]}"
					}
				  ]
				},
				{
				  "type": "item",
				  "name": "minecraft:golden_sword",
				  "weight": 6,
				  "functions": [
					{
					  "function": "set_nbt",
					  "tag": "{display:{Name:\"{\\\"translate\\\":\\\"item.minecraft.golden_sword\\\",\\\"color\\\":\\\"green\\\"}\"},AttributeModifiers:[{AttributeName:\"generic.attackDamage\",Name:\"generic.attackDamage\",Amount:4,Operation:0,UUIDMost:103314,UUIDLeast:741436,Slot:\"mainhand\"},{AttributeName:\"generic.attackSpeed\",Name:\"generic.attackSpeed\",Amount:-2.4,Operation:0,UUIDMost:70243,UUIDLeast:54872,Slot:\"mainhand\"},{AttributeName:\"generic.movementSpeed\",Name:\"generic.movementSpeed\",Amount:0.1,Operation:1,UUIDMost:71569,UUIDLeast:648338,Slot:\"mainhand\"}]}"
					}
				  ]
				},
				{
				  "type": "item",
				  "name": "minecraft:golden_sword",
				  "weight": 6,
				  "functions": [
					{
					  "function": "set_nbt",
					  "tag": "{display:{Name:\"{\\\"translate\\\":\\\"item.minecraft.golden_sword\\\",\\\"color\\\":\\\"green\\\"}\"},AttributeModifiers:[{AttributeName:\"generic.attackDamage\",Name:\"generic.attackDamage\",Amount:4,Operation:0,UUIDMost:103315,UUIDLeast:741436,Slot:\"mainhand\"},{AttributeName:\"generic.attackSpeed\",Name:\"generic.attackSpeed\",Amount:-0.8,Operation:0,UUIDMost:70244,UUIDLeast:54872,Slot:\"mainhand\"}]}"
					}
				  ]
				},
				{
				  "type": "item",
				  "name": "minecraft:golden_sword",
				  "weight": 6,
				  "functions": [
					{
					  "function": "set_nbt",
					  "tag": "{display:{Name:\"{\\\"translate\\\":\\\"item.minecraft.golden_sword\\\",\\\"color\\\":\\\"green\\\"}\"},AttributeModifiers:[{AttributeName:\"generic.attackDamage\",Name:\"generic.attackDamage\",Amount:5,Operation:0,UUIDMost:103316,UUIDLeast:741436,Slot:\"mainhand\"},{AttributeName:\"generic.attackSpeed\",Name:\"generic.attackSpeed\",Amount:-2.4,Operation:0,UUIDMost:70245,UUIDLeast:54872,Slot:\"mainhand\"}]}"
					}
				  ]
				},
				{
				  "type": "item",
				  "name": "minecraft:golden_axe",
				  "weight": 6,
				  "functions": [
					{
					  "function": "set_nbt",
					  "tag": "{display:{Name:\"{\\\"translate\\\":\\\"item.minecraft.golden_axe\\\",\\\"color\\\":\\\"green\\\"}\"},AttributeModifiers:[{AttributeName:\"generic.attackDamage\",Name:\"generic.attackDamage\",Amount:7,Operation:0,UUIDMost:103312,UUIDLeast:741437,Slot:\"mainhand\"},{AttributeName:\"generic.attackSpeed\",Name:\"generic.attackSpeed\",Amount:-3,Operation:0,UUIDMost:70241,UUIDLeast:54873,Slot:\"mainhand\"},{AttributeName:\"generic.armor\",Name:\"generic.armor\",Amount:2,Operation:0,UUIDMost:71567,UUIDLeast:648331,Slot:\"mainhand\"}]}"
					}
				  ]
				},
				{
				  "type": "item",
				  "name": "minecraft:golden_axe",
				  "weight": 6,
				  "functions": [
					{
					  "function": "set_nbt",
					  "tag": "{display:{Name:\"{\\\"translate\\\":\\\"item.minecraft.golden_axe\\\",\\\"color\\\":\\\"green\\\"}\"},AttributeModifiers:[{AttributeName:\"generic.attackDamage\",Name:\"generic.attackDamage\",Amount:7,Operation:0,UUIDMost:103313,UUIDLeast:741437,Slot:\"mainhand\"},{AttributeName:\"generic.attackSpeed\",Name:\"generic.attackSpeed\",Amount:-3,Operation:0,UUIDMost:70242,UUIDLeast:54873,Slot:\"mainhand\"},{AttributeName:\"generic.knockbackResistance\",Name:\"generic.knockbackResistance\",Amount:0.25,Operation:0,UUIDMost:71568,UUIDLeast:648331,Slot:\"mainhand\"}]}"
					}
				  ]
				},
				{
				  "type": "item",
				  "name": "minecraft:golden_axe",
				  "weight": 6,
				  "functions": [
					{
					  "function": "set_nbt",
					  "tag": "{display:{Name:\"{\\\"translate\\\":\\\"item.minecraft.golden_axe\\\",\\\"color\\\":\\\"green\\\"}\"},AttributeModifiers:[{AttributeName:\"generic.attackDamage\",Name:\"generic.attackDamage\",Amount:7,Operation:0,UUIDMost:103314,UUIDLeast:741437,Slot:\"mainhand\"},{AttributeName:\"generic.attackSpeed\",Name:\"generic.attackSpeed\",Amount:-3,Operation:0,UUIDMost:70243,UUIDLeast:54873,Slot:\"mainhand\"},{AttributeName:\"generic.movementSpeed\",Name:\"generic.movementSpeed\",Amount:0.1,Operation:1,UUIDMost:71569,UUIDLeast:648331,Slot:\"mainhand\"}]}"
					}
				  ]
				},
				{
				  "type": "item",
				  "name": "minecraft:golden_axe",
				  "weight": 6,
				  "functions": [
					{
					  "function": "set_nbt",
					  "tag": "{display:{Name:\"{\\\"translate\\\":\\\"item.minecraft.golden_axe\\\",\\\"color\\\":\\\"green\\\"}\"},AttributeModifiers:[{AttributeName:\"generic.attackDamage\",Name:\"generic.attackDamage\",Amount:7,Operation:0,UUIDMost:103315,UUIDLeast:741437,Slot:\"mainhand\"},{AttributeName:\"generic.attackSpeed\",Name:\"generic.attackSpeed\",Amount:-2,Operation:0,UUIDMost:70244,UUIDLeast:54873,Slot:\"mainhand\"}]}"
					}
				  ]
				},
				{
				  "type": "item",
				  "name": "minecraft:golden_axe",
				  "weight": 6,
				  "functions": [
					{
					  "function": "set_nbt",
					  "tag": "{display:{Name:\"{\\\"translate\\\":\\\"item.minecraft.golden_axe\\\",\\\"color\\\":\\\"green\\\"}\"},AttributeModifiers:[{AttributeName:\"generic.attackDamage\",Name:\"generic.attackDamage\",Amount:8,Operation:0,UUIDMost:103316,UUIDLeast:741437,Slot:\"mainhand\"},{AttributeName:\"generic.attackSpeed\",Name:\"generic.attackSpeed\",Amount:-3,Operation:0,UUIDMost:70245,UUIDLeast:54873,Slot:\"mainhand\"}]}"
					}
				  ]
				},
				{
				  "type": "item",
				  "name": "minecraft:golden_axe",
				  "weight": 1,
				  "functions": [
					{
					  "function": "set_nbt",
					  "tag": "{display:{Name:\"{\\\"translate\\\":\\\"item.minecraft.golden_axe\\\",\\\"color\\\":\\\"blue\\\",\\\"italic\\\":\\\"false\\\"}\"},AttributeModifiers:[{AttributeName:\"generic.attackDamage\",Name:\"generic.attackDamage\",Amount:7,Operation:0,UUIDMost:398936,UUIDLeast:681683,Slot:\"mainhand\"},{AttributeName:\"generic.attackSpeed\",Name:\"generic.attackSpeed\",Amount:-3,Operation:0,UUIDMost:382267,UUIDLeast:120608,Slot:\"mainhand\"},{AttributeName:\"generic.armor\",Name:\"generic.armor\",Amount:2,Operation:0,UUIDMost:345673,UUIDLeast:754219,Slot:\"mainhand\"},{AttributeName:\"generic.knockbackResistance\",Name:\"generic.knockbackResistance\",Amount:0.25,Operation:0,UUIDMost:335458,UUIDLeast:566742,Slot:\"mainhand\"}]}"
					}
				  ]
				},
				{
				  "type": "item",
				  "name": "minecraft:golden_axe",
				  "weight": 1,
				  "functions": [
					{
					  "function": "set_nbt",
					  "tag": "{display:{Name:\"{\\\"translate\\\":\\\"item.minecraft.golden_axe\\\",\\\"color\\\":\\\"blue\\\",\\\"italic\\\":\\\"false\\\"}\"},AttributeModifiers:[{AttributeName:\"generic.attackDamage\",Name:\"generic.attackDamage\",Amount:7,Operation:0,UUIDMost:398937,UUIDLeast:681683,Slot:\"mainhand\"},{AttributeName:\"generic.attackSpeed\",Name:\"generic.attackSpeed\",Amount:-3,Operation:0,UUIDMost:382268,UUIDLeast:120608,Slot:\"mainhand\"},{AttributeName:\"generic.armor\",Name:\"generic.armor\",Amount:2,Operation:0,UUIDMost:345674,UUIDLeast:754219,Slot:\"mainhand\"},{AttributeName:\"generic.movementSpeed\",Name:\"generic.movementSpeed\",Amount:0.1,Operation:1,UUIDMost:335459,UUIDLeast:566742,Slot:\"mainhand\"}]}"
					}
				  ]
				},
				{
				  "type": "item",
				  "name": "minecraft:golden_axe",
				  "weight": 1,
				  "functions": [
					{
					  "function": "set_nbt",
					  "tag": "{display:{Name:\"{\\\"translate\\\":\\\"item.minecraft.golden_axe\\\",\\\"color\\\":\\\"blue\\\",\\\"italic\\\":\\\"false\\\"}\"},AttributeModifiers:[{AttributeName:\"generic.attackDamage\",Name:\"generic.attackDamage\",Amount:7,Operation:0,UUIDMost:398938,UUIDLeast:681683,Slot:\"mainhand\"},{AttributeName:\"generic.attackSpeed\",Name:\"generic.attackSpeed\",Amount:-2,Operation:0,UUIDMost:382269,UUIDLeast:120608,Slot:\"mainhand\"},{AttributeName:\"generic.armor\",Name:\"generic.armor\",Amount:2,Operation:0,UUIDMost:345675,UUIDLeast:754219,Slot:\"mainhand\"}]}"
					}
				  ]
				},
				{
				  "type": "item",
				  "name": "minecraft:golden_axe",
				  "weight": 1,
				  "functions": [
					{
					  "function": "set_nbt",
					  "tag": "{display:{Name:\"{\\\"translate\\\":\\\"item.minecraft.golden_axe\\\",\\\"color\\\":\\\"blue\\\",\\\"italic\\\":\\\"false\\\"}\"},AttributeModifiers:[{AttributeName:\"generic.attackDamage\",Name:\"generic.attackDamage\",Amount:8,Operation:0,UUIDMost:398939,UUIDLeast:681683,Slot:\"mainhand\"},{AttributeName:\"generic.attackSpeed\",Name:\"generic.attackSpeed\",Amount:-3,Operation:0,UUIDMost:382270,UUIDLeast:120608,Slot:\"mainhand\"},{AttributeName:\"generic.armor\",Name:\"generic.armor\",Amount:2,Operation:0,UUIDMost:345676,UUIDLeast:754219,Slot:\"mainhand\"}]}"
					}
				  ]
				},
				{
				  "type": "item",
				  "name": "minecraft:golden_axe",
				  "weight": 1,
				  "functions": [
					{
					  "function": "set_nbt",
					  "tag": "{display:{Name:\"{\\\"translate\\\":\\\"item.minecraft.golden_axe\\\",\\\"color\\\":\\\"blue\\\",\\\"italic\\\":\\\"false\\\"}\"},AttributeModifiers:[{AttributeName:\"generic.attackDamage\",Name:\"generic.attackDamage\",Amount:7,Operation:0,UUIDMost:398940,UUIDLeast:681683,Slot:\"mainhand\"},{AttributeName:\"generic.attackSpeed\",Name:\"generic.attackSpeed\",Amount:-3,Operation:0,UUIDMost:382271,UUIDLeast:120608,Slot:\"mainhand\"},{AttributeName:\"generic.movementSpeed\",Name:\"generic.movementSpeed\",Amount:0.1,Operation:1,UUIDMost:345677,UUIDLeast:754219,Slot:\"mainhand\"},{AttributeName:\"generic.knockbackResistance\",Name:\"generic.knockbackResistance\",Amount:0.25,Operation:0,UUIDMost:335450,UUIDLeast:566742,Slot:\"mainhand\"}]}"
					}
				  ]
				},
				{
				  "type": "item",
				  "name": "minecraft:golden_axe",
				  "weight": 1,
				  "functions": [
					{
					  "function": "set_nbt",
					  "tag": "{display:{Name:\"{\\\"translate\\\":\\\"item.minecraft.golden_axe\\\",\\\"color\\\":\\\"blue\\\",\\\"italic\\\":\\\"false\\\"}\"},AttributeModifiers:[{AttributeName:\"generic.attackDamage\",Name:\"generic.attackDamage\",Amount:7,Operation:0,UUIDMost:398941,UUIDLeast:681683,Slot:\"mainhand\"},{AttributeName:\"generic.attackSpeed\",Name:\"generic.attackSpeed\",Amount:-2,Operation:0,UUIDMost:382272,UUIDLeast:120608,Slot:\"mainhand\"},{AttributeName:\"generic.knockbackResistance\",Name:\"generic.knockbackResistance\",Amount:0.25,Operation:0,UUIDMost:345678,UUIDLeast:754219,Slot:\"mainhand\"}]}"
					}
				  ]
				},
				{
				  "type": "item",
				  "name": "minecraft:golden_axe",
				  "weight": 1,
				  "functions": [
					{
					  "function": "set_nbt",
					  "tag": "{display:{Name:\"{\\\"translate\\\":\\\"item.minecraft.golden_axe\\\",\\\"color\\\":\\\"blue\\\",\\\"italic\\\":\\\"false\\\"}\"},AttributeModifiers:[{AttributeName:\"generic.attackDamage\",Name:\"generic.attackDamage\",Amount:8,Operation:0,UUIDMost:398942,UUIDLeast:681683,Slot:\"mainhand\"},{AttributeName:\"generic.attackSpeed\",Name:\"generic.attackSpeed\",Amount:-3,Operation:0,UUIDMost:382273,UUIDLeast:120608,Slot:\"mainhand\"},{AttributeName:\"generic.knockbackResistance\",Name:\"generic.knockbackResistance\",Amount:0.25,Operation:0,UUIDMost:345679,UUIDLeast:754219,Slot:\"mainhand\"}]}"
					}
				  ]
				},
				{
				  "type": "item",
				  "name": "minecraft:golden_axe",
				  "weight": 1,
				  "functions": [
					{
					  "function": "set_nbt",
					  "tag": "{display:{Name:\"{\\\"translate\\\":\\\"item.minecraft.golden_axe\\\",\\\"color\\\":\\\"blue\\\",\\\"italic\\\":\\\"false\\\"}\"},AttributeModifiers:[{AttributeName:\"generic.attackDamage\",Name:\"generic.attackDamage\",Amount:7,Operation:0,UUIDMost:398943,UUIDLeast:681683,Slot:\"mainhand\"},{AttributeName:\"generic.attackSpeed\",Name:\"generic.attackSpeed\",Amount:-2,Operation:0,UUIDMost:382274,UUIDLeast:120608,Slot:\"mainhand\"},{AttributeName:\"generic.movementSpeed\",Name:\"generic.movementSpeed\",Amount:0.1,Operation:1,UUIDMost:345680,UUIDLeast:754219,Slot:\"mainhand\"}]}"
					}
				  ]
				},
				{
				  "type": "item",
				  "name": "minecraft:golden_axe",
				  "weight": 1,
				  "functions": [
					{
					  "function": "set_nbt",
					  "tag": "{display:{Name:\"{\\\"translate\\\":\\\"item.minecraft.golden_axe\\\",\\\"color\\\":\\\"blue\\\",\\\"italic\\\":\\\"false\\\"}\"},AttributeModifiers:[{AttributeName:\"generic.attackDamage\",Name:\"generic.attackDamage\",Amount:8,Operation:0,UUIDMost:398944,UUIDLeast:681683,Slot:\"mainhand\"},{AttributeName:\"generic.attackSpeed\",Name:\"generic.attackSpeed\",Amount:-3,Operation:0,UUIDMost:382275,UUIDLeast:120608,Slot:\"mainhand\"},{AttributeName:\"generic.movementSpeed\",Name:\"generic.movementSpeed\",Amount:0.1,Operation:1,UUIDMost:345681,UUIDLeast:754219,Slot:\"mainhand\"}]}"
					}
				  ]
				},
				{
				  "type": "item",
				  "name": "minecraft:golden_axe",
				  "weight": 1,
				  "functions": [
					{
					  "function": "set_nbt",
					  "tag": "{display:{Name:\"{\\\"translate\\\":\\\"item.minecraft.golden_axe\\\",\\\"color\\\":\\\"blue\\\",\\\"italic\\\":\\\"false\\\"}\"},AttributeModifiers:[{AttributeName:\"generic.attackDamage\",Name:\"generic.attackDamage\",Amount:8,Operation:0,UUIDMost:398945,UUIDLeast:681683,Slot:\"mainhand\"},{AttributeName:\"generic.attackSpeed\",Name:\"generic.attackSpeed\",Amount:-2,Operation:0,UUIDMost:382276,UUIDLeast:120608,Slot:\"mainhand\"}]}"
					}
				  ]
				},
				{
				  "type": "item",
				  "name": "minecraft:golden_axe",
				  "weight": 1,
				  "functions": [
					{
					  "function": "set_nbt",
					  "tag": "{display:{Name:\"{\\\"translate\\\":\\\"item.minecraft.golden_axe\\\",\\\"color\\\":\\\"blue\\\",\\\"italic\\\":\\\"false\\\"}\"},AttributeModifiers:[{AttributeName:\"generic.attackDamage\",Name:\"generic.attackDamage\",Amount:7,Operation:0,UUIDMost:398946,UUIDLeast:681683,Slot:\"mainhand\"},{AttributeName:\"generic.attackSpeed\",Name:\"generic.attackSpeed\",Amount:-3,Operation:0,UUIDMost:382277,UUIDLeast:120608,Slot:\"mainhand\"},{AttributeName:\"generic.armor\",Name:\"generic.armor\",Amount:4,Operation:0,UUIDMost:345682,UUIDLeast:754219,Slot:\"mainhand\"}]}"
					}
				  ]
				},
				{
				  "type": "item",
				  "name": "minecraft:golden_axe",
				  "weight": 1,
				  "functions": [
					{
					  "function": "set_nbt",
					  "tag": "{display:{Name:\"{\\\"translate\\\":\\\"item.minecraft.golden_axe\\\",\\\"color\\\":\\\"blue\\\",\\\"italic\\\":\\\"false\\\"}\"},AttributeModifiers:[{AttributeName:\"generic.attackDamage\",Name:\"generic.attackDamage\",Amount:7,Operation:0,UUIDMost:398947,UUIDLeast:681683,Slot:\"mainhand\"},{AttributeName:\"generic.attackSpeed\",Name:\"generic.attackSpeed\",Amount:-3,Operation:0,UUIDMost:382278,UUIDLeast:120608,Slot:\"mainhand\"},{AttributeName:\"generic.knockbackResistance\",Name:\"generic.knockbackResistance\",Amount:0.5,Operation:0,UUIDMost:345683,UUIDLeast:754219,Slot:\"mainhand\"}]}"
					}
				  ]
				},
				{
				  "type": "item",
				  "name": "minecraft:golden_axe",
				  "weight": 1,
				  "functions": [
					{
					  "function": "set_nbt",
					  "tag": "{display:{Name:\"{\\\"translate\\\":\\\"item.minecraft.golden_axe\\\",\\\"color\\\":\\\"blue\\\",\\\"italic\\\":\\\"false\\\"}\"},AttributeModifiers:[{AttributeName:\"generic.attackDamage\",Name:\"generic.attackDamage\",Amount:7,Operation:0,UUIDMost:398948,UUIDLeast:681683,Slot:\"mainhand\"},{AttributeName:\"generic.attackSpeed\",Name:\"generic.attackSpeed\",Amount:-3,Operation:0,UUIDMost:382279,UUIDLeast:120608,Slot:\"mainhand\"},{AttributeName:\"generic.movementSpeed\",Name:\"generic.movementSpeed\",Amount:0.2,Operation:1,UUIDMost:345684,UUIDLeast:754219,Slot:\"mainhand\"}]}"
					}
				  ]
				},
				{
				  "type": "item",
				  "name": "minecraft:golden_axe",
				  "weight": 1,
				  "functions": [
					{
					  "function": "set_nbt",
					  "tag": "{display:{Name:\"{\\\"translate\\\":\\\"item.minecraft.golden_axe\\\",\\\"color\\\":\\\"blue\\\",\\\"italic\\\":\\\"false\\\"}\"},AttributeModifiers:[{AttributeName:\"generic.attackDamage\",Name:\"generic.attackDamage\",Amount:7,Operation:0,UUIDMost:398949,UUIDLeast:681683,Slot:\"mainhand\"},{AttributeName:\"generic.attackSpeed\",Name:\"generic.attackSpeed\",Amount:0.1,Operation:0,UUIDMost:382280,UUIDLeast:120608,Slot:\"mainhand\"}]}"
					}
				  ]
				},
				{
				  "type": "item",
				  "name": "minecraft:golden_axe",
				  "weight": 1,
				  "functions": [
					{
					  "function": "set_nbt",
					  "tag": "{display:{Name:\"{\\\"translate\\\":\\\"item.minecraft.golden_axe\\\",\\\"color\\\":\\\"blue\\\",\\\"italic\\\":\\\"false\\\"}\"},AttributeModifiers:[{AttributeName:\"generic.attackDamage\",Name:\"generic.attackDamage\",Amount:9,Operation:0,UUIDMost:398950,UUIDLeast:681683,Slot:\"mainhand\"},{AttributeName:\"generic.attackSpeed\",Name:\"generic.attackSpeed\",Amount:-3,Operation:0,UUIDMost:382281,UUIDLeast:120608,Slot:\"mainhand\"}]}"
					}
				  ]
				},
				{
				  "type": "item",
				  "name": "minecraft:golden_sword",
				  "weight": 1,
				  "functions": [
					{
					  "function": "set_nbt",
					  "tag": "{display:{Name:\"{\\\"translate\\\":\\\"item.minecraft.golden_sword\\\",\\\"color\\\":\\\"blue\\\",\\\"italic\\\":\\\"false\\\"}\"},AttributeModifiers:[{AttributeName:\"generic.attackDamage\",Name:\"generic.attackDamage\",Amount:4,Operation:0,UUIDMost:398936,UUIDLeast:681682,Slot:\"mainhand\"},{AttributeName:\"generic.attackSpeed\",Name:\"generic.attackSpeed\",Amount:-2.4,Operation:0,UUIDMost:382267,UUIDLeast:120607,Slot:\"mainhand\"},{AttributeName:\"generic.armor\",Name:\"generic.armor\",Amount:2,Operation:0,UUIDMost:345673,UUIDLeast:754218,Slot:\"mainhand\"},{AttributeName:\"generic.knockbackResistance\",Name:\"generic.knockbackResistance\",Amount:0.25,Operation:0,UUIDMost:335458,UUIDLeast:566741,Slot:\"mainhand\"}]}"
					}
				  ]
				},
				{
				  "type": "item",
				  "name": "minecraft:golden_sword",
				  "weight": 1,
				  "functions": [
					{
					  "function": "set_nbt",
					  "tag": "{display:{Name:\"{\\\"translate\\\":\\\"item.minecraft.golden_sword\\\",\\\"color\\\":\\\"blue\\\",\\\"italic\\\":\\\"false\\\"}\"},AttributeModifiers:[{AttributeName:\"generic.attackDamage\",Name:\"generic.attackDamage\",Amount:4,Operation:0,UUIDMost:398937,UUIDLeast:681682,Slot:\"mainhand\"},{AttributeName:\"generic.attackSpeed\",Name:\"generic.attackSpeed\",Amount:-2.4,Operation:0,UUIDMost:382268,UUIDLeast:120607,Slot:\"mainhand\"},{AttributeName:\"generic.armor\",Name:\"generic.armor\",Amount:2,Operation:0,UUIDMost:345674,UUIDLeast:754218,Slot:\"mainhand\"},{AttributeName:\"generic.movementSpeed\",Name:\"generic.movementSpeed\",Amount:0.1,Operation:1,UUIDMost:335459,UUIDLeast:566741,Slot:\"mainhand\"}]}"
					}
				  ]
				},
				{
				  "type": "item",
				  "name": "minecraft:golden_sword",
				  "weight": 1,
				  "functions": [
					{
					  "function": "set_nbt",
					  "tag": "{display:{Name:\"{\\\"translate\\\":\\\"item.minecraft.golden_sword\\\",\\\"color\\\":\\\"blue\\\",\\\"italic\\\":\\\"false\\\"}\"},AttributeModifiers:[{AttributeName:\"generic.attackDamage\",Name:\"generic.attackDamage\",Amount:4,Operation:0,UUIDMost:398938,UUIDLeast:681682,Slot:\"mainhand\"},{AttributeName:\"generic.attackSpeed\",Name:\"generic.attackSpeed\",Amount:-0.8,Operation:0,UUIDMost:382269,UUIDLeast:120607,Slot:\"mainhand\"},{AttributeName:\"generic.armor\",Name:\"generic.armor\",Amount:2,Operation:0,UUIDMost:345675,UUIDLeast:754218,Slot:\"mainhand\"}]}"
					}
				  ]
				},
				{
				  "type": "item",
				  "name": "minecraft:golden_sword",
				  "weight": 1,
				  "functions": [
					{
					  "function": "set_nbt",
					  "tag": "{display:{Name:\"{\\\"translate\\\":\\\"item.minecraft.golden_sword\\\",\\\"color\\\":\\\"blue\\\",\\\"italic\\\":\\\"false\\\"}\"},AttributeModifiers:[{AttributeName:\"generic.attackDamage\",Name:\"generic.attackDamage\",Amount:5,Operation:0,UUIDMost:398939,UUIDLeast:681682,Slot:\"mainhand\"},{AttributeName:\"generic.attackSpeed\",Name:\"generic.attackSpeed\",Amount:-2.4,Operation:0,UUIDMost:382270,UUIDLeast:120607,Slot:\"mainhand\"},{AttributeName:\"generic.armor\",Name:\"generic.armor\",Amount:2,Operation:0,UUIDMost:345676,UUIDLeast:754218,Slot:\"mainhand\"}]}"
					}
				  ]
				},
				{
				  "type": "item",
				  "name": "minecraft:golden_sword",
				  "weight": 1,
				  "functions": [
					{
					  "function": "set_nbt",
					  "tag": "{display:{Name:\"{\\\"translate\\\":\\\"item.minecraft.golden_sword\\\",\\\"color\\\":\\\"blue\\\",\\\"italic\\\":\\\"false\\\"}\"},AttributeModifiers:[{AttributeName:\"generic.attackDamage\",Name:\"generic.attackDamage\",Amount:4,Operation:0,UUIDMost:398940,UUIDLeast:681682,Slot:\"mainhand\"},{AttributeName:\"generic.attackSpeed\",Name:\"generic.attackSpeed\",Amount:-2.4,Operation:0,UUIDMost:382271,UUIDLeast:120607,Slot:\"mainhand\"},{AttributeName:\"generic.movementSpeed\",Name:\"generic.movementSpeed\",Amount:0.1,Operation:1,UUIDMost:345677,UUIDLeast:754218,Slot:\"mainhand\"},{AttributeName:\"generic.knockbackResistance\",Name:\"generic.knockbackResistance\",Amount:0.25,Operation:0,UUIDMost:335450,UUIDLeast:566741,Slot:\"mainhand\"}]}"
					}
				  ]
				},
				{
				  "type": "item",
				  "name": "minecraft:golden_sword",
				  "weight": 1,
				  "functions": [
					{
					  "function": "set_nbt",
					  "tag": "{display:{Name:\"{\\\"translate\\\":\\\"item.minecraft.golden_sword\\\",\\\"color\\\":\\\"blue\\\",\\\"italic\\\":\\\"false\\\"}\"},AttributeModifiers:[{AttributeName:\"generic.attackDamage\",Name:\"generic.attackDamage\",Amount:4,Operation:0,UUIDMost:398941,UUIDLeast:681682,Slot:\"mainhand\"},{AttributeName:\"generic.attackSpeed\",Name:\"generic.attackSpeed\",Amount:-0.8,Operation:0,UUIDMost:382272,UUIDLeast:120607,Slot:\"mainhand\"},{AttributeName:\"generic.knockbackResistance\",Name:\"generic.knockbackResistance\",Amount:0.25,Operation:0,UUIDMost:345678,UUIDLeast:754218,Slot:\"mainhand\"}]}"
					}
				  ]
				},
				{
				  "type": "item",
				  "name": "minecraft:golden_sword",
				  "weight": 1,
				  "functions": [
					{
					  "function": "set_nbt",
					  "tag": "{display:{Name:\"{\\\"translate\\\":\\\"item.minecraft.golden_sword\\\",\\\"color\\\":\\\"blue\\\",\\\"italic\\\":\\\"false\\\"}\"},AttributeModifiers:[{AttributeName:\"generic.attackDamage\",Name:\"generic.attackDamage\",Amount:5,Operation:0,UUIDMost:398942,UUIDLeast:681682,Slot:\"mainhand\"},{AttributeName:\"generic.attackSpeed\",Name:\"generic.attackSpeed\",Amount:-2.4,Operation:0,UUIDMost:382273,UUIDLeast:120607,Slot:\"mainhand\"},{AttributeName:\"generic.knockbackResistance\",Name:\"generic.knockbackResistance\",Amount:0.25,Operation:0,UUIDMost:345679,UUIDLeast:754218,Slot:\"mainhand\"}]}"
					}
				  ]
				},
				{
				  "type": "item",
				  "name": "minecraft:golden_sword",
				  "weight": 1,
				  "functions": [
					{
					  "function": "set_nbt",
					  "tag": "{display:{Name:\"{\\\"translate\\\":\\\"item.minecraft.golden_sword\\\",\\\"color\\\":\\\"blue\\\",\\\"italic\\\":\\\"false\\\"}\"},AttributeModifiers:[{AttributeName:\"generic.attackDamage\",Name:\"generic.attackDamage\",Amount:4,Operation:0,UUIDMost:398943,UUIDLeast:681682,Slot:\"mainhand\"},{AttributeName:\"generic.attackSpeed\",Name:\"generic.attackSpeed\",Amount:-0.8,Operation:0,UUIDMost:382274,UUIDLeast:120607,Slot:\"mainhand\"},{AttributeName:\"generic.movementSpeed\",Name:\"generic.movementSpeed\",Amount:0.1,Operation:1,UUIDMost:345680,UUIDLeast:754218,Slot:\"mainhand\"}]}"
					}
				  ]
				},
				{
				  "type": "item",
				  "name": "minecraft:golden_sword",
				  "weight": 1,
				  "functions": [
					{
					  "function": "set_nbt",
					  "tag": "{display:{Name:\"{\\\"translate\\\":\\\"item.minecraft.golden_sword\\\",\\\"color\\\":\\\"blue\\\",\\\"italic\\\":\\\"false\\\"}\"},AttributeModifiers:[{AttributeName:\"generic.attackDamage\",Name:\"generic.attackDamage\",Amount:5,Operation:0,UUIDMost:398944,UUIDLeast:681682,Slot:\"mainhand\"},{AttributeName:\"generic.attackSpeed\",Name:\"generic.attackSpeed\",Amount:-2.4,Operation:0,UUIDMost:382275,UUIDLeast:120607,Slot:\"mainhand\"},{AttributeName:\"generic.movementSpeed\",Name:\"generic.movementSpeed\",Amount:0.1,Operation:1,UUIDMost:345681,UUIDLeast:754218,Slot:\"mainhand\"}]}"
					}
				  ]
				},
				{
				  "type": "item",
				  "name": "minecraft:golden_sword",
				  "weight": 1,
				  "functions": [
					{
					  "function": "set_nbt",
					  "tag": "{display:{Name:\"{\\\"translate\\\":\\\"item.minecraft.golden_sword\\\",\\\"color\\\":\\\"blue\\\",\\\"italic\\\":\\\"false\\\"}\"},AttributeModifiers:[{AttributeName:\"generic.attackDamage\",Name:\"generic.attackDamage\",Amount:5,Operation:0,UUIDMost:398945,UUIDLeast:681682,Slot:\"mainhand\"},{AttributeName:\"generic.attackSpeed\",Name:\"generic.attackSpeed\",Amount:-0.8,Operation:0,UUIDMost:382276,UUIDLeast:120607,Slot:\"mainhand\"}]}"
					}
				  ]
				},
				{
				  "type": "item",
				  "name": "minecraft:golden_sword",
				  "weight": 1,
				  "functions": [
					{
					  "function": "set_nbt",
					  "tag": "{display:{Name:\"{\\\"translate\\\":\\\"item.minecraft.golden_sword\\\",\\\"color\\\":\\\"blue\\\",\\\"italic\\\":\\\"false\\\"}\"},AttributeModifiers:[{AttributeName:\"generic.attackDamage\",Name:\"generic.attackDamage\",Amount:4,Operation:0,UUIDMost:398946,UUIDLeast:681682,Slot:\"mainhand\"},{AttributeName:\"generic.attackSpeed\",Name:\"generic.attackSpeed\",Amount:-2.4,Operation:0,UUIDMost:382277,UUIDLeast:120607,Slot:\"mainhand\"},{AttributeName:\"generic.armor\",Name:\"generic.armor\",Amount:4,Operation:0,UUIDMost:345682,UUIDLeast:754218,Slot:\"mainhand\"}]}"
					}
				  ]
				},
				{
				  "type": "item",
				  "name": "minecraft:golden_sword",
				  "weight": 1,
				  "functions": [
					{
					  "function": "set_nbt",
					  "tag": "{display:{Name:\"{\\\"translate\\\":\\\"item.minecraft.golden_sword\\\",\\\"color\\\":\\\"blue\\\",\\\"italic\\\":\\\"false\\\"}\"},AttributeModifiers:[{AttributeName:\"generic.attackDamage\",Name:\"generic.attackDamage\",Amount:4,Operation:0,UUIDMost:398947,UUIDLeast:681682,Slot:\"mainhand\"},{AttributeName:\"generic.attackSpeed\",Name:\"generic.attackSpeed\",Amount:-2.4,Operation:0,UUIDMost:382278,UUIDLeast:120607,Slot:\"mainhand\"},{AttributeName:\"generic.knockbackResistance\",Name:\"generic.knockbackResistance\",Amount:0.5,Operation:0,UUIDMost:345683,UUIDLeast:754218,Slot:\"mainhand\"}]}"
					}
				  ]
				},
				{
				  "type": "item",
				  "name": "minecraft:golden_sword",
				  "weight": 1,
				  "functions": [
					{
					  "function": "set_nbt",
					  "tag": "{display:{Name:\"{\\\"translate\\\":\\\"item.minecraft.golden_sword\\\",\\\"color\\\":\\\"blue\\\",\\\"italic\\\":\\\"false\\\"}\"},AttributeModifiers:[{AttributeName:\"generic.attackDamage\",Name:\"generic.attackDamage\",Amount:4,Operation:0,UUIDMost:398948,UUIDLeast:681682,Slot:\"mainhand\"},{AttributeName:\"generic.attackSpeed\",Name:\"generic.attackSpeed\",Amount:-2.4,Operation:0,UUIDMost:382279,UUIDLeast:120607,Slot:\"mainhand\"},{AttributeName:\"generic.movementSpeed\",Name:\"generic.movementSpeed\",Amount:0.2,Operation:1,UUIDMost:345684,UUIDLeast:754218,Slot:\"mainhand\"}]}"
					}
				  ]
				},
				{
				  "type": "item",
				  "name": "minecraft:golden_sword",
				  "weight": 1,
				  "functions": [
					{
					  "function": "set_nbt",
					  "tag": "{display:{Name:\"{\\\"translate\\\":\\\"item.minecraft.golden_sword\\\",\\\"color\\\":\\\"blue\\\",\\\"italic\\\":\\\"false\\\"}\"},AttributeModifiers:[{AttributeName:\"generic.attackDamage\",Name:\"generic.attackDamage\",Amount:4,Operation:0,UUIDMost:398949,UUIDLeast:681682,Slot:\"mainhand\"},{AttributeName:\"generic.attackSpeed\",Name:\"generic.attackSpeed\",Amount:2.4,Operation:0,UUIDMost:382280,UUIDLeast:120607,Slot:\"mainhand\"}]}"
					}
				  ]
				},
				{
				  "type": "item",
				  "name": "minecraft:golden_sword",
				  "weight": 1,
				  "functions": [
					{
					  "function": "set_nbt",
					  "tag": "{display:{Name:\"{\\\"translate\\\":\\\"item.minecraft.golden_sword\\\",\\\"color\\\":\\\"blue\\\",\\\"italic\\\":\\\"false\\\"}\"},AttributeModifiers:[{AttributeName:\"generic.attackDamage\",Name:\"generic.attackDamage\",Amount:6,Operation:0,UUIDMost:398950,UUIDLeast:681682,Slot:\"mainhand\"},{AttributeName:\"generic.attackSpeed\",Name:\"generic.attackSpeed\",Amount:-2.4,Operation:0,UUIDMost:382281,UUIDLeast:120607,Slot:\"mainhand\"}]}"
					}
				  ]
				},
				{
				  "type": "item",
				  "name": "minecraft:golden_sword",
				  "weight": 4,
				  "functions": [
					{
					  "function": "set_nbt",
					  "tag": "{display:{Name:\"{\\\"text\\\":\\\"Katana\\\",\\\"color\\\":\\\"dark_purple\\\",\\\"italic\\\":\\\"false\\\"}\",Lore:[\"Vampirique\"]},RepairCost:20}"
					}
				  ]
				},
				{
				  "type": "item",
				  "name": "minecraft:feather",
				  "weight": 6,
				  "functions": [
					{
					  "function": "set_nbt",
					  "tag": "{display:{Name:\"{\\\"text\\\":\\\"Plume enchantée\\\",\\\"color\\\":\\\"blue\\\",\\\"italic\\\":\\\"false\\\"}\"},AttributeModifiers:[{AttributeName:\"generic.movementSpeed\",Name:\"generic.movementSpeed\",Amount:0.2,Operation:1,UUIDMost:15220,UUIDLeast:249745,Slot:\"offhand\"}]}"
					}
				  ]
				},
				{
				  "type": "item",
				  "name": "minecraft:feather",
				  "weight": 4,
				  "functions": [
					{
					  "function": "set_nbt",
					  "tag": "{display:{Name:\"{\\\"text\\\":\\\"Plume enchantée légère\\\",\\\"color\\\":\\\"dark_purple\\\",\\\"italic\\\":\\\"false\\\"}\"},AttributeModifiers:[{AttributeName:\"generic.movementSpeed\",Name:\"generic.movementSpeed\",Amount:0.4,Operation:1,UUIDMost:15220,UUIDLeast:249746,Slot:\"offhand\"}]}"
					}
				  ]
				},
				{
				  "type": "item",
				  "name": "minecraft:feather",
				  "weight": 1,
				  "functions": [
					{
					  "function": "set_nbt",
					  "tag": "{display:{Name:\"{\\\"text\\\":\\\"Plume enchantée ultra-légère\\\",\\\"color\\\":\\\"gold\\\",\\\"italic\\\":\\\"false\\\",\\\"bold\\\":\\\"true\\\"}\"},AttributeModifiers:[{AttributeName:\"generic.movementSpeed\",Name:\"generic.movementSpeed\",Amount:0.6,Operation:1,UUIDMost:15220,UUIDLeast:249747,Slot:\"offhand\"}]}"
					}
				  ]
				},
				{
				  "type": "item",
				  "name": "minecraft:shield",
				  "weight": 6,
				  "functions": [
					{
					  "function": "set_nbt",
					  "tag": "{display:{Name:\"{\\\"text\\\":\\\"Écu\\\",\\\"color\\\":\\\"blue\\\",\\\"italic\\\":\\\"false\\\"}\"},AttributeModifiers:[{AttributeName:\"generic.armorToughness\",Name:\"generic.armorToughness\",Amount:2,Operation:0,UUIDMost:14319,UUIDLeast:249846,Slot:\"offhand\"}]}"
					}
				  ]
				},
				{
				  "type": "item",
				  "name": "minecraft:shield",
				  "weight": 4,
				  "functions": [
					{
					  "function": "set_nbt",
					  "tag": "{display:{Name:\"{\\\"text\\\":\\\"Rondache\\\",\\\"color\\\":\\\"dark_purple\\\",\\\"italic\\\":\\\"false\\\"}\"},AttributeModifiers:[{AttributeName:\"generic.armorToughness\",Name:\"generic.armorToughness\",Amount:3,Operation:0,UUIDMost:14319,UUIDLeast:249446,Slot:\"offhand\"}]}"
					}
				  ]
				},
				{
				  "type": "item",
				  "name": "minecraft:shield",
				  "weight": 1,
				  "functions": [
					{
					  "function": "set_nbt",
					  "tag": "{display:{Name:\"{\\\"text\\\":\\\"Égide\\\",\\\"color\\\":\\\"gold\\\",\\\"italic\\\":\\\"false\\\",\\\"bold\\\":\\\"true\\\"}\"},AttributeModifiers:[{AttributeName:\"generic.armorToughness\",Name:\"generic.armorToughness\",Amount:4,Operation:0,UUIDMost:14319,UUIDLeast:249346,Slot:\"offhand\"}]}"
					}
				  ]
				}
            ]
        }
    ]
}