{
  "parent": "minecraft:nether/get_wither_skull",
  "display": {
    "icon": {
      "item": "minecraft:nether_star"
    },
    "title": {
      "translate": "advancements.nether.summon_wither.title"
    },
    "description": {
      "translate": "advancements.nether.summon_wither.description"
    },
    "frame": "task",
    "show_toast": true,
    "announce_to_chat": true,
    "hidden": false
  },
  "rewards": {
    "recipes": [
      "minecraft:ender_eye"
    ]
  },
  "criteria": {
    "summoned": {
      "trigger": "minecraft:summoned_entity",
      "conditions": {
        "entity": {
          "type": "minecraft:wither"
        }
      }
    }
  },
  "requirements": [
    [
      "summoned"
    ]
  ]
}