{
  "parent": "minecraft:husbandry/plant_seed",
  "display": {
    "icon": {
      "item": "minecraft:diamond_hoe"
    },
    "title": {
      "translate": "advancements.husbandry.break_diamond_hoe.title"
    },
    "description": {
      "translate": "advancements.husbandry.break_diamond_hoe.description"
    },
    "frame": "challenge",
    "show_toast": true,
    "announce_to_chat": true,
    "hidden": false
  },
  "rewards": {
    "experience": 100
  },
  "criteria": {
    "broke_hoe": {
      "trigger": "minecraft:item_durability_changed",
      "conditions": {
        "item": {
          "item": "minecraft:diamond_hoe"
        },
        "durability": -1
      }
    }
  },
  "requirements": [
    [
      "broke_hoe"
    ]
  ]
}