{
  "parent": "minecraft:husbandry/root",
  "display": {
    "icon": {
      "item": "minecraft:fishing_rod"
    },
    "title": {
      "translate": "advancements.husbandry.fishy_business.title"
    },
    "description": {
      "translate": "advancements.husbandry.fishy_business.description"
    },
    "frame": "task",
    "show_toast": true,
    "announce_to_chat": true,
    "hidden": false
  },
  "rewards": {
    "recipes": [
      "minecraft:cooked_cod"
    ]
  },
  "criteria": {
    "cod": {
      "trigger": "minecraft:fishing_rod_hooked",
      "conditions": {
        "item": {
          "item": "minecraft:cod"
        }
      }
    },
    "tropical_fish": {
      "trigger": "minecraft:fishing_rod_hooked",
      "conditions": {
        "item": {
          "item": "minecraft:tropical_fish"
        }
      }
    },
    "pufferfish": {
      "trigger": "minecraft:fishing_rod_hooked",
      "conditions": {
        "item": {
          "item": "minecraft:pufferfish"
        }
      }
    },
    "salmon": {
      "trigger": "minecraft:fishing_rod_hooked",
      "conditions": {
        "item": {
          "item": "minecraft:salmon"
        }
      }
    }
  },
  "requirements": [
    [
      "cod",
      "tropical_fish",
      "pufferfish",
      "salmon"
    ]
  ]
}