{
  "parent": "minecraft:husbandry/fishy_business",
  "display": {
    "icon": {
      "item": "minecraft:pufferfish_bucket"
    },
    "title": {
      "translate": "advancements.husbandry.tactical_fishing.title"
    },
    "description": {
      "translate": "advancements.husbandry.tactical_fishing.description"
    },
    "frame": "task",
    "show_toast": true,
    "announce_to_chat": true,
    "hidden": false
  },
  "rewards": {
    "recipes": [
      "minecraft:oak_boat"
    ]
  },
  "criteria": {
    "cod_bucket": {
      "trigger": "minecraft:filled_bucket",
      "conditions": {
        "item": {
          "item": "minecraft:cod_bucket"
        }
      }
    },
    "tropical_fish_bucket": {
      "trigger": "minecraft:filled_bucket",
      "conditions": {
        "item": {
          "item": "minecraft:tropical_fish_bucket"
        }
      }
    },
    "pufferfish_bucket": {
      "trigger": "minecraft:filled_bucket",
      "conditions": {
        "item": {
          "item": "minecraft:pufferfish_bucket"
        }
      }
    },
    "salmon_bucket": {
      "trigger": "minecraft:filled_bucket",
      "conditions": {
        "item": {
          "item": "minecraft:salmon_bucket"
        }
      }
    }
  },
  "requirements": [
    [
      "cod_bucket",
      "tropical_fish_bucket",
      "pufferfish_bucket",
      "salmon_bucket"
    ]
  ]
}